pattern_id,route_id,first_stop_id,last_stop_id,canonical_trip_id,stop_count,daily_departures,observed_intervals,median_headway_min,p10_headway_min,p90_headway_min,first_departure,last_departure,route_headway_fallback_min,headway_source,expected_initial_wait_min,route_short_name,route_long_name,route_type
P_00164b4736be262c,BR_1100_114900001,BS_1100_114900082,BS_1100_114900083,BR_1100_114900001_Ord001,34,183,182,6.0,6.0,6.0,05:30:00,23:40:00,6.0,pattern_median,3.0,양천01,-,0
P_0033fb288dd39464,BR_TAGO_GGB213000009,BS_TAGO_GGB224000108,BS_TAGO_GGB224001171,BR_TAGO_GGB213000009_Ord002,124,109,108,10.0,10.0,10.0,04:55:00,22:50:00,10.0,pattern_median,5.0,39,-,0
P_003b41e2b709c9bb,BR_1100_100100252,BS_1100_120000225,BS_1100_120000664,BR_1100_100100252_Ord001,32,121,120,9.0,9.0,9.0,05:30:00,23:30:00,9.0,pattern_median,4.5,5515,-,0
P_00a604be30cc1954,BR_1100_100100104,BS_1100_218000558,BS_1100_218000559,BR_1100_100100104_Ord001,70,164,163,7.0,7.0,7.0,04:00:00,23:00:00,7.0,pattern_median,3.5,702A서오릉,-,0
P_011ba54d374acf8d,BR_TAGO_GGB232000094,BS_TAGO_GGB232000823,BS_TAGO_GGB232000074,BR_TAGO_GGB232000094_Ord002,20,57,56,20.0,20.0,20.0,04:30:00,23:10:00,20.0,pattern_median,10.0,G6001,-,0
P_013079e916b03667,RR_ACC1_S-1-1-7U,RS_ACC1_S-1-1728,RS_ACC1_S-1-0158,RR_ACC1_S-1-1-7U_Ord004,32,1,0,80.0,,,19:33:00,19:33:00,80.0,route_median,40.0,서울 1호선,서울 1호선(청량리-신창(순천향대))(급행)<상행>,1
P_016009c1fe229096,BR_TAGO_GGB234001714,BS_TAGO_GGB104000139,BS_TAGO_GGB207000420,BR_TAGO_GGB234001714_Ord001,9,2,1,30.0,30.0,30.0,18:30:00,19:00:00,30.0,pattern_median,15.0,P9402(퇴근),-,0
P_0185c0f6c07ae8d0,BR_TAGO_GGB204000065,BS_TAGO_GGB122000065,BS_TAGO_GGB206000170,BR_TAGO_GGB204000065_Ord001,43,2,1,1045.0,1045.0,1045.0,06:05:00,23:30:00,25.0,pattern_median,522.5,9607,-,0
P_019cc2e6e16e647d,BR_1100_104900005,BS_1100_104900058,BS_1100_104900063,BR_1100_104900005_Ord001,44,88,87,12.0,12.0,12.0,06:00:00,23:25:00,12.0,pattern_median,6.0,광진01,-,0
P_01c858563a6f0df1,BR_TAGO_GGB239000135,BS_TAGO_GGB239000270,BS_TAGO_GGB239000270,BR_TAGO_GGB239000135_Ord002,212,3,2,345.0,325.0,365.0,06:15:00,17:45:00,160.0,pattern_median,172.5,1330-3,-,0
P_01c91e22ea751753,BR_1100_121900009,BS_1100_121900114,BS_1100_121900108,BR_1100_121900009_Ord001,15,40,39,25.0,25.0,25.0,06:00:00,22:00:00,25.0,pattern_median,12.5,서초01,-,0
P_01f4bda1e80b1cfd,BR_1100_100100499,BS_1100_111000907,BS_1100_111000315,BR_1100_100100499_Ord001,141,92,91,12.0,12.0,12.0,04:00:00,22:10:00,12.0,pattern_median,6.0,7212,-,0
P_020ecca3753a11e1,RR_ACC1_S-1-1-2D,RS_ACC1_S-1-0158,RS_ACC1_S-1-1728,RR_ACC1_S-1-1-2D_Ord010,46,6,5,108.0,68.4,350.2,06:56:00,22:01:00,19.0,pattern_median,54.0,서울 1호선,서울 1호선(광운대-신창(순천향대))<하행>,1
P_021e0260df7a462e,BR_TAGO_GGB200000104,BS_TAGO_GGB201000448,BS_TAGO_GGB201000447,BR_TAGO_GGB200000104_Ord002,58,104,103,12.0,12.0,12.0,04:30:00,25:00:00,12.0,pattern_median,6.0,3000,-,0
P_022fd708bbcd0190,BR_1100_101900001,BS_1100_101900001,BS_1100_103900106,BR_1100_101900001_Ord001,22,107,106,10.0,10.0,10.0,05:55:00,23:36:00,10.0,pattern_median,5.0,성동05,-,0
P_02325ce0c8857556,BR_TAGO_GGB222000030,BS_TAGO_GGB222000796,BS_TAGO_GGB222000797,BR_TAGO_GGB222000030_Ord002,117,49,48,20.0,20.0,20.0,05:25:00,21:20:00,20.0,pattern_median,10.0,65-1,-,0
P_02715941964643e1,BR_TAGO_GGB222000048,BS_TAGO_GGB222000267,BS_TAGO_GGB222000268,BR_TAGO_GGB222000048_Ord002,100,74,73,15.0,15.0,15.0,05:20:00,23:30:00,15.0,pattern_median,7.5,166-1,-,0
P_02725c92194ed7a9,BR_1100_109900001,BS_1100_109000118,BS_1100_109900008,BR_1100_109900001_Ord001,39,92,91,12.0,12.0,12.0,00:00:00,23:48:00,12.0,pattern_median,6.0,도봉01,-,0
P_02a49aa2ce04c6d3,BR_TAGO_GGB216000044,BS_TAGO_GGB165000924,BS_TAGO_GGB165000838,BR_TAGO_GGB216000044_Ord002,23,72,71,15.0,15.0,15.0,05:50:00,23:30:00,15.0,pattern_median,7.5,M6410,-,0
P_02b16af63d23418f,BR_TAGO_GGB207000103,BS_TAGO_GGB111000165,BS_TAGO_GGB207000340,BR_TAGO_GGB207000103_Ord001,53,2,1,1045.0,1045.0,1045.0,06:05:00,23:30:00,20.0,pattern_median,522.5,360,-,0
P_02d5f2dbc549b6de,BR_1100_100100602,BS_1100_114000395,BS_1100_114000267,BR_1100_100100602_Ord001,47,81,80,14.0,14.0,14.0,04:30:00,23:10:00,14.0,pattern_median,7.0,6640B,-,0
P_02e00b739f27a79d,RR_ACC1_S-1-KJ-2D,RS_ACC1_S-1-1003,RS_ACC1_S-1-1219,RR_ACC1_S-1-KJ-2D_Ord002,28,4,3,353.0,91.4,407.4,05:00:00,18:20:00,13.0,pattern_median,176.5,경의중앙선,경의중앙선(문산-지평)<하행>,1
P_02fa6f794cfb1959,BR_TAGO_GGB213000016,BS_TAGO_GGB213000048,BS_TAGO_GGB213000070,BR_TAGO_GGB213000016_Ord002,76,183,182,6.0,6.0,6.0,05:10:00,23:20:00,6.0,pattern_median,3.0,101,-,0
P_02ff68189ba2ff8b,BR_TAGO_GGB224000029,BS_TAGO_GGB224000856,BS_TAGO_GGB224000855,BR_TAGO_GGB224000029_Ord002,162,69,68,15.0,15.0,15.0,05:00:00,22:00:00,15.0,pattern_median,7.5,530,-,0
P_030cb2c68c196c29,BR_TAGO_GGB216000021,BS_TAGO_GGB118000198,BS_TAGO_GGB216000672,BR_TAGO_GGB216000021_Ord001,65,2,1,1130.0,1130.0,1130.0,05:20:00,24:10:00,40.0,pattern_median,565.0,301,-,0
P_03a7e30fd0d5765c,BR_1100_121900013,BS_1100_121900258,BS_1100_121900120,BR_1100_121900013_Ord001,51,95,94,11.0,11.0,11.0,06:00:00,23:10:00,11.0,pattern_median,5.5,서초13,-,0
P_0431ac94c30e1e4e,BR_TAGO_GGB216000046,BS_TAGO_GGB233003145,BS_TAGO_GGB233003144,BR_TAGO_GGB216000046_Ord002,65,110,109,10.0,10.0,10.0,05:10:00,23:20:00,10.0,pattern_median,5.0,5609,-,0
P_0444a5ab584b66f2,BR_1100_119900008,BS_1100_119900078,BS_1100_119900111,BR_1100_119900008_Ord001,33,45,44,23.0,23.0,23.0,06:00:00,22:55:00,23.0,pattern_median,11.5,동작19,-,0
P_04752f05159d50d0,BR_TAGO_GGB234001286,BS_TAGO_GGB203000287,BS_TAGO_GGB203000286,BR_TAGO_GGB234001286_Ord002,20,54,53,20.0,20.0,20.0,05:10:00,22:50:00,20.0,pattern_median,10.0,M5115,-,0
P_0479199c92b87e3d,BR_TAGO_GGB230000184,BS_TAGO_GGB121000005,BS_TAGO_GGB230000205,BR_TAGO_GGB230000184_Ord001,13,2,1,1019.65,1019.65,1019.65,06:44:32,23:44:11,15.0,pattern_median,509.825,3401,-,0
P_049890b691dae1fe,BR_TAGO_GGB207000101,BS_TAGO_GGB207000427,BS_TAGO_GGB207000330,BR_TAGO_GGB207000101_Ord002,72,109,108,10.0,10.0,10.0,05:20:56,23:20:51,10.0,pattern_median,5.0,1-8,-,0
P_04a5e11ae01f3095,BR_TAGO_GGB200000325,BS_TAGO_GGB201000448,BS_TAGO_GGB201000447,BR_TAGO_GGB200000325_Ord002,20,55,54,20.0,20.0,20.0,05:41:02,23:31:02,20.0,pattern_median,10.0,M5443,-,0
P_04b5c79735bb7c32,RR_ACC1_S-1-1-1U,RS_ACC1_S-1-1812,RS_ACC1_S-1-1915,RR_ACC1_S-1-1-1U_Ord001,61,12,11,41.0,13.0,105.0,05:20:00,21:08:00,8.0,pattern_median,20.5,서울 1호선,서울 1호선(소요산-인천)<상행>,1
P_04c6957468955b3c,BR_TAGO_GGB234000015,BS_TAGO_GGB123000004,BS_TAGO_GGB233000575,BR_TAGO_GGB234000015_Ord001,64,2,1,1045.1833333333334,1045.1833333333334,1045.1833333333334,06:11:46,23:36:57,10.0,pattern_median,522.5916666666667,1007,-,0
P_04d1792a91bb0d0e,BR_TAGO_GGB234000058,BS_TAGO_GGB104000064,BS_TAGO_GGB236001329,BR_TAGO_GGB234000058_Ord001,90,2,1,1074.6333333333334,1074.6333333333334,1074.6333333333334,05:57:12,23:51:50,20.0,pattern_median,537.3166666666667,92,-,0
P_04e1b6247da7ba78,BR_1100_121900003,BS_1100_121900011,BS_1100_121900004,BR_1100_121900003_Ord001,38,80,79,13.0,13.0,13.0,06:00:00,23:00:00,13.0,pattern_median,6.5,서초10,-,0
P_04eaa74f3411d92a,RR_ACC1_S-1-1-1U,RS_ACC1_S-1-1019,RS_ACC1_S-1-1909,RR_ACC1_S-1-1-1U_Ord100,13,2,1,657.0,657.0,657.0,05:18:00,16:15:00,8.0,pattern_median,328.5,서울 1호선,서울 1호선(소요산-인천)<상행>,1
P_04ec1edc317d67f7,BR_1100_100100309,BS_1100_115000321,BS_1100_115000320,BR_1100_100100309_Ord001,66,102,101,11.0,11.0,11.0,04:30:00,23:00:00,11.0,pattern_median,5.5,6632,-,0
P_053c9ff3320040cd,BR_TAGO_GGB234001619,BS_TAGO_GGB121000005,BS_TAGO_GGB233003126,BR_TAGO_GGB234001619_Ord001,11,2,1,1074.7333333333333,1074.7333333333333,1074.7333333333333,06:05:10,23:59:54,10.0,pattern_median,537.3666666666667,M4434,-,0
P_05600b072fb58a3e,RR_ACC1_S-1-9-2D,RS_ACC1_S-1-4138,RS_ACC1_S-1-4115,RR_ACC1_S-1-9-2D_Ord127,24,1,0,11.0,,,24:08:40,24:08:40,11.0,route_median,5.5,서울 9호선,서울 9호선(개화-중앙보훈병원)<하행>,1
P_0564f9419b62547f,BR_1100_115000005,BS_1100_115000037,BS_1100_115000036,BR_1100_115000005_Ord001,77,75,74,15.0,15.0,15.0,04:30:00,23:00:00,15.0,pattern_median,7.5,6648,-,0
P_056846611b1e461e,BR_TAGO_GGB234000148,BS_TAGO_GGB101000128,BS_TAGO_GGB203000253,BR_TAGO_GGB234000148_Ord001,29,2,1,1070.5,1070.5,1070.5,06:11:07,24:01:37,30.0,pattern_median,535.25,5500-2,-,0
P_057308081a15a0f5,RR_ACC1_S-1-5-3U,RS_ACC1_S-1-2531,RS_ACC1_S-1-2511,RR_ACC1_S-1-5-3U_Ord002,21,1,0,3.5,,,05:37:00,05:37:00,3.5,route_median,1.75,서울 5호선,서울 5호선(방화-강동)<상행>,1
P_05ac634f793e73e6,BR_TAGO_GGB222000186,BS_TAGO_GGB110000646,BS_TAGO_GGB222001057,BR_TAGO_GGB222000186_Ord001,26,2,1,1100.0,1100.0,1100.0,05:55:00,24:15:00,15.0,pattern_median,550.0,105-1,-,0
P_05acd99a10d432bb,BR_TAGO_GGB222000031,BS_TAGO_GGB222000796,BS_TAGO_GGB222000797,BR_TAGO_GGB222000031_Ord002,140,110,109,10.0,10.0,10.0,05:00:00,23:10:00,10.0,pattern_median,5.0,65,-,0
P_05d560d98c145532,BR_TAGO_GGB213000003,BS_TAGO_GGB117000225,BS_TAGO_GGB213000044,BR_TAGO_GGB213000003_Ord001,32,2,1,1090.0,1090.0,1090.0,05:50:00,24:00:00,7.0,pattern_median,545.0,27,-,0
P_0629e606692175d7,BR_TAGO_GGB207000104,BS_TAGO_GGB100000388,BS_TAGO_GGB207000394,BR_TAGO_GGB207000104_Ord056,13,1,0,20.0,,,24:25:21,24:25:21,20.0,route_median,10.0,1102,-,0
P_064062a728cc6280,BR_1100_104000012,BS_1100_102000317,BS_1100_102000318,BR_1100_104000012_Ord001,95,79,78,14.0,14.0,14.0,04:20:00,22:30:00,14.0,pattern_median,7.0,0411,-,0
P_0660e1dc4000c5d7,BR_1100_100100612,BS_1100_123000586,BS_1100_123000585,BR_1100_100100612_Ord001,87,113,112,10.0,10.0,10.0,04:20:00,23:00:00,10.0,pattern_median,5.0,3426,-,0
P_06b44f1010dc319b,RR_ACC1_S-1-4-2U,RS_ACC1_S-1-1751,RS_ACC1_S-1-0409,RR_ACC1_S-1-4-2U_Ord001,36,1,0,7.0,,,05:14:00,05:14:00,7.0,route_median,3.5,서울 4호선,서울 4호선(안산-오이도)<상행>,1
P_06d311d33d4b2356,RR_ACC1_S-1-4-4U,RS_ACC1_S-1-0426,RS_ACC1_S-1-0405,RR_ACC1_S-1-4-4U_Ord001,21,1,0,14.0,,,05:33:00,05:33:00,14.0,route_median,7.0,서울 4호선,서울 4호선(진접-사당)<상행>,1
P_06f17f2531a1fb16,RR_ACC1_S-1-5-3U,RS_ACC1_S-1-2549,RS_ACC1_S-1-2511,RR_ACC1_S-1-5-3U_Ord005,39,1,0,3.5,,,05:32:00,05:32:00,3.5,route_median,1.75,서울 5호선,서울 5호선(방화-강동)<상행>,1
P_0731b2c87df0833c,BR_1100_111900005,BS_1100_111900129,BS_1100_111900133,BR_1100_111900005_Ord001,34,106,105,10.0,10.0,10.0,06:00:00,23:25:00,10.0,pattern_median,5.0,은평05,-,0
P_0758fad1e6601723,BR_1100_100100156,BS_1100_110000308,BS_1100_110000385,BR_1100_100100156_Ord001,54,72,71,16.0,16.0,16.0,05:00:00,23:50:00,16.0,pattern_median,8.0,1141,-,0
P_07bbc0c730552874,RR_ACC1_S-1-9-2U,RS_ACC1_S-1-4101,RS_ACC1_S-1-4125,RR_ACC1_S-1-9-2U_Ord127,25,1,0,11.0,,,24:04:00,24:04:00,11.0,route_median,5.5,서울 9호선,서울 9호선(개화-중앙보훈병원)<상행>,1
P_07e9d65e18401f43,RR_ACC1_S-1-6-1,RS_ACC1_S-1-2648,RS_ACC1_S-1-2614,RR_ACC1_S-1-6-1_Ord034,248,1,0,8.5,,,16:24:00,16:24:00,8.5,route_median,4.25,서울 6호선,서울 6호선(신내-응암),1
P_08336ed7876c9cc7,BR_TAGO_GGB234000069,BS_TAGO_GGB104000056,BS_TAGO_GGB228000349,BR_TAGO_GGB234000069_Ord001,54,2,1,1069.5833333333333,1069.5833333333333,1069.5833333333333,06:11:42,24:01:17,20.0,pattern_median,534.7916666666666,1117,-,0
P_0840508a44b3020c,RR_ACC1_S-1-2-3D,RS_ACC1_S-1-0211,RS_ACC1_S-1-0239,RR_ACC1_S-1-2-3D_Ord038,201,1,0,7.0,,,17:58:00,17:58:00,7.0,route_median,3.5,서울 2호선,서울 2호선(본선)<내선>,1
P_086006d58b7ef818,BR_TAGO_GGB232000092,BS_TAGO_GGB232000847,BS_TAGO_GGB232000844,BR_TAGO_GGB232000092_Ord002,22,126,125,9.0,9.0,9.0,04:40:00,23:20:00,9.0,pattern_median,4.5,7000,-,0
P_089195bb5e1681da,BR_1100_107900013,BS_1100_107900278,BS_1100_107900133,BR_1100_107900013_Ord001,13,110,109,10.0,10.0,10.0,05:40:00,23:50:00,10.0,pattern_median,5.0,성북07,-,0
P_08a03a385d3d3701,BR_1100_100100579,BS_1100_123000661,BS_1100_123000659,BR_1100_100100579_Ord001,89,94,93,12.0,12.0,12.0,04:00:00,22:30:00,12.0,pattern_median,6.0,3420,-,0
P_08bd9082495bffb1,RR_ACC1_S-1-1-10D,RS_ACC1_S-1-0150,RS_ACC1_S-1-1728,RR_ACC1_S-1-1-10D_Ord001,14,1,0,18.0,,,18:26:00,18:26:00,,global_median,9.0,서울 1호선,서울 1호선(서울역-천안)(급행)<하행>,1
P_08de0243a12cf083,BR_TAGO_GGB216000043,BS_TAGO_GGB121000920,BS_TAGO_GGB217000289,BR_TAGO_GGB216000043_Ord001,39,2,1,1044.0166666666667,1044.0166666666667,1044.0166666666667,07:12:35,24:36:36,20.0,pattern_median,522.0083333333333,3101,-,0
P_0900ac63e9c98197,BR_TAGO_GGB234001290,BS_TAGO_GGB233001214,BS_TAGO_GGB233001213,BR_TAGO_GGB234001290_Ord002,64,36,35,30.0,30.0,30.0,05:30:00,22:50:00,30.0,pattern_median,15.0,1551B,-,0
P_0904a32dcd77a6f9,RR_ACC1_S-1-GC-3D,RS_ACC1_S-1-1014,RS_ACC1_S-1-1329,RR_ACC1_S-1-GC-3D_Ord001,14,3,2,398.5,228.5,568.5,08:25:00,21:42:00,398.5,pattern_median,199.25,경춘선,경춘선(청량리-춘천)(급행)<하행>,1
P_091e6064cfe7c544,BR_TAGO_GGB236000149,BS_TAGO_GGB236000167,BS_TAGO_GGB105000480,BR_TAGO_GGB236000149_Ord001,44,1,0,15.0,,,06:21:01,06:21:01,15.0,route_median,7.5,3200,-,0
P_094cd7bdb27e5051,BR_1100_119900022,BS_1100_119000022,BS_1100_119000021,BR_1100_119900022_Ord001,41,69,68,16.0,16.0,16.0,05:50:00,23:50:00,16.0,pattern_median,8.0,동작05,-,0
P_09573b9551084178,BR_1100_100100254,BS_1100_120000236,BS_1100_120000237,BR_1100_100100254_Ord001,92,84,83,13.0,13.0,13.0,04:30:00,22:30:00,13.0,pattern_median,6.5,5517,-,0
P_095b338a52ebefa3,BR_TAGO_GGB239000139,BS_TAGO_GGB239000282,BS_TAGO_GGB239000607,BR_TAGO_GGB239000139_Ord001,79,6,5,210.0,132.0,210.0,06:30:00,21:50:00,210.0,pattern_median,105.0,7000,-,0
P_09a92602c02bc311,BR_1100_100100170,BS_1100_107000269,BS_1100_107000506,BR_1100_100100170_Ord001,38,113,112,10.0,10.0,10.0,05:00:00,23:40:00,10.0,pattern_median,5.0,1162,-,0
P_0a1935aebf4cc881,BR_3100_241340008,BS_TAGO_GGB221000052,BS_TAGO_GGB221000053,BR_3100_241340008_Ord001,37,37,36,30.0,30.0,30.0,05:30:00,23:20:00,30.0,pattern_median,15.0,3,-,0
P_0a2719fa0aac4446,BR_1100_100100020,BS_1100_109000068,BS_1100_109000228,BR_1100_100100020_Ord001,105,103,102,11.0,11.0,11.0,04:00:00,22:40:00,11.0,pattern_median,5.5,141,-,0
P_0a3395d9aca1c8a3,BR_TAGO_GGB228000413,BS_TAGO_GGB101000148,BS_TAGO_GGB228001821,BR_TAGO_GGB228000413_Ord001,19,2,1,1128.8833333333334,1128.8833333333334,1128.8833333333334,06:42:39,25:31:32,35.0,pattern_median,564.4416666666667,4101,-,0
P_0a9f1a2617f3fb0f,RR_ACC1_S-1-SD-8D,RS_ACC1_S-1-1013,RS_ACC1_S-1-1862,RR_ACC1_S-1-SD-8D_Ord001,24,66,65,14.0,4.4,23.800000000000004,07:46:00,23:35:00,14.0,pattern_median,7.0,수인분당선,수인분당선(왕십리-죽전)<하행>,1
P_0aa5ab2ba10daf25,BR_TAGO_GGB212000002,BS_TAGO_GGB212000232,BS_TAGO_GGB212000230,BR_TAGO_GGB212000002_Ord002,113,150,149,8.0,8.0,8.0,04:10:00,24:00:00,8.0,pattern_median,4.0,83,-,0
P_0aa66a34e4b719e2,BR_1100_112900014,BS_1100_112900157,BS_1100_112900156,BR_1100_112900014_Ord001,43,109,108,10.0,10.0,10.0,00:00:00,23:50:00,10.0,pattern_median,5.0,서대문02대,-,0
P_0b1f9f6308bddb81,BR_TAGO_GGB233000333,BS_TAGO_GGB121000007,BS_TAGO_GGB233001213,BR_TAGO_GGB233000333_Ord001,21,2,1,1080.7333333333333,1080.7333333333333,1080.7333333333333,06:12:29,24:13:13,30.0,pattern_median,540.3666666666667,8502,-,0
P_0ba9644f24c9ee5b,RR_ACC1_S-1-1-6D,RS_ACC1_S-1-1915,RS_ACC1_S-1-1812,RR_ACC1_S-1-1-6D_Ord001,52,7,6,67.5,59.5,131.0,06:53:00,15:29:00,63.0,pattern_median,33.75,서울 1호선,서울 1호선(소요산-인천)(급행)<하행>,1
P_0bbd80432b4302dc,BR_TAGO_GGB233000032,BS_TAGO_GGB120000676,BS_TAGO_GGB201000405,BR_TAGO_GGB233000032_Ord001,26,2,1,1140.3666666666666,1140.3666666666666,1140.3666666666666,06:03:27,25:03:49,12.0,pattern_median,570.1833333333333,7780,-,0
P_0bcb2e074436456a,BR_1100_100100226,BS_1100_123000171,BS_1100_123000170,BR_1100_100100226_Ord001,88,85,84,13.0,13.0,13.0,04:30:00,22:40:00,13.0,pattern_median,6.5,3414,-,0
P_0bf83855e43d98ce,BR_1100_100100183,BS_1100_107000255,BS_1100_107000045,BR_1100_100100183_Ord001,23,31,30,36.0,36.0,36.0,04:30:00,22:40:00,36.0,pattern_median,18.0,1226,-,0
P_0c8c3cb0ef416c8a,BR_TAGO_GGB210000012,BS_TAGO_GGB118000045,BS_TAGO_GGB210000134,BR_TAGO_GGB210000012_Ord001,55,2,1,1154.55,1154.55,1154.55,05:12:02,24:26:35,6.0,pattern_median,577.275,70-2,-,0
P_0c912e285e5c0224,BR_1100_100100017,BS_1100_108000382,BS_1100_108000383,BR_1100_100100017_Ord001,89,189,188,6.0,6.0,6.0,04:25:00,23:10:00,6.0,pattern_median,3.0,120,-,0
P_0cc53b9aa67ef88f,BR_TAGO_GGB228000175,BS_TAGO_GGB101000026,BS_TAGO_GGB228000192,BR_TAGO_GGB228000175_Ord001,34,2,1,1040.55,1040.55,1040.55,06:50:47,24:11:20,10.0,pattern_median,520.275,5005,-,0
P_0cd49f9c72ad5dfa,BR_TAGO_GGB218000125,BS_TAGO_GGB112000061,BS_TAGO_GGB219000400,BR_TAGO_GGB218000125_Ord017,39,1,0,75.0,,,23:50:00,23:50:00,75.0,route_median,37.5,75,-,0
P_0cf0a6391020b827,BR_1100_100100300,BS_1100_114000395,BS_1100_114000267,BR_1100_100100300_Ord001,61,75,74,15.0,15.0,15.0,05:00:00,23:30:00,15.0,pattern_median,7.5,6620,-,0
P_0d04b647cc7e1f3d,BR_TAGO_GGB233000142,BS_TAGO_GGB121000007,BS_TAGO_GGB233002437,BR_TAGO_GGB233000142_Ord001,18,2,1,879.4666666666667,879.4666666666667,879.4666666666667,07:53:01,22:32:29,20.0,pattern_median,439.73333333333335,6002-1,-,0
P_0d05fb5c2ecf9fd4,BR_TAGO_ICB165000391,BS_TAGO_ICB169000096,BS_TAGO_ICB169000096,BR_TAGO_ICB165000391_Ord001,80,8,7,140.0,128.0,140.0,05:10:00,21:00:00,140.0,pattern_median,70.0,60-5,-,0
P_0d2bdb32da077c7f,BR_TAGO_GGB216000061,BS_TAGO_GGB233003145,BS_TAGO_GGB233003144,BR_TAGO_GGB216000061_Ord002,53,75,74,15.0,15.0,15.0,05:10:00,23:30:00,15.0,pattern_median,7.5,3102,-,0
P_0d95157a34e73f91,BR_1100_111000016,BS_1100_111001112,BS_1100_111001113,BR_1100_111000016_Ord001,171,11,10,30.0,29.0,141.9999999999996,00:00:00,23:30:00,30.0,pattern_median,15.0,N75,-,0
P_0db623e935daaab4,BR_TAGO_GGB234001251,BS_TAGO_GGB223000129,BS_TAGO_GGB223000085,BR_TAGO_GGB234001251_Ord001,40,71,70,15.0,15.0,15.0,05:10:00,22:40:00,15.0,pattern_median,7.5,1311,-,0
P_0dbdff42d5860d47,BR_TAGO_GGB228000176,BS_TAGO_GGB228002026,BS_TAGO_GGB228002027,BR_TAGO_GGB228000176_Ord001,65,107,106,10.0,10.0,10.0,05:25:00,23:00:00,10.0,pattern_median,5.0,5001,-,0
P_0dd48c03d5ea3e57,BR_1100_120900008,BS_1100_120900119,BS_1100_120900110,BR_1100_120900008_Ord001,38,216,215,5.0,5.0,5.0,06:00:00,23:55:00,5.0,pattern_median,2.5,관악02,-,0
P_0de91b19db13733d,RR_ACC1_S-1-6-1,RS_ACC1_S-1-2627,RS_ACC1_S-1-2648,RR_ACC1_S-1-6-1_Ord005,448,2,1,3.0,3.0,3.0,05:34:00,05:37:00,8.5,pattern_median,1.5,서울 6호선,서울 6호선(신내-응암),1
P_0df6d26500a2a3e2,BR_TAGO_GGB232000081,BS_TAGO_GGB232000704,BS_TAGO_GGB232000705,BR_TAGO_GGB232000081_Ord001,38,10,9,120.0,112.0,120.0,05:00:00,22:20:00,120.0,pattern_median,60.0,6427,-,0
P_0e426b87ea94cb0c,BR_1100_109900003,BS_1100_109900114,BS_1100_109900033,BR_1100_109900003_Ord001,27,80,79,14.0,14.0,14.0,05:30:00,23:50:00,14.0,pattern_median,7.0,도봉06,-,0
P_0e63edef6f2781fd,RR_ACC1_S-1-4-4D,RS_ACC1_S-1-0405,RS_ACC1_S-1-0433,RR_ACC1_S-1-4-4D_Ord001,28,77,76,14.0,9.5,21.0,05:24:00,23:54:00,14.0,pattern_median,7.0,서울 4호선,서울 4호선(진접-사당)<하행>,1
P_0e6ea13285a0f01f,RR_ACC1_S-1-KJ-4U,RS_ACC1_S-1-1219,RS_ACC1_S-1-1284,RR_ACC1_S-1-KJ-4U_Ord001,42,2,1,18.0,18.0,18.0,06:07:00,06:25:00,18.0,pattern_median,9.0,경의중앙선,경의중앙선(문산-용문)(급행)<상행>,1
P_0e8f47ed5d29e8a9,BR_1100_109900010,BS_1100_110000191,BS_1100_110900144,BR_1100_109900010_Ord001,82,73,72,15.0,15.0,15.0,05:00:00,23:00:00,15.0,pattern_median,7.5,노원15,-,0
P_0e9e27d8f67a72fd,BR_1100_119900011,BS_1100_119900078,BS_1100_119900111,BR_1100_119900011_Ord001,35,49,48,21.0,21.0,21.0,06:00:00,22:50:00,21.0,pattern_median,10.5,동작11,-,0
P_0f4286eafa1d99f5,BR_TAGO_GGB204000149,BS_TAGO_GGB206000040,BS_TAGO_GGB206000215,BR_TAGO_GGB204000149_Ord001,21,4,3,40.0,40.0,40.0,01:40:00,03:40:00,40.0,pattern_median,20.0,반디1,-,0
P_0f466f8f2df0879b,BR_TAGO_GGB200000283,BS_TAGO_GGB200000187,BS_TAGO_GGB121000921,BR_TAGO_GGB200000283_Ord001,8,2,1,30.0,30.0,30.0,07:00:00,07:30:00,30.0,pattern_median,15.0,3000(예약),-,0
P_0f6152e7319c5bf0,BR_1100_100100034,BS_1100_107000071,BS_1100_107000246,BR_1100_100100034_Ord001,76,143,142,8.0,8.0,8.0,04:00:00,22:50:00,8.0,pattern_median,4.0,162,-,0
P_0f65a548cc8a0810,RR_ACC1_S-1-7-1D,RS_ACC1_S-1-2729,RS_ACC1_S-1-3763,RR_ACC1_S-1-7-1D_Ord006,35,1,0,4.5,,,05:38:00,05:38:00,4.5,route_median,2.25,서울 7호선,서울 7호선(석남(거북시장)-장암)<하행>,1
P_0f681ccdd0294d5a,BR_1100_100100352,BS_1100_111000060,BS_1100_111000945,BR_1100_100100352_Ord001,76,95,94,12.0,12.0,12.0,04:30:00,23:10:00,12.0,pattern_median,6.0,7720,-,0
P_0f6e812869602989,BR_TAGO_GGB206000007,BS_TAGO_GGB104000131,BS_TAGO_GGB228001737,BR_TAGO_GGB206000007_Ord001,33,2,1,1090.0,1090.0,1090.0,05:45:00,23:55:00,8.0,pattern_median,545.0,102,-,0
P_0f8ec28aa82e28bb,BR_1100_100100407,BS_1100_106000319,BS_1100_106000467,BR_1100_100100407_Ord001,119,88,87,13.0,13.0,13.0,04:00:00,22:50:00,13.0,pattern_median,6.5,240,-,0
P_0f9bd91847f68c45,RR_ACC1_S-1-3-1U,RS_ACC1_S-1-0339,RS_ACC1_S-1-0310,RR_ACC1_S-1-3-1U_Ord062,30,13,12,16.0,10.0,41.400000000000006,05:22:00,17:44:30,6.0,pattern_median,8.0,서울 3호선,서울 3호선(오금-대화)<상행>,1
P_101bca4ee7fcf074,BR_TAGO_GGB206000007,BS_TAGO_GGB228001736,BS_TAGO_GGB228001737,BR_TAGO_GGB206000007_Ord002,62,138,137,8.0,8.0,8.0,05:00:00,23:10:00,8.0,pattern_median,4.0,102,-,0
P_10545b0a35c0ed30,RR_ACC1_S-1-KJ-1U,RS_ACC1_S-1-1251,RS_ACC1_S-1-1284,RR_ACC1_S-1-KJ-1U_Ord001,22,21,20,34.5,15.9,99.8000000000001,05:43:00,23:37:00,34.5,pattern_median,17.25,경의중앙선,경의중앙선(문산-서울역)<상행>,1
P_1068e7fac2e4e3d0,RR_ACC1_S-1-SB-1U,RS_ACC1_S-1-4319,RS_ACC1_S-1-0327,RR_ACC1_S-1-SB-1U_Ord001,16,160,159,7.0,5.0,9.0,05:30:00,23:55:50,7.0,pattern_median,3.5,신분당선,신분당선(광교(경기대)-신사)<상행>,1
P_109e401392daad1c,RR_ACC1_S-1-9-2D,RS_ACC1_S-1-4138,RS_ACC1_S-1-4110,RR_ACC1_S-1-9-2D_Ord126,29,1,0,11.0,,,23:57:40,23:57:40,11.0,route_median,5.5,서울 9호선,서울 9호선(개화-중앙보훈병원)<하행>,1
P_10c6b6ab5a021963,BR_TAGO_GGB208000027,BS_TAGO_GGB122000008,BS_TAGO_GGB225000181,BR_TAGO_GGB208000027_Ord001,41,2,1,1165.0,1165.0,1165.0,06:30:00,25:55:00,13.0,pattern_median,582.5,3030,-,0
P_10c87aefa120a7e4,BR_1100_100100114,BS_1100_218000604,BS_1100_218000603,BR_1100_100100114_Ord001,81,107,106,10.0,10.0,10.0,04:00:00,21:35:00,10.0,pattern_median,5.0,750A,-,0
P_10cd6b4b1acee9ea,RR_ACC1_S-1-1-8U,RS_ACC1_S-1-1728,RS_ACC1_S-1-0158,RR_ACC1_S-1-1-8U_Ord001,30,12,11,36.0,22.0,99.0,09:10:00,20:39:00,30.0,pattern_median,18.0,서울 1호선,서울 1호선(청량리-신창(순천향대))(급행)<상행>,1
P_11005543a7b7d58e,BR_1100_100100172,BS_1100_108000196,BS_1100_108000175,BR_1100_100100172_Ord001,66,144,143,8.0,8.0,8.0,04:30:00,23:30:00,8.0,pattern_median,4.0,1165,-,0
P_1105447b3ec6d10c,BR_TAGO_GGB234001577,BS_TAGO_GGB233003132,BS_TAGO_GGB233003126,BR_TAGO_GGB234001577_Ord002,22,217,216,5.0,5.0,5.0,05:00:00,23:00:00,5.0,pattern_median,2.5,M4130,-,0
P_116565c6d4d2b0b6,BR_TAGO_GGB222000049,BS_TAGO_GGB222000267,BS_TAGO_GGB104000069,BR_TAGO_GGB222000049_Ord001,28,1,0,15.0,,,05:30:20,05:30:20,15.0,route_median,7.5,1660,-,0
P_1199ee9cd89bba7a,BR_TAGO_GGB228000271,BS_TAGO_GGB123000002,BS_TAGO_GGB228000192,BR_TAGO_GGB228000271_Ord001,55,2,1,789.05,789.05,789.05,11:06:28,24:15:31,35.0,pattern_median,394.525,5700B,-,0
P_11d39fffe67812d7,BR_TAGO_GGB222000090,BS_TAGO_GGB222001122,BS_TAGO_GGB123000611,BR_TAGO_GGB222000090_Ord001,13,1,0,10.0,,,06:00:00,06:00:00,10.0,route_median,5.0,8012,-,0
P_126f2749b480fb5d,BR_TAGO_GGB234001660,BS_TAGO_GGB121000005,BS_TAGO_GGB214002018,BR_TAGO_GGB234001660_Ord001,9,2,1,1051.2666666666667,1051.2666666666667,1051.2666666666667,06:53:19,24:24:35,10.0,pattern_median,525.6333333333333,M5438,-,0
P_1287d5dc12c476b6,RR_ACC1_S-1-1-1D,RS_ACC1_S-1-1019,RS_ACC1_S-1-1812,RR_ACC1_S-1-1-1D_Ord005,43,1,0,7.5,,,05:00:00,05:00:00,7.5,route_median,3.75,서울 1호선,서울 1호선(소요산-인천)<하행>,1
P_128a2fbff19aa3af,BR_TAGO_GGB222000052,BS_TAGO_GGB222001920,BS_TAGO_GGB222001931,BR_TAGO_GGB222000052_Ord002,96,17,16,69.0,69.0,69.0,04:36:00,22:50:00,69.0,pattern_median,34.5,95,-,0
P_12a1e52bb3daccc1,BR_1100_100100079,BS_1100_213000455,BS_1100_213000456,BR_1100_100100079_Ord001,95,162,161,7.0,7.0,7.0,03:55:00,22:40:00,7.0,pattern_median,3.5,504,-,0
P_12c098d7f7fc775b,BR_TAGO_GGB234000016,BS_TAGO_GGB104000056,BS_TAGO_GGB228000707,BR_TAGO_GGB234000016_Ord001,26,2,1,1069.9,1069.9,1069.9,06:01:33,23:51:27,5.0,pattern_median,534.95,1112,-,0
P_12f562b2ff5f772d,BR_TAGO_GGB213000005,BS_TAGO_GGB116000120,BS_TAGO_GGB213000389,BR_TAGO_GGB213000005_Ord001,42,2,1,1096.7833333333333,1096.7833333333333,1096.7833333333333,05:46:41,24:03:28,8.0,pattern_median,548.3916666666667,17,-,0
P_13228e9a4a0f71c4,BR_1100_100100278,BS_1100_117000133,BS_1100_117000921,BR_1100_100100278_Ord001,18,140,139,8.0,8.0,8.0,05:20:00,23:50:00,8.0,pattern_median,4.0,5621,-,0
P_13232d895e00e456,BR_1100_100100075,BS_1100_122000241,BS_1100_122000343,BR_1100_100100075_Ord001,71,145,144,8.0,8.0,8.0,04:10:00,23:20:00,8.0,pattern_median,4.0,472,-,0
P_133fc5e680a666cf,BR_1100_100100184,BS_1100_110000327,BS_1100_110000366,BR_1100_100100184_Ord001,67,82,81,14.0,14.0,14.0,04:30:00,23:20:00,14.0,pattern_median,7.0,1227,-,0
P_1357608e96c0eaf2,BR_TAGO_GGB222000169,BS_TAGO_GGB222001920,BS_TAGO_GGB222001931,BR_TAGO_GGB222000169_Ord002,60,133,132,8.0,8.0,8.0,05:30:00,23:00:00,8.0,pattern_median,4.0,1003,-,0
P_136a16865edb296c,BR_1100_113900005,BS_1100_113900112,BS_1100_113900105,BR_1100_113900005_Ord001,17,97,96,11.0,11.0,11.0,06:00:00,23:30:00,11.0,pattern_median,5.5,마포02,-,0
P_138599510dd3fed3,BR_TAGO_GGB210000036,BS_TAGO_GGB212000232,BS_TAGO_GGB212000230,BR_TAGO_GGB210000036_Ord002,110,112,111,10.0,10.0,10.0,04:20:00,22:50:00,10.0,pattern_median,5.0,70-3,-,0
P_13907fd99ea28c11,RR_ACC1_S-1-4-3U,RS_ACC1_S-1-0434,RS_ACC1_S-1-0405,RR_ACC1_S-1-4-3U_Ord001,29,1,0,18.0,,,05:30:00,05:30:00,,global_median,9.0,서울 4호선,서울 4호선(남태령-진접)<상행>,1
P_13b0c89a2f7c01bf,BR_TAGO_GGB216000089,BS_TAGO_GGB224000540,BS_TAGO_GGB224000583,BR_TAGO_GGB216000089_Ord002,14,110,109,10.0,10.0,10.0,04:50:00,23:00:00,10.0,pattern_median,5.0,6501,-,0
P_13d520023afcf52f,BR_1100_124000039,BS_1100_124000344,BS_1100_124000429,BR_1100_124000039_Ord001,46,78,77,15.0,15.0,15.0,04:30:00,23:40:00,15.0,pattern_median,7.5,3323,-,0
P_13e8f7e73485aed0,BR_TAGO_GGB210000002,BS_TAGO_GGB211000156,BS_TAGO_GGB212000106,BR_TAGO_GGB210000002_Ord001,52,2,1,1110.0,1110.0,1110.0,05:00:00,23:30:00,5.0,pattern_median,555.0,12-1,-,0
P_13fb05738400b1a1,BR_TAGO_GGB228000263,BS_TAGO_GGB101000026,BS_TAGO_GGB203000253,BR_TAGO_GGB228000263_Ord001,23,2,1,1049.6833333333334,1049.6833333333334,1049.6833333333334,06:11:14,23:40:55,10.0,pattern_median,524.8416666666667,5007,-,0
P_141ca9c0ab144b54,BR_1100_108900004,BS_1100_108900004,BS_1100_108000102,BR_1100_108900004_Ord001,51,126,125,9.0,9.0,9.0,00:06:00,23:57:00,9.0,pattern_median,4.5,강북09,-,0
P_143cfb35b0220850,BR_TAGO_GGB216000043,BS_TAGO_GGB217000292,BS_TAGO_GGB217000289,BR_TAGO_GGB216000043_Ord002,77,54,53,20.0,20.0,20.0,05:35:00,23:15:00,20.0,pattern_median,10.0,3101,-,0
P_144436037c8d985c,BR_1100_113900009,BS_1100_113900260,BS_1100_113900261,BR_1100_113900009_Ord001,39,102,101,11.0,11.0,11.0,05:15:00,23:40:00,11.0,pattern_median,5.5,마포16,-,0
P_1450dbc4dc248348,BR_TAGO_GGB233000329,BS_TAGO_GGB233002472,BS_TAGO_GGB233002471,BR_TAGO_GGB233000329_Ord001,20,35,34,30.0,30.0,30.0,05:30:00,22:30:00,30.0,pattern_median,15.0,G8157,-,0
P_14733cb4827bba5b,BR_1100_100100601,BS_1100_114000395,BS_1100_114000267,BR_1100_100100601_Ord001,48,81,80,14.0,14.0,14.0,04:30:00,23:10:00,14.0,pattern_median,7.0,6640A,-,0
P_14b8171375d9315f,RR_ACC1_S-1-3-1D,RS_ACC1_S-1-1958,RS_ACC1_S-1-0342,RR_ACC1_S-1-3-1D_Ord001,44,109,108,9.0,6.0,15.5,05:16:00,22:54:00,6.0,pattern_median,4.5,서울 3호선,서울 3호선(오금-대화)<하행>,1
P_150ff2e4d8d75711,BR_TAGO_GGB229000102,BS_TAGO_GGB101000332,BS_TAGO_GGB229000930,BR_TAGO_GGB229000102_Ord001,9,2,1,1109.45,1109.45,1109.45,06:31:49,25:01:16,7.0,pattern_median,554.725,M7111,-,0
P_15464d16e3f559e5,BR_1100_118900002,BS_1100_118000168,BS_1100_118900168,BR_1100_118900002_Ord001,27,71,70,15.0,15.0,15.0,06:00:00,23:30:00,15.0,pattern_median,7.5,영등포07,-,0
P_154dabf44f513346,BR_TAGO_GGB204000046,BS_TAGO_GGB206000010,BS_TAGO_GGB206000011,BR_TAGO_GGB204000046_Ord002,33,9,8,20.0,17.3,20.0,05:01:00,07:32:00,20.0,pattern_median,10.0,9003,-,0
P_1558da6a49c483ea,BR_TAGO_GGB207000009,BS_TAGO_GGB207000395,BS_TAGO_GGB207000394,BR_TAGO_GGB207000009_Ord002,140,138,137,8.0,8.0,8.0,04:35:00,22:50:00,8.0,pattern_median,4.0,1-1,-,0
P_15fc7da051edc8c8,BR_TAGO_GGB229000013,BS_TAGO_GGB229001273,BS_TAGO_GGB229001273,BR_TAGO_GGB229000013_Ord001,146,19,18,60.0,60.0,60.0,05:20:00,22:50:00,60.0,pattern_median,30.0,17,-,0
P_16081131a27e8df1,RR_ACC1_S-1-1-5D,RS_ACC1_S-1-1701,RS_ACC1_S-1-1811,RR_ACC1_S-1-1-5D_Ord001,10,15,14,18.0,9.3,52.00000000000003,05:30:00,17:23:00,8.0,pattern_median,9.0,서울 1호선,서울 1호선(용산-동인천)(급행)<하행>,1
P_16133851ab41814d,BR_3100_241352012,BS_TAGO_GGB218000356,BS_TAGO_GGB218000356,BR_3100_241352012_Ord001,23,5,4,30.0,19.5,30.0,07:02:00,08:47:00,30.0,pattern_median,15.0,075A(향동),-,0
P_161c54e4edd64256,BR_TAGO_GGB216000026,BS_TAGO_GGB217000292,BS_TAGO_GGB217000289,BR_TAGO_GGB216000026_Ord002,79,54,53,20.0,20.0,20.0,05:20:00,22:50:00,20.0,pattern_median,10.0,3100,-,0
P_162d7831f74b5a1d,BR_TAGO_GGB227000006,BS_TAGO_GGB227000094,BS_TAGO_GGB227000062,BR_TAGO_GGB227000006_Ord002,68,78,77,15.0,15.0,15.0,04:05:00,23:10:00,15.0,pattern_median,7.5,30-3,-,0
P_16580a855d674f7b,BR_1100_100900006,BS_1100_100900092,BS_1100_100900048,BR_1100_100900006_Ord001,21,71,70,15.0,15.0,15.0,06:00:00,23:20:00,15.0,pattern_median,7.5,종로01,-,0
P_172581bdd96d288d,BR_TAGO_GGB233000270,BS_TAGO_GGB233001448,BS_TAGO_GGB101000006,BR_TAGO_GGB233000270_Ord001,10,1,0,25.0,,,06:10:00,06:10:00,25.0,route_median,12.5,4108,-,0
P_173f5638c0c02e2b,BR_1100_100100001,BS_1100_101000331,BS_1100_101000331,BR_1100_100100001_Ord001,25,125,124,8.0,8.0,8.0,06:30:00,23:00:00,8.0,pattern_median,4.0,01A,-,0
P_17462c707fecae3f,BR_3100_241409004,BS_TAGO_GGB227000546,BS_TAGO_GGB227000518,BR_3100_241409004_Ord001,26,21,20,50.0,50.0,50.0,06:40:00,23:00:00,50.0,pattern_median,25.0,6-1,-,0
P_1772a62fdb6215ba,BR_TAGO_GGB207000027,BS_TAGO_GGB108000004,BS_TAGO_GGB215000217,BR_TAGO_GGB207000027_Ord001,84,2,1,1248.8333333333333,1248.8333333333333,1248.8333333333333,05:54:22,26:43:12,10.0,pattern_median,624.4166666666666,36,-,0
P_1785fa012850d860,BR_TAGO_GGB204000060,BS_TAGO_GGB121001314,BS_TAGO_GGB205000226,BR_TAGO_GGB204000060_Ord001,58,2,1,1029.9166666666667,1029.9166666666667,1029.9166666666667,06:12:58,23:22:53,20.0,pattern_median,514.9583333333334,103,-,0
P_1799a89c9e1ef7dc,BR_1100_100100031,BS_1100_108000123,BS_1100_108000124,BR_1100_100100031_Ord001,130,156,155,7.0,7.0,7.0,04:00:00,22:00:00,7.0,pattern_median,3.5,152,-,0
P_17ae5eab80c8e2d3,BR_TAGO_GGB228000179,BS_TAGO_GGB206000040,BS_TAGO_GGB206000215,BR_TAGO_GGB228000179_Ord002,102,70,69,15.0,15.0,15.0,05:00:00,22:10:00,15.0,pattern_median,7.5,101,-,0
P_17b89530ada92536,BR_1100_116000006,BS_1100_219000691,BS_1100_219000692,BR_1100_116000006_Ord001,116,55,54,20.0,20.0,20.0,04:30:00,22:30:00,20.0,pattern_median,10.0,703,-,0
P_17dc3b6998448ae2,BR_1100_100100032,BS_1100_108000014,BS_1100_108000016,BR_1100_100100032_Ord001,112,160,159,7.0,7.0,7.0,04:00:00,22:30:00,7.0,pattern_median,3.5,163,-,0
P_17e0e2c6b507e082,BR_TAGO_GGB213000006,BS_TAGO_GGB116000120,BS_TAGO_GGB224000435,BR_TAGO_GGB213000006_Ord001,79,2,1,1134.8166666666666,1134.8166666666666,1134.8166666666666,05:11:37,24:06:26,9.0,pattern_median,567.4083333333333,1,-,0
P_17e2b5ae3fe1c28c,BR_1100_100100268,BS_1100_213000455,BS_1100_213000456,BR_1100_100100268_Ord001,65,125,124,9.0,9.0,9.0,04:10:00,22:40:00,9.0,pattern_median,4.5,5536,-,0
P_1810ef39cb46d729,BR_1100_100100229,BS_1100_123000354,BS_1100_123000355,BR_1100_100100229_Ord001,60,164,163,7.0,7.0,7.0,04:30:00,23:30:00,7.0,pattern_median,3.5,3417,-,0
P_18189988e786738f,BR_TAGO_GGB222000002,BS_TAGO_GGB105000016,BS_TAGO_GGB222001259,BR_TAGO_GGB222000002_Ord001,67,2,1,1165.0,1165.0,1165.0,05:35:00,25:00:00,15.0,pattern_median,582.5,707,-,0
P_184b2eacfcdc4489,BR_1100_123900001,BS_1100_123900007,BS_1100_123900022,BR_1100_123900001_Ord001,27,58,57,18.0,18.0,18.0,06:00:00,23:00:00,18.0,pattern_median,9.0,송파01,-,0
P_189225814d43b33c,BR_TAGO_GGB229000111,BS_TAGO_GGB121000008,BS_TAGO_GGB229000951,BR_TAGO_GGB229000111_Ord001,15,2,1,1140.0,1140.0,1140.0,05:30:00,24:30:00,15.0,pattern_median,570.0,G7426,-,0
P_18b45e1cd04c3da8,BR_TAGO_GGB234000879,BS_TAGO_GGB121000007,BS_TAGO_GGB228001737,BR_TAGO_GGB234000879_Ord001,24,2,1,1080.8666666666666,1080.8666666666666,1080.8666666666666,05:52:15,23:53:07,15.0,pattern_median,540.4333333333333,1101,-,0
P_18dff34c3d7f4e95,BR_1100_100100061,BS_1100_124000344,BS_1100_124000207,BR_1100_100100061_Ord001,94,293,292,4.0,4.0,4.0,04:00:00,23:25:00,4.0,pattern_median,2.0,370,-,0
P_18e7927fa5d33077,BR_TAGO_GGB234001318,BS_TAGO_GGB203000023,BS_TAGO_GGB203000028,BR_TAGO_GGB234001318_Ord002,20,55,54,20.0,20.0,20.0,05:00:00,23:00:00,20.0,pattern_median,10.0,M5422,-,0
P_18f8b79b5532eaaa,BR_1100_120900002,BS_1100_120900083,BS_1100_120900173,BR_1100_120900002_Ord001,29,185,184,6.0,6.0,6.0,05:30:00,23:50:00,6.0,pattern_median,3.0,관악10,-,0
P_193ab0298b990350,RR_ACC1_S-1-WS-1D,RS_ACC1_S-1-4713,RS_ACC1_S-1-4701,RR_ACC1_S-1-WS-1D_Ord001,13,258,257,4.0,2.8833333333333333,5.5,05:30:00,24:37:00,4.0,pattern_median,2.0,우이신설경전철,우이신설경전철(북한산우이-신설동)<하행>,1
P_193d38a32a4b8a2f,BR_TAGO_GGB216000096,BS_TAGO_GGB121000920,BS_TAGO_GGB217000289,BR_TAGO_GGB216000096_Ord001,41,2,1,59.65,59.65,59.65,25:01:50,26:01:29,30.0,pattern_median,29.825,3100N,-,0
P_19714cf40bae1657,BR_1100_100100340,BS_1100_111000907,BS_1100_111000002,BR_1100_100100340_Ord001,75,125,124,9.0,9.0,9.0,04:30:00,23:00:00,9.0,pattern_median,4.5,7021,-,0
P_198128914779e547,RR_ACC1_S-1-5-2D,RS_ACC1_S-1-2511,RS_ACC1_S-1-2561,RR_ACC1_S-1-5-2D_Ord009,46,96,95,13.0,6.7,13.0,05:37:00,23:20:00,11.5,pattern_median,6.5,서울 5호선,서울 5호선(방화-마천)<하행>,1
P_19adbb18a16cf970,BR_1100_100100364,BS_1100_111000907,BS_1100_111000002,BR_1100_100100364_Ord001,54,139,138,8.0,8.0,8.0,05:00:00,23:20:00,8.0,pattern_median,4.0,7738,-,0
P_19d206ab5e73f2c5,BR_TAGO_GGB232000025,BS_TAGO_GGB118000019,BS_TAGO_GGB232000529,BR_TAGO_GGB232000025_Ord001,68,2,1,1090.0,1090.0,1090.0,05:40:00,23:50:00,12.0,pattern_median,545.0,60-3,-,0
P_1a2294a6530f261c,BR_TAGO_GGB210000034,BS_TAGO_GGB212000379,BS_TAGO_GGB212000380,BR_TAGO_GGB210000034_Ord002,97,109,108,10.0,10.0,10.0,04:50:00,22:50:00,10.0,pattern_median,5.0,70,-,0
P_1a43843305285796,BR_TAGO_GGB200000108,BS_TAGO_GGB121000920,BS_TAGO_GGB201000447,BR_TAGO_GGB200000108_Ord001,33,2,1,1080.4166666666667,1080.4166666666667,1080.4166666666667,06:31:10,24:31:35,6.0,pattern_median,540.2083333333334,3003,-,0
P_1a448bfa61372b6b,BR_TAGO_GGB232000061,BS_TAGO_GGB112000059,BS_TAGO_GGB169000096,BR_TAGO_GGB232000061_Ord001,42,2,1,1060.0,1060.0,1060.0,05:40:00,23:20:00,9.0,pattern_median,530.0,3000,-,0
P_1a657d1205354a6e,BR_TAGO_GGB222000185,BS_TAGO_GGB222000616,BS_TAGO_GGB222000609,BR_TAGO_GGB222000185_Ord002,17,54,53,20.0,20.0,20.0,05:20:00,23:00:00,20.0,pattern_median,10.0,M2344,-,0
P_1a7edb48c1e55f5b,BR_1100_100100551,BS_1100_210000246,BS_1100_210000245,BR_1100_100100551_Ord001,104,62,61,18.0,18.0,18.0,04:30:00,22:50:00,18.0,pattern_median,9.0,673,-,0
P_1a864c66b4cc63d0,BR_TAGO_GGB222000022,BS_TAGO_GGB104000064,BS_TAGO_GGB222000653,BR_TAGO_GGB222000022_Ord001,79,2,1,1070.1166666666666,1070.1166666666666,1070.1166666666666,06:01:47,23:51:54,30.0,pattern_median,535.0583333333333,91,-,0
P_1a99127402db728b,BR_1100_113900001,BS_1100_113900296,BS_1100_113900222,BR_1100_113900001_Ord001,14,157,156,7.0,7.0,7.0,00:05:00,23:58:00,7.0,pattern_median,3.5,마포17,-,0
P_1a9cf47eb3457e68,BR_TAGO_GGB233000338,BS_TAGO_GGB233003132,BS_TAGO_GGB123000611,BR_TAGO_GGB233000338_Ord001,31,2,1,20.0,20.0,20.0,07:00:00,07:20:00,20.0,pattern_median,10.0,P9302(출근),-,0
P_1a9d118cd08c6c34,BR_TAGO_GGB234001668,BS_TAGO_GGB201000212,BS_TAGO_GGB201000145,BR_TAGO_GGB234001668_Ord002,25,53,52,20.0,20.0,20.0,05:00:00,22:20:00,20.0,pattern_median,10.0,M5342,-,0
P_1aa60d1be0efde30,BR_1100_102900001,BS_1100_102000211,BS_1100_102000210,BR_1100_102900001_Ord001,39,97,96,11.0,11.0,11.0,06:00:00,23:30:00,11.0,pattern_median,5.5,마포01,-,0
P_1ac23429cff135de,BR_1100_113900013,BS_1100_113900215,BS_1100_113900293,BR_1100_113900013_Ord001,53,121,120,9.0,9.0,9.0,05:35:00,23:35:00,9.0,pattern_median,4.5,마포08,-,0
P_1b3731a67aac7dd0,BR_1100_100100453,BS_1100_114000395,BS_1100_114000267,BR_1100_100100453_Ord001,81,66,65,17.0,17.0,17.0,04:30:00,22:50:00,17.0,pattern_median,8.5,6613,-,0
P_1b8a8fc4e6dabb6a,BR_TAGO_GGB224000047,BS_TAGO_GGB224000856,BS_TAGO_GGB224000855,BR_TAGO_GGB224000047_Ord002,53,73,72,15.0,15.0,15.0,05:40:00,23:30:00,15.0,pattern_median,7.5,3300,-,0
P_1bb01f56150a4dcb,BR_TAGO_GGB222000111,BS_TAGO_GGB222000652,BS_TAGO_GGB222000653,BR_TAGO_GGB222000111_Ord002,176,17,16,60.0,60.0,60.0,05:00:28,21:00:28,60.0,pattern_median,30.0,9-1,-,0
P_1bccc9e4608ec52e,BR_TAGO_GGB208000066,BS_TAGO_GGB213000231,BS_TAGO_GGB213000405,BR_TAGO_GGB208000066_Ord002,17,107,106,10.0,9.991666666666667,10.0,05:27:11,23:10:40,10.0,pattern_median,5.0,G9633,-,0
P_1bf256ab71c1353b,RR_ACC1_S-1-SB-1D,RS_ACC1_S-1-0327,RS_ACC1_S-1-4312,RR_ACC1_S-1-SB-1D_Ord044,9,4,3,40.0,16.8,649.7733333333333,10:08:20,24:21:33,7.0,pattern_median,20.0,신분당선,신분당선(광교(경기대)-신사)<하행>,1
P_1bf257b0734052e8,RR_ACC1_S-1-4-2D,RS_ACC1_S-1-0412,RS_ACC1_S-1-0433,RR_ACC1_S-1-4-2D_Ord079,22,6,5,29.5,15.6,366.6000000000001,06:16:00,17:40:30,6.25,pattern_median,14.75,서울 4호선,서울 4호선(안산-오이도)<하행>,1
P_1c10626329c5a37d,RR_ACC1_S-1-1-1D,RS_ACC1_S-1-1909,RS_ACC1_S-1-1812,RR_ACC1_S-1-1-1D_Ord002,55,28,27,25.0,19.0,52.800000000000004,05:06:00,20:50:00,7.5,pattern_median,12.5,서울 1호선,서울 1호선(소요산-인천)<하행>,1
P_1c1e2e50bd39054e,BR_1100_100100304,BS_1100_114000395,BS_1100_114000267,BR_1100_100100304_Ord001,69,81,80,14.0,14.0,14.0,04:30:00,23:00:00,14.0,pattern_median,7.0,6627,-,0
P_1c35df0912a38950,BR_TAGO_GGB222000049,BS_TAGO_GGB222000267,BS_TAGO_GGB222000268,BR_TAGO_GGB222000049_Ord002,56,79,78,15.0,15.0,15.0,05:00:20,24:20:20,15.0,pattern_median,7.5,1660,-,0
P_1c54132ff559ff9b,RR_ACC1_S-1-SD-4U,RS_ACC1_S-1-1873,RS_ACC1_S-1-1013,RR_ACC1_S-1-SD-4U_Ord001,29,6,5,30.0,15.8,420.20000000000005,06:33:00,19:28:00,30.0,pattern_median,15.0,수인분당선,수인분당선(왕십리-고색)(급행)<상행>,1
P_1c5ada3af547d6a8,BR_1100_100100338,BS_1100_112000202,BS_1100_112000153,BR_1100_100100338_Ord001,56,114,113,10.0,10.0,10.0,04:15:00,23:00:00,10.0,pattern_median,5.0,7018,-,0
P_1c6cf8fa96b3d6ce,RR_ACC1_S-1-1-2U,RS_ACC1_S-1-1728,RS_ACC1_S-1-1019,RR_ACC1_S-1-1-2U_Ord003,51,18,17,44.0,18.8,112.0,05:36:00,21:52:00,17.5,pattern_median,22.0,서울 1호선,서울 1호선(광운대-신창(순천향대))<상행>,1
P_1d2c6de6acb28545,BR_1100_116900016,BS_1100_116900096,BS_1100_116900263,BR_1100_116900016_Ord001,22,44,43,25.0,25.0,25.0,05:55:00,23:35:00,25.0,pattern_median,12.5,구로15,-,0
P_1d38356abc688369,BR_TAGO_GGB239000111,BS_TAGO_GGB105000016,BS_TAGO_GGB239000686,BR_TAGO_GGB239000111_Ord001,94,2,1,1155.0,1155.0,1155.0,06:25:00,25:40:00,30.0,pattern_median,577.5,1330-4,-,0
P_1d4d8f72c1318bc3,BR_TAGO_GGB234001609,BS_TAGO_GGB234000604,BS_TAGO_GGB234000605,BR_TAGO_GGB234001609_Ord002,116,3,2,30.0,30.0,30.0,23:00:00,24:00:00,30.0,pattern_median,15.0,500-1A,-,0
P_1d895df99b5cbdaa,BR_1100_121900010,BS_1100_121900258,BS_1100_121900120,BR_1100_121900010_Ord001,34,115,114,9.0,9.0,9.0,06:00:00,23:00:00,9.0,pattern_median,4.5,서초14,-,0
P_1e3f9975ac8c9e94,BR_1100_100100055,BS_1100_124000344,BS_1100_124000207,BR_1100_100100055_Ord001,106,161,160,7.0,7.0,7.0,04:30:00,23:10:00,7.0,pattern_median,3.5,340,-,0
P_1e792ae41d477511,BR_1100_100100042,BS_1100_106000469,BS_1100_106000480,BR_1100_100100042_Ord001,97,114,113,10.0,10.0,10.0,03:55:00,22:40:00,10.0,pattern_median,5.0,260,-,0
P_1ec70fd6a0509fec,BR_TAGO_GGB234000082,BS_TAGO_GGB234000902,BS_TAGO_GGB234000625,BR_TAGO_GGB234000082_Ord002,147,69,68,15.0,15.0,15.0,04:35:00,21:30:00,15.0,pattern_median,7.5,13-2,-,0
P_1ee7219d4631dc4e,BR_1100_108000002,BS_1100_108000382,BS_1100_108000383,BR_1100_108000002_Ord001,51,95,94,12.0,12.0,12.0,04:45:00,23:30:00,12.0,pattern_median,6.0,1167,-,0
P_1f0db4e63eae8af5,BR_1100_119900014,BS_1100_119900075,BS_1100_119900209,BR_1100_119900014_Ord001,20,71,70,15.0,15.0,15.0,06:00:00,23:30:00,15.0,pattern_median,7.5,동작06,-,0
P_1f1e1f82320d668c,BR_TAGO_GGB222000013,BS_TAGO_GGB227000306,BS_TAGO_GGB236001329,BR_TAGO_GGB222000013_Ord001,116,2,1,1170.0,1170.0,1170.0,04:40:00,24:10:00,12.0,pattern_median,585.0,23,-,0
P_1f7138d139eed85a,BR_1100_118900005,BS_1100_118900003,BS_1100_118900113,BR_1100_118900005_Ord001,25,87,86,12.0,12.0,12.0,06:00:00,23:15:00,12.0,pattern_median,6.0,영등포03,-,0
P_1f9ec3b0850d4e3d,BR_1100_100100440,BS_1100_219001178,BS_1100_219000688,BR_1100_100100440_Ord001,95,74,73,16.0,16.0,16.0,00:00:00,23:42:00,16.0,pattern_median,8.0,700,-,0
P_1fbf4dc08f081e64,BR_1100_114000002,BS_1100_116000021,BS_1100_116000016,BR_1100_114000002_Ord001,117,2,1,5.0,5.0,5.0,03:45:00,03:50:00,5.0,pattern_median,2.5,8641,-,0
P_1fc61b6d11c85040,BR_1100_100100027,BS_1100_108000067,BS_1100_108000195,BR_1100_100100027_Ord001,84,141,140,8.0,8.0,8.0,04:00:00,22:40:00,8.0,pattern_median,4.0,148,-,0
P_1fcd89a81609486b,RR_ACC1_S-1-1-5D,RS_ACC1_S-1-1003,RS_ACC1_S-1-1806,RR_ACC1_S-1-1-5D_Ord083,12,7,6,73.0,26.5,411.0,06:08:00,23:09:00,8.0,pattern_median,36.5,서울 1호선,서울 1호선(용산-동인천)(급행)<하행>,1
P_1fcec00e7b768ccd,BR_TAGO_GGB200000010,BS_TAGO_GGB203000125,BS_TAGO_GGB203000037,BR_TAGO_GGB200000010_Ord002,166,108,107,10.0,10.0,10.0,04:10:00,22:00:00,10.0,pattern_median,5.0,900,-,0
P_1ff8c318febc4fd8,BR_TAGO_GGB200000119,BS_TAGO_GGB201000212,BS_TAGO_GGB201000145,BR_TAGO_GGB200000119_Ord002,48,94,93,12.0,12.0,12.0,05:20:00,23:50:00,12.0,pattern_median,6.0,7001,-,0
P_201248d1876e68d8,BR_1100_100100012,BS_1100_207000427,BS_1100_207000330,BR_1100_100100012_Ord001,122,93,92,12.0,12.0,12.0,04:10:00,22:30:00,12.0,pattern_median,6.0,107,-,0
P_202edd4338ab203f,BR_TAGO_GGB213000029,BS_TAGO_GGB213000393,BS_TAGO_GGB213000405,BR_TAGO_GGB213000029_Ord001,66,55,54,20.0,20.0,20.0,05:00:00,23:00:00,20.0,pattern_median,10.0,200,-,0
P_203426b404cb321d,BR_TAGO_GGB221000034,BS_TAGO_GGB221000217,BS_TAGO_GGB221000217,BR_TAGO_GGB221000034_Ord001,36,89,88,12.0,12.0,12.0,05:40:00,23:15:00,12.0,pattern_median,6.0,75-1,-,0
P_204405c90baa3674,BR_TAGO_GGB218000001,BS_TAGO_GGB115000066,BS_TAGO_GGB218000497,BR_TAGO_GGB218000001_Ord001,70,2,1,1029.0,1029.0,1029.0,06:11:00,23:20:00,12.0,pattern_median,514.5,85,-,0
P_20cdb3cabe23adce,RR_ACC1_S-1-7-1U,RS_ACC1_S-1-2729,RS_ACC1_S-1-2711,RR_ACC1_S-1-7-1U_Ord002,19,1,0,5.5,,,05:30:00,05:30:00,5.5,route_median,2.75,서울 7호선,서울 7호선(석남(거북시장)-장암)<상행>,1
P_2106d35be3eb1288,BR_1100_100100025,BS_1100_110000399,BS_1100_110000694,BR_1100_100100025_Ord001,135,143,142,8.0,8.0,8.0,04:05:00,23:00:00,8.0,pattern_median,4.0,146,-,0
P_211e2053250351e3,BR_TAGO_GGB218000015,BS_TAGO_GGB219000706,BS_TAGO_GGB219000705,BR_TAGO_GGB218000015_Ord002,24,77,76,15.0,15.0,15.0,04:30:00,23:30:00,15.0,pattern_median,7.5,M7119,-,0
P_217c9cac57f4d175,BR_1100_100100213,BS_1100_123000337,BS_1100_123000198,BR_1100_100100213_Ord001,56,87,86,13.0,13.0,13.0,04:40:00,23:20:00,13.0,pattern_median,6.5,3214,-,0
P_218408f7b24d9778,BR_TAGO_GGB234001163,BS_TAGO_GGB121000001,BS_TAGO_GGB225000194,BR_TAGO_GGB234001163_Ord001,35,2,1,1065.0,1065.0,1065.0,06:20:00,24:05:00,15.0,pattern_median,532.5,6501,-,0
P_21df25312fc5452b,BR_TAGO_GGB207000102,BS_TAGO_GGB207000132,BS_TAGO_GGB207000143,BR_TAGO_GGB207000102_Ord002,21,55,54,20.0,19.416666666666668,20.529999999999998,05:14:52,23:16:50,20.0,pattern_median,10.0,G6100,-,0
P_21e133872c8fc7f7,BR_1100_100100578,BS_1100_124000001,BS_1100_124000002,BR_1100_100100578_Ord001,74,83,82,14.0,14.0,14.0,04:30:00,23:40:00,14.0,pattern_median,7.0,3321,-,0
P_21e519bdea18b83d,BR_1100_118900008,BS_1100_118000216,BS_1100_118000069,BR_1100_118900008_Ord001,12,69,68,15.0,15.0,15.0,06:00:00,23:00:00,15.0,pattern_median,7.5,영등포10,-,0
P_21f9888e5abdb28b,BR_1100_100900007,BS_1100_100900178,BS_1100_100900129,BR_1100_100900007_Ord001,20,103,102,10.0,10.0,10.0,06:00:00,23:00:00,10.0,pattern_median,5.0,종로11,-,0
P_22048dd1d9075ebf,RR_ACC1_S-1-1-1D,RS_ACC1_S-1-1909,RS_ACC1_S-1-1806,RR_ACC1_S-1-1-1D_Ord068,46,1,0,7.5,,,07:19:00,07:19:00,7.5,route_median,3.75,서울 1호선,서울 1호선(소요산-인천)<하행>,1
P_22881d1a4635ab97,BR_TAGO_GGB223000127,BS_TAGO_GGB223000524,BS_TAGO_GGB223000097,BR_TAGO_GGB223000127_Ord001,26,28,27,40.0,39.86,40.0,05:02:54,22:53:23,40.0,pattern_median,20.0,M5532,-,0
P_22912aa8e66513e1,BR_1100_100100133,BS_1100_107000071,BS_1100_107000246,BR_1100_100100133_Ord001,34,75,74,15.0,15.0,15.0,05:10:00,23:40:00,15.0,pattern_median,7.5,1113,-,0
P_22f911701b676252,BR_TAGO_GGB233000031,BS_TAGO_GGB120000677,BS_TAGO_GGB202000208,BR_TAGO_GGB233000031_Ord001,22,2,1,1251.9,1251.9,1251.9,05:13:24,26:05:18,4.0,pattern_median,625.95,7770,-,0
P_232c823fbc99f32e,BR_TAGO_GGB235000118,BS_TAGO_GGB235000828,BS_TAGO_GGB235000825,BR_TAGO_GGB235000118_Ord002,21,73,72,15.0,15.0,15.0,05:00:00,22:50:00,15.0,pattern_median,7.5,1304,-,0
P_233c5df15565e1cf,BR_1100_109900004,BS_1100_109900114,BS_1100_109900033,BR_1100_109900004_Ord001,36,80,79,14.0,14.0,14.0,05:30:00,23:55:00,14.0,pattern_median,7.0,도봉05,-,0
P_236cf72d4a6d2c3a,BR_TAGO_GGB212000001,BS_TAGO_GGB118000067,BS_TAGO_GGB212000230,BR_TAGO_GGB212000001_Ord001,76,2,1,1210.0,1210.0,1210.0,04:35:00,24:45:00,4.0,pattern_median,605.0,88,-,0
P_23dee431c7ee2972,BR_TAGO_GGB224000050,BS_TAGO_GGB122000185,BS_TAGO_GGB224000861,BR_TAGO_GGB224000050_Ord001,18,2,1,1055.0,1055.0,1055.0,06:55:00,24:30:00,15.0,pattern_median,527.5,3400,-,0
P_23ee2701d6a95b58,BR_TAGO_GGB239000111,BS_TAGO_GGB239000687,BS_TAGO_GGB239000686,BR_TAGO_GGB239000111_Ord002,186,40,39,30.0,30.0,30.0,04:45:00,24:00:00,30.0,pattern_median,15.0,1330-4,-,0
P_24952e638f095893,BR_TAGO_GGB210000103,BS_TAGO_GGB211000153,BS_TAGO_GGB211000153,BR_TAGO_GGB210000103_Ord001,43,43,42,20.0,20.0,20.0,06:20:00,20:20:00,20.0,pattern_median,10.0,56-2,-,0
P_24d30977ecc41ccc,BR_TAGO_GGB229000071,BS_TAGO_GGB101000290,BS_TAGO_GGB229001247,BR_TAGO_GGB229000071_Ord001,73,2,1,1120.0,1120.0,1120.0,05:00:00,23:40:00,19.0,pattern_median,560.0,799,-,0
P_24e2ca106c60df8a,BR_1100_100100564,BS_1100_123000660,BS_1100_123000436,BR_1100_100100564_Ord001,88,128,127,9.0,9.0,9.0,04:00:00,23:00:00,9.0,pattern_median,4.5,320,-,0
P_251d6a1b81022f74,RR_ACC1_S-1-4-2D,RS_ACC1_S-1-0411,RS_ACC1_S-1-1762,RR_ACC1_S-1-4-2D_Ord115,46,1,0,6.25,,,05:30:00,05:30:00,6.25,route_median,3.125,서울 4호선,서울 4호선(안산-오이도)<하행>,1
P_25256d393abf814e,BR_TAGO_GGB204000065,BS_TAGO_GGB206000405,BS_TAGO_GGB206000170,BR_TAGO_GGB204000065_Ord002,88,43,42,25.0,25.0,25.0,04:50:00,22:20:00,25.0,pattern_median,12.5,9607,-,0
P_254d84689c478bbe,RR_ACC1_S-1-1-7D,RS_ACC1_S-1-0158,RS_ACC1_S-1-1408,RR_ACC1_S-1-1-7D_Ord003,39,2,1,20.0,20.0,20.0,16:57:00,17:17:00,65.0,pattern_median,10.0,서울 1호선,서울 1호선(청량리-신창(순천향대))(급행)<하행>,1
P_256e22f37ac71c23,BR_TAGO_GGB239000104,BS_TAGO_GGB239000685,BS_TAGO_GGB239000418,BR_TAGO_GGB239000104_Ord002,67,5,4,240.0,240.0,240.0,06:00:00,22:00:00,195.0,pattern_median,120.0,8005,-,0
P_25764cb1084b6372,BR_TAGO_GGB210000052,BS_TAGO_GGB211000197,BS_TAGO_GGB211000187,BR_TAGO_GGB210000052_Ord002,66,125,124,9.0,9.0,9.0,05:00:00,23:35:00,9.0,pattern_median,4.5,57-1,-,0
P_25908250b803eddd,RR_ACC1_S-1-AP-1D,RS_ACC1_S-1-4201,RS_ACC1_S-1-4215,RR_ACC1_S-1-AP-1D_Ord001,14,100,99,11.0,7.4,14.600000000000001,05:20:00,23:40:00,7.0,pattern_median,5.5,공항철도,공항철도(인천공항2터미널-서울역)<하행>,1
P_25b05a1e59df74a5,BR_TAGO_GGB234000011,BS_TAGO_GGB234000604,BS_TAGO_GGB234000605,BR_TAGO_GGB234000011_Ord002,85,80,79,15.0,15.0,15.0,04:25:00,24:00:00,15.0,pattern_median,7.5,1113-1,-,0
P_25bc594b327bcb8c,BR_TAGO_GGB227000017,BS_TAGO_GGB227000337,BS_TAGO_GGB227000338,BR_TAGO_GGB227000017_Ord002,61,136,135,8.0,8.0,8.0,05:00:00,23:00:00,8.0,pattern_median,4.0,31,-,0
P_25c18f226db476f5,BR_TAGO_GGB220000012,BS_TAGO_GGB220000054,BS_TAGO_GGB220000053,BR_TAGO_GGB220000012_Ord002,59,71,70,15.0,15.0,15.0,05:40:00,23:00:00,15.0,pattern_median,7.5,6,-,0
P_25c781b0ee8dff9b,BR_TAGO_GGB228000413,BS_TAGO_GGB228001819,BS_TAGO_GGB228001821,BR_TAGO_GGB228000413_Ord002,40,34,33,35.0,35.0,35.0,05:00:00,24:00:00,35.0,pattern_median,17.5,4101,-,0
P_25c8ff5ad7cbc470,BR_TAGO_GGB234000065,BS_TAGO_GGB121000007,BS_TAGO_GGB228000349,BR_TAGO_GGB234000065_Ord001,63,2,1,1060.1833333333334,1060.1833333333334,1060.1833333333334,06:11:46,23:51:57,30.0,pattern_median,530.0916666666667,1005,-,0
P_25e2c71595a2afff,BR_1100_114900005,BS_1100_118000219,BS_1100_118000255,BR_1100_114900005_Ord001,23,67,66,16.0,16.0,16.0,06:00:00,23:30:00,16.0,pattern_median,8.0,영등포13,-,0
P_25e46af58aecb46e,BR_1100_100100589,BS_1100_114000395,BS_1100_114000267,BR_1100_100100589_Ord001,186,19,18,15.0,15.0,15.0,00:10:00,23:55:00,15.0,pattern_median,7.5,N61,-,0
P_25ff05c6a3efe1a0,BR_TAGO_GGB227000001,BS_TAGO_GGB227000261,BS_TAGO_GGB227000260,BR_TAGO_GGB227000001_Ord002,72,57,56,20.0,20.0,20.0,04:31:31,23:11:44,20.0,pattern_median,10.0,30-5,-,0
P_261333da4f022772,BR_TAGO_GGB234001738,BS_TAGO_GGB234000604,BS_TAGO_GGB234000605,BR_TAGO_GGB234001738_Ord002,121,2,1,35.0,35.0,35.0,22:50:00,23:25:00,40.0,pattern_median,17.5,500-2N,-,0
P_2627db80299a2698,BR_TAGO_GGB232000028,BS_TAGO_GGB115000633,BS_TAGO_GGB232000981,BR_TAGO_GGB232000028_Ord001,47,2,1,1139.45,1139.45,1139.45,05:01:49,24:01:16,20.0,pattern_median,569.725,2,-,0
P_263650a736f83efe,RR_ACC1_S-1-1-5U,RS_ACC1_S-1-1701,RS_ACC1_S-1-1003,RR_ACC1_S-1-1-5U_Ord093,7,8,7,17.0,11.4,257.6000000000002,06:27:00,18:14:00,9.0,pattern_median,8.5,서울 1호선,서울 1호선(용산-동인천)(급행)<상행>,1
P_2641a84068b597c5,BR_1100_119900006,BS_1100_119900156,BS_1100_119900164,BR_1100_119900006_Ord001,28,50,49,22.0,22.0,22.0,05:45:00,23:35:00,22.0,pattern_median,11.0,동작10,-,0
P_264cb580d581aa18,BR_1100_110000002,BS_1100_110000380,BS_1100_110000244,BR_1100_110000002_Ord001,112,104,103,11.0,11.0,11.0,04:00:00,22:50:00,11.0,pattern_median,5.5,173,-,0
P_2654b1ec99a5f712,BR_1100_100100597,BS_1100_121000289,BS_1100_121000299,BR_1100_100100597_Ord001,84,75,74,15.0,15.0,15.0,04:10:00,22:40:00,15.0,pattern_median,7.5,405,-,0
P_266cca2f8e9b70d7,BR_TAGO_GGB207000085,BS_TAGO_GGB207000427,BS_TAGO_GGB207000330,BR_TAGO_GGB207000085_Ord001,32,120,119,9.0,9.0,9.0,05:11:03,23:00:51,9.0,pattern_median,4.5,10-2,-,0
P_268bec00415c7a44,BR_1100_100100142,BS_1100_108000106,BS_1100_108000107,BR_1100_100100142_Ord001,66,147,146,8.0,8.0,8.0,04:25:00,23:50:00,8.0,pattern_median,4.0,1126,-,0
P_26a2f35f1bf1029f,BR_TAGO_GGB234001574,BS_TAGO_GGB228000999,BS_TAGO_GGB206000231,BR_TAGO_GGB234001574_Ord001,62,3,2,20.0,20.0,20.0,06:40:00,07:20:00,20.0,pattern_median,10.0,9000-1,-,0
P_27072255bc56f31f,BR_3100_241409010,BS_TAGO_GGB227000359,BS_TAGO_GGB227000359,BR_3100_241409010_Ord001,32,18,17,60.0,60.0,60.0,06:00:00,22:30:00,60.0,pattern_median,30.0,감북-01,-,0
P_27079bda6c720c04,RR_ACC1_S-1-2-3U,RS_ACC1_S-1-0219,RS_ACC1_S-1-0211,RR_ACC1_S-1-2-3U_Ord001,138,1,0,5.5,,,05:30:00,05:30:00,5.5,route_median,2.75,서울 2호선,서울 2호선(본선)<외선>,1
P_27085836ed7541ce,RR_ACC1_S-1-9-2D,RS_ACC1_S-1-4138,RS_ACC1_S-1-4120,RR_ACC1_S-1-9-2D_Ord128,19,1,0,11.0,,,24:19:40,24:19:40,11.0,route_median,5.5,서울 9호선,서울 9호선(개화-중앙보훈병원)<하행>,1
P_2723a4eeb06239ac,BR_TAGO_GGB232000130,BS_TAGO_GGB232000059,BS_TAGO_GGB232000060,BR_TAGO_GGB232000130_Ord001,6,12,11,10.0,10.0,10.0,06:30:00,08:20:00,10.0,pattern_median,5.0,70C,-,0
P_2779104cf543b369,BR_TAGO_GGB234001709,BS_TAGO_GGB228001826,BS_TAGO_GGB123000579,BR_TAGO_GGB234001709_Ord001,15,2,1,30.0,30.0,30.0,07:00:00,07:30:00,30.0,pattern_median,15.0,P9243(출근),-,0
P_277a70b1c4472195,BR_TAGO_GGB216000044,BS_TAGO_GGB121000970,BS_TAGO_GGB165000838,BR_TAGO_GGB216000044_Ord001,11,2,1,1049.75,1049.75,1049.75,07:06:14,24:35:59,15.0,pattern_median,524.875,M6410,-,0
P_27b842c4259e2f76,RR_ACC1_S-1-2-2D,RS_ACC1_S-1-0211,RS_ACC1_S-1-0246,RR_ACC1_S-1-2-2D_Ord001,5,113,112,10.0,7.0,12.0,05:30:00,24:51:00,10.0,pattern_median,5.0,서울 2호선,서울 2호선(성수지선)<내선>,1
P_27bbc6ea8706a30c,BR_TAGO_GGB232000047,BS_TAGO_GGB232000664,BS_TAGO_GGB232000663,BR_TAGO_GGB232000047_Ord002,51,57,56,20.0,20.0,20.0,04:20:00,23:00:00,20.0,pattern_median,10.0,8600,-,0
P_27c6d5c1e7ad8870,BR_1100_122900008,BS_1100_122000011,BS_1100_122000008,BR_1100_122900008_Ord001,27,48,47,22.0,22.0,22.0,06:00:00,23:00:00,22.0,pattern_median,11.0,강남08,-,0
P_27dd65ec55f8279e,BR_1100_100100294,BS_1100_114000395,BS_1100_114000267,BR_1100_100100294_Ord001,111,84,83,13.0,13.0,13.0,04:00:00,22:00:00,13.0,pattern_median,6.5,6514,-,0
P_27fe5a0b705788bf,BR_TAGO_GGB232000071,BS_TAGO_GGB232000810,BS_TAGO_GGB232000809,BR_TAGO_GGB232000071_Ord002,27,76,75,15.0,15.0,15.0,04:30:00,23:10:00,15.0,pattern_median,7.5,M6117,-,0
P_2806a038e6764219,BR_1100_111000018,BS_1100_111000330,BS_1100_111000329,BR_1100_111000018_Ord001,62,62,61,10.0,10.0,10.0,07:20:00,17:30:00,10.0,pattern_median,5.0,8701,-,0
P_28149ecb93654864,BR_1100_124000036,BS_1100_123000661,BS_1100_123000659,BR_1100_124000036_Ord001,86,95,94,12.0,12.0,12.0,04:00:00,22:50:00,12.0,pattern_median,6.0,345,-,0
P_2849012f604019a4,BR_1100_112900006,BS_1100_112900116,BS_1100_112900217,BR_1100_112900006_Ord001,36,71,70,16.0,16.0,16.0,00:00:00,23:44:00,16.0,pattern_median,8.0,서대문11,-,0
P_2860f673fc645a9d,BR_1100_100100094,BS_1100_118000268,BS_1100_118000267,BR_1100_100100094_Ord001,98,186,185,6.0,6.0,6.0,04:10:00,22:40:00,6.0,pattern_median,3.0,641,-,0
P_28a5db6febd92e3b,BR_TAGO_ICB165000412,BS_TAGO_ICB161000452,BS_TAGO_ICB161000451,BR_TAGO_ICB165000412_Ord002,31,18,17,60.0,60.0,60.0,05:40:00,22:00:00,60.0,pattern_median,30.0,117,-,0
P_28b7029b57b60e19,BR_1100_103900014,BS_1100_103900142,BS_1100_103900144,BR_1100_103900014_Ord001,16,55,54,19.0,19.0,19.0,05:55:00,23:00:00,19.0,pattern_median,9.5,성동15,-,0
P_291641b80c530240,BR_TAGO_GGB232000095,BS_TAGO_GGB115000562,BS_TAGO_GGB232000844,BR_TAGO_GGB232000095_Ord001,27,2,1,1140.0,1140.0,1140.0,05:35:00,24:35:00,20.0,pattern_median,570.0,21,-,0
P_29570ccb6c9d9654,BR_1100_100100609,BS_1100_205000233,BS_1100_205000234,BR_1100_100100609_Ord001,109,71,70,16.0,16.0,16.0,04:00:00,22:30:00,16.0,pattern_median,8.0,4425,-,0
P_295a1230d9f050b0,BR_3100_241274001,BS_TAGO_GGB213000469,BS_TAGO_GGB213000469,BR_3100_241274001_Ord001,32,106,105,10.0,10.0,10.0,05:40:00,23:08:00,10.0,pattern_median,5.0,1,-,0
P_2969de0c02fd624f,BR_TAGO_GGB232000095,BS_TAGO_GGB232000647,BS_TAGO_GGB232000844,BR_TAGO_GGB232000095_Ord002,54,58,57,20.0,20.0,20.0,04:50:00,23:50:00,20.0,pattern_median,10.0,21,-,0
P_296edf34e486a667,BR_1100_119900012,BS_1100_119900086,BS_1100_119900080,BR_1100_119900012_Ord001,25,51,50,21.0,21.0,21.0,06:00:00,23:20:00,21.0,pattern_median,10.5,동작14,-,0
P_297a6a5c4430da17,BR_TAGO_GGB234000058,BS_TAGO_GGB236001328,BS_TAGO_GGB236001329,BR_TAGO_GGB234000058_Ord002,188,54,53,20.0,20.0,20.0,04:20:48,22:00:49,20.0,pattern_median,10.0,92,-,0
P_298c8047f5b6819a,BR_1100_119900002,BS_1100_119000288,BS_1100_121000530,BR_1100_119900002_Ord001,17,51,50,21.0,21.0,21.0,06:00:00,23:30:00,21.0,pattern_median,10.5,서초06,-,0
P_29c95f548073e955,BR_1100_116900004,BS_1100_116900094,BS_1100_116000023,BR_1100_116900004_Ord001,34,78,77,14.0,14.0,14.0,05:50:00,23:50:00,14.0,pattern_median,7.0,구로11,-,0
P_29ce542e4c11ca69,BR_1100_100100011,BS_1100_207000023,BS_1100_207000437,BR_1100_100100011_Ord001,90,83,82,14.0,14.0,14.0,04:00:00,23:00:00,14.0,pattern_median,7.0,106,-,0
P_29e0c8d741e05d68,BR_1100_107000009,BS_1100_107000023,BS_1100_107000017,BR_1100_107000009_Ord001,30,10,9,18.0,16.6,18.0,06:30:00,09:05:00,18.0,pattern_median,9.0,8111,-,0
P_29f2226ffd1d5d07,BR_TAGO_GGB220000012,BS_TAGO_GGB220000054,BS_TAGO_GGB121000194,BR_TAGO_GGB220000012_Ord001,30,1,0,15.0,,,06:20:00,06:20:00,15.0,route_median,7.5,6,-,0
P_2a61f1947f2b5a9e,BR_TAGO_GGB234001736,BS_TAGO_GGB123000004,BS_TAGO_GGB234001279,BR_TAGO_GGB234001736_Ord001,15,2,1,1055.0833333333333,1055.0833333333333,1055.0833333333333,06:02:10,23:37:15,15.0,pattern_median,527.5416666666666,3302,-,0
P_2a68c1b39552d7e8,RR_ACC1_S-1-2-3U,RS_ACC1_S-1-0228,RS_ACC1_S-1-0211,RR_ACC1_S-1-2-3U_Ord002,147,1,0,5.5,,,05:30:00,05:30:00,5.5,route_median,2.75,서울 2호선,서울 2호선(본선)<외선>,1
P_2a7af595d27429f7,RR_ACC1_S-1-AP-1U,RS_ACC1_S-1-4215,RS_ACC1_S-1-4201,RR_ACC1_S-1-AP-1U_Ord001,14,101,100,11.5,6.5,14.100000000000007,05:18:00,23:32:00,8.0,pattern_median,5.75,공항철도,공항철도(인천공항2터미널-서울역)<상행>,1
P_2aa7e6b64db1828b,RR_ACC1_S-1-KJ-2U,RS_ACC1_S-1-1208,RS_ACC1_S-1-1284,RR_ACC1_S-1-KJ-2U_Ord002,41,20,19,37.0,24.8,83.19999999999999,05:00:00,21:56:00,13.0,pattern_median,18.5,경의중앙선,경의중앙선(문산-지평)<상행>,1
P_2ab6354075cd1d60,BR_1100_115900003,BS_1100_115900080,BS_1100_115900085,BR_1100_115900003_Ord001,49,42,41,25.0,25.0,25.0,06:00:00,23:00:00,25.0,pattern_median,12.5,강서02,-,0
P_2afb1371b41e5877,BR_TAGO_GGB229000087,BS_TAGO_GGB229001697,BS_TAGO_GGB229001663,BR_TAGO_GGB229000087_Ord002,97,54,53,20.0,20.0,20.0,05:00:00,22:30:00,20.0,pattern_median,10.0,56,-,0
P_2b6f133d29238f3b,BR_1100_100100194,BS_1100_106000092,BS_1100_106000091,BR_1100_100100194_Ord001,51,189,188,6.0,6.0,6.0,04:40:00,23:25:00,6.0,pattern_median,3.0,2211,-,0
P_2b93cfc64c9c4dbe,BR_1100_100100347,BS_1100_111000945,BS_1100_111000300,BR_1100_100100347_Ord001,88,81,80,14.0,14.0,14.0,04:30:00,23:00:00,14.0,pattern_median,7.0,7613,-,0
P_2ba86574c7f29991,RR_ACC1_S-1-7-1D,RS_ACC1_S-1-2752,RS_ACC1_S-1-3763,RR_ACC1_S-1-7-1D_Ord001,12,13,12,7.25,4.2,20.750000000000004,05:30:00,07:41:00,4.5,pattern_median,3.625,서울 7호선,서울 7호선(석남(거북시장)-장암)<하행>,1
P_2c4d9659806d08dd,BR_TAGO_GGB234001712,BS_TAGO_GGB104000139,BS_TAGO_GGB207000291,BR_TAGO_GGB234001712_Ord001,9,2,1,30.0,30.0,30.0,18:30:00,19:00:00,30.0,pattern_median,15.0,P9401(퇴근),-,0
P_2c4ede03b3073a96,BR_TAGO_GGB233000140,BS_TAGO_GGB233001912,BS_TAGO_GGB233001886,BR_TAGO_GGB233000140_Ord001,73,27,26,40.0,40.0,40.0,04:30:00,21:40:00,40.0,pattern_median,20.0,1002,-,0
P_2c79186b2f312900,BR_TAGO_GGB221000003,BS_TAGO_GGB222000824,BS_TAGO_GGB222000825,BR_TAGO_GGB221000003_Ord002,69,55,54,20.0,20.0,20.0,05:30:00,23:30:00,20.0,pattern_median,10.0,1000,-,0
P_2c94adbe42cd116b,BR_1100_100100033,BS_1100_109000406,BS_1100_109000408,BR_1100_100100033_Ord001,119,138,137,8.0,8.0,8.0,03:57:00,22:10:00,8.0,pattern_median,4.0,160,-,0
P_2cc13e3f8c85bfef,BR_TAGO_GGB218000105,BS_TAGO_GGB219000667,BS_TAGO_GGB219000668,BR_TAGO_GGB218000105_Ord002,27,144,143,8.0,8.0,8.0,05:30:00,24:30:00,8.0,pattern_median,4.0,M7731,-,0
P_2cd85366e32fda74,BR_TAGO_GGB228000395,BS_TAGO_GGB228000191,BS_TAGO_GGB228000192,BR_TAGO_GGB228000395_Ord002,111,7,6,30.0,30.0,32.5,05:30:00,08:35:00,30.0,pattern_median,15.0,5700A,-,0
P_2cde68e360cc9a05,BR_1100_100100131,BS_1100_107000070,BS_1100_107000249,BR_1100_100100131_Ord001,54,127,126,9.0,9.0,9.0,04:30:00,23:20:00,9.0,pattern_median,4.5,1020,-,0
P_2d07ee5fc58b8cf5,BR_TAGO_GGB234000027,BS_TAGO_GGB123000068,BS_TAGO_GGB203000253,BR_TAGO_GGB234000027_Ord001,62,2,1,1055.0,1055.0,1055.0,06:25:00,24:00:00,20.0,pattern_median,527.5,6900,-,0
P_2d28a2e784d3ca1a,BR_1100_121900002,BS_1100_121900300,BS_1100_121900299,BR_1100_121900002_Ord001,30,72,71,14.0,14.0,14.0,06:00:00,22:30:00,14.0,pattern_median,7.0,서초08,-,0
P_2d4ca0dcdcedb2aa,RR_ACC1_S-1-2-3U,RS_ACC1_S-1-0211,RS_ACC1_S-1-0211,RR_ACC1_S-1-2-3U_Ord031,474,9,8,19.0,9.35,212.24999999999991,05:30:00,17:30:00,5.5,pattern_median,9.5,서울 2호선,서울 2호선(본선)<외선>,1
P_2d7f6be46aa87aab,BR_TAGO_GGB222000137,BS_TAGO_GGB222000796,BS_TAGO_GGB222000797,BR_TAGO_GGB222000137_Ord002,90,2,1,30.0,30.0,30.0,06:30:00,07:00:00,30.0,pattern_median,15.0,1200-1,-,0
P_2da300004a02bf5a,BR_TAGO_GGB234001271,BS_TAGO_GGB121000012,BS_TAGO_GGB203000253,BR_TAGO_GGB234001271_Ord001,24,2,1,1100.0,1100.0,1100.0,06:00:00,24:20:00,20.0,pattern_median,550.0,1570,-,0
P_2dcc4486151e95de,RR_ACC1_S-1-1-7U,RS_ACC1_S-1-1408,RS_ACC1_S-1-0158,RR_ACC1_S-1-1-7U_Ord001,39,3,2,328.5,93.7,563.3,07:16:00,18:13:00,80.0,pattern_median,164.25,서울 1호선,서울 1호선(청량리-신창(순천향대))(급행)<상행>,1
P_2dd1f9fbec8f81a8,BR_1100_116000001,BS_1100_120000109,BS_1100_120000018,BR_1100_116000001_Ord001,12,13,12,10.0,10.0,10.0,07:00:00,09:00:00,10.0,pattern_median,5.0,8552,-,0
P_2e16b4c4f8394555,RR_ACC1_S-1-KJ-2U,RS_ACC1_S-1-1219,RS_ACC1_S-1-1267,RR_ACC1_S-1-KJ-2U_Ord051,35,1,0,13.0,,,15:31:00,15:31:00,13.0,route_median,6.5,경의중앙선,경의중앙선(문산-지평)<상행>,1
P_2e40748f908becd2,BR_TAGO_GGB228000395,BS_TAGO_GGB123000002,BS_TAGO_GGB228000192,BR_TAGO_GGB228000395_Ord001,55,2,1,196.65,196.65,196.65,07:08:30,10:25:09,30.0,pattern_median,98.325,5700A,-,0
P_2e49e6ac873c59de,BR_1100_100100303,BS_1100_118000268,BS_1100_118000596,BR_1100_100100303_Ord001,74,81,80,14.0,14.0,14.0,04:30:00,23:00:00,14.0,pattern_median,7.0,6625,-,0
P_2e679dc69313a555,BR_TAGO_GGB233000135,BS_TAGO_GGB233001214,BS_TAGO_GGB233001213,BR_TAGO_GGB233000135_Ord002,46,38,37,30.0,30.0,30.0,05:10:00,23:40:00,30.0,pattern_median,15.0,8501,-,0
P_2ea15289701e0097,RR_ACC1_S-1-KJ-2D,RS_ACC1_S-1-1275,RS_ACC1_S-1-1014,RR_ACC1_S-1-KJ-2D_Ord082,24,1,0,13.0,,,22:49:00,22:49:00,13.0,route_median,6.5,경의중앙선,경의중앙선(문산-지평)<하행>,1
P_2eb7af9426a83929,BR_1100_100100312,BS_1100_213000492,BS_1100_213000493,BR_1100_100100312_Ord001,78,141,140,8.0,8.0,8.0,04:30:00,23:10:00,8.0,pattern_median,4.0,6637,-,0
P_2ed31dd9d6e60c2c,BR_1100_100100522,BS_1100_106000319,BS_1100_106000467,BR_1100_100100522_Ord001,136,100,99,11.0,11.0,11.0,04:10:00,22:20:00,11.0,pattern_median,5.5,2016,-,0
P_2f023f0f71923361,RR_ACC1_S-1-2-3D,RS_ACC1_S-1-0219,RS_ACC1_S-1-0211,RR_ACC1_S-1-2-3D_Ord008,122,1,0,7.0,,,05:30:00,05:30:00,7.0,route_median,3.5,서울 2호선,서울 2호선(본선)<내선>,1
P_2f207754f1ceb53d,BR_1100_100100019,BS_1100_109000406,BS_1100_109000408,BR_1100_100100019_Ord001,87,163,162,7.0,7.0,7.0,04:00:00,22:50:00,7.0,pattern_median,3.5,140,-,0
P_2f321f5f14ce8dac,BR_TAGO_GGB222000046,BS_TAGO_GGB222000267,BS_TAGO_GGB222000268,BR_TAGO_GGB222000046_Ord002,38,145,144,8.0,8.0,8.0,05:07:00,24:20:00,8.0,pattern_median,4.0,1670,-,0
P_2f645ed2202cb86a,BR_1100_100100498,BS_1100_124000344,BS_1100_124000429,BR_1100_100100498_Ord001,112,95,94,12.0,12.0,12.0,04:30:00,23:10:00,12.0,pattern_median,6.0,3318,-,0
P_2f70c8e5d11bdd1a,RR_ACC1_S-1-5-1D,RS_ACC1_S-1-2541,RS_ACC1_S-1-2566,RR_ACC1_S-1-5-1D_Ord002,19,1,0,13.0,,,05:44:00,05:44:00,13.0,route_median,6.5,서울 5호선,서울 5호선(방화-하남풍산)<하행>,1
P_2f7dcc8814820221,BR_3100_241409006,BS_TAGO_GGB227000188,BS_TAGO_GGB227000238,BR_3100_241409006_Ord001,26,11,10,100.0,99.0,100.0,06:30:00,23:00:00,100.0,pattern_median,50.0,8,-,0
P_2f90dca0f9f42318,BR_TAGO_ICB165000145,BS_TAGO_ICB168000099,BS_TAGO_ICB168000102,BR_TAGO_ICB165000145_Ord002,41,47,46,25.0,25.0,25.0,05:00:00,24:00:00,25.0,pattern_median,12.5,1000,-,0
P_2fc1c477d1e8ad90,BR_1100_107900018,BS_1100_107900303,BS_1100_107900161,BR_1100_107900018_Ord001,34,140,139,8.0,8.0,8.0,00:00:00,23:54:00,8.0,pattern_median,4.0,성북10,-,0
P_2fd864426b173768,RR_ACC1_S-1-3-1U,RS_ACC1_S-1-0323,RS_ACC1_S-1-1958,RR_ACC1_S-1-3-1U_Ord060,25,1,0,6.0,,,05:30:00,05:30:00,6.0,route_median,3.0,서울 3호선,서울 3호선(오금-대화)<상행>,1
P_2fd929524a9b8b75,BR_TAGO_GGB233000354,BS_TAGO_GGB223000057,BS_TAGO_GGB223000161,BR_TAGO_GGB233000354_Ord002,22,31,30,35.0,35.0,35.0,05:10:00,22:40:00,35.0,pattern_median,17.5,M4449,-,0
P_30364b83035f294c,BR_TAGO_GGB234001622,BS_TAGO_GGB101000148,BS_TAGO_GGB233001753,BR_TAGO_GGB234001622_Ord001,10,2,1,1080.2833333333333,1080.2833333333333,1080.2833333333333,06:14:47,24:15:04,5.0,pattern_median,540.1416666666667,M4137,-,0
P_307647fa711d20f7,RR_ACC1_S-1-1-1D,RS_ACC1_S-1-1909,RS_ACC1_S-1-0150,RR_ACC1_S-1-1-1D_Ord138,27,2,1,718.0,718.0,718.0,10:05:00,22:03:00,7.5,pattern_median,359.0,서울 1호선,서울 1호선(소요산-인천)<하행>,1
P_309a2718fc25eab5,BR_1100_100900016,BS_1100_101000316,BS_1100_100000412,BR_1100_100900016_Ord001,22,18,17,30.0,30.0,30.0,09:00:00,17:30:00,30.0,pattern_median,15.0,TOUR01,-,0
P_30cd10f3e77aad44,BR_TAGO_GGB213000024,BS_TAGO_GGB213000106,BS_TAGO_GGB213000228,BR_TAGO_GGB213000024_Ord001,11,112,111,10.0,10.0,10.0,05:00:00,23:30:00,10.0,pattern_median,5.0,8507,-,0
P_30ceabe10baccf1e,RR_ACC1_S-1-1-1U,RS_ACC1_S-1-1019,RS_ACC1_S-1-1919,RR_ACC1_S-1-1-1U_Ord099,23,4,3,29.0,28.2,613.8,05:04:00,18:41:00,8.0,pattern_median,14.5,서울 1호선,서울 1호선(소요산-인천)<상행>,1
P_30d7ab8a6c2315ff,RR_ACC1_S-1-1-1D,RS_ACC1_S-1-1916,RS_ACC1_S-1-1812,RR_ACC1_S-1-1-1D_Ord003,62,14,13,59.0,53.2,133.6,05:15:00,21:48:00,7.5,pattern_median,29.5,서울 1호선,서울 1호선(소요산-인천)<하행>,1
P_311d55ba99c488d8,BR_TAGO_GGB200000296,BS_TAGO_GGB203000157,BS_TAGO_GGB121000009,BR_TAGO_GGB200000296_Ord001,7,2,1,35.0,35.0,35.0,07:20:00,07:55:00,35.0,pattern_median,17.5,5100예약,-,0
P_31376a0eb54de5e3,BR_TAGO_GGB234001317,BS_TAGO_GGB101000333,BS_TAGO_GGB203000028,BR_TAGO_GGB234001317_Ord001,9,2,1,1049.5166666666667,1049.5166666666667,1049.5166666666667,06:16:33,23:46:04,7.0,pattern_median,524.7583333333333,M5121,-,0
P_314d97db6872f680,BR_1100_119900013,BS_1100_119900078,BS_1100_119900111,BR_1100_119900013_Ord001,33,49,48,21.0,21.0,21.0,06:00:00,22:50:00,21.0,pattern_median,10.5,동작02,-,0
P_3184bed88cc90977,BR_TAGO_GGB233000372,BS_TAGO_GGB121000214,BS_TAGO_GGB235000599,BR_TAGO_GGB233000372_Ord001,14,1,0,18.0,,,18:30:00,18:30:00,,global_median,9.0,P9601(퇴근),-,0
P_31877835ffd09d24,RR_ACC1_S-1-1-1U,RS_ACC1_S-1-1812,RS_ACC1_S-1-1919,RR_ACC1_S-1-1-1U_Ord003,65,17,16,60.5,54.5,68.0,05:33:00,21:42:00,8.0,pattern_median,30.25,서울 1호선,서울 1호선(소요산-인천)<상행>,1
P_31889ce9d404d2f2,BR_1100_117900003,BS_1100_117900140,BS_1100_117900044,BR_1100_117900003_Ord001,31,225,224,5.0,5.0,5.0,00:00:00,23:55:00,5.0,pattern_median,2.5,금천03,-,0
P_31af2114ba31afc0,BR_1100_100100329,BS_1100_114000395,BS_1100_114000267,BR_1100_100100329_Ord001,51,58,57,19.0,19.0,19.0,05:00:00,23:00:00,19.0,pattern_median,9.5,6657,-,0
P_31b928c77e32eb0a,BR_TAGO_GGB233000139,BS_TAGO_GGB233001064,BS_TAGO_GGB121001315,BR_TAGO_GGB233000139_Ord001,29,1,0,20.0,,,06:20:00,06:20:00,20.0,route_median,10.0,8155,-,0
P_31d5efd6140ab7ce,BR_TAGO_GGB229000274,BS_TAGO_GGB229001697,BS_TAGO_GGB229001663,BR_TAGO_GGB229000274_Ord001,36,2,1,40.0,40.0,40.0,00:10:00,00:50:00,40.0,pattern_median,20.0,3100N,-,0
P_31ee836d6f373cfb,BR_1100_100100459,BS_1100_123000661,BS_1100_123000659,BR_1100_100100459_Ord001,95,105,104,11.0,11.0,11.0,03:55:00,22:55:00,11.0,pattern_median,5.5,440,-,0
P_31f0ab89548d8ebd,RR_ACC1_S-1-6-1,RS_ACC1_S-1-2617,RS_ACC1_S-1-2648,RR_ACC1_S-1-6-1_Ord007,104,2,1,128.5,128.5,128.5,05:30:00,07:38:30,8.5,pattern_median,64.25,서울 6호선,서울 6호선(신내-응암),1
P_31f4b604b87af20b,BR_TAGO_GGB231000139,BS_TAGO_GGB231000470,BS_TAGO_GGB231000536,BR_TAGO_GGB231000139_Ord002,12,69,68,15.0,15.0,15.0,05:00:00,22:00:00,15.0,pattern_median,7.5,4402,-,0
P_31fbd8b5a433e6ca,BR_1100_100100097,BS_1100_115000296,BS_1100_115000056,BR_1100_100100097_Ord001,97,126,125,9.0,9.0,9.0,04:00:00,22:40:00,9.0,pattern_median,4.5,650,-,0
P_32049028624a60be,RR_ACC1_S-1-2-3U,RS_ACC1_S-1-0202,RS_ACC1_S-1-0211,RR_ACC1_S-1-2-3U_Ord007,121,1,0,5.5,,,05:30:00,05:30:00,5.5,route_median,2.75,서울 2호선,서울 2호선(본선)<외선>,1
P_3206767b426f9ccb,BR_1100_100100613,BS_1100_123000660,BS_1100_123000436,BR_1100_100100613_Ord001,61,107,106,11.0,11.0,11.0,04:00:00,23:20:00,11.0,pattern_median,5.5,3322,-,0
P_32091b6fafd7e200,BR_TAGO_GGB204000018,BS_TAGO_GGB123000294,BS_TAGO_GGB205000186,BR_TAGO_GGB204000018_Ord001,40,2,1,700.0,700.0,700.0,06:00:00,17:40:00,100.0,pattern_median,350.0,100,-,0
P_320f8c64de4aa978,BR_1100_105900002,BS_1100_105900027,BS_1100_105900006,BR_1100_105900002_Ord001,16,91,90,11.0,11.0,11.0,06:00:00,22:30:00,11.0,pattern_median,5.5,동대문02,-,0
P_32383eed290b9d55,RR_ACC1_S-1-1-4D,RS_ACC1_S-1-0158,RS_ACC1_S-1-1749,RR_ACC1_S-1-1-4D_Ord009,35,9,8,70.0,18.4,171.4,07:48:00,19:36:00,19.0,pattern_median,35.0,서울 1호선,서울 1호선(광운대-서동탄)<하행>,1
P_3276e1c73b934dd2,BR_1100_111900001,BS_1100_111900058,BS_1100_111900028,BR_1100_111900001_Ord001,21,100,99,11.0,11.0,11.0,05:50:00,23:55:00,11.0,pattern_median,5.5,은평03,-,0
P_32a157b400d8a340,BR_TAGO_GGB229000010,BS_TAGO_GGB111000932,BS_TAGO_GGB229001627,BR_TAGO_GGB229000010_Ord001,120,2,1,1034.9333333333334,1034.9333333333334,1034.9333333333334,06:57:23,24:12:19,20.0,pattern_median,517.4666666666667,30,-,0
P_32b9a1870f19cbfa,BR_1100_100100448,BS_1100_111000907,BS_1100_111000224,BR_1100_100100448_Ord001,79,51,50,22.0,22.0,22.0,04:45:00,23:10:00,22.0,pattern_median,11.0,7013B,-,0
P_32d419e95b0b229d,BR_TAGO_GGB234000879,BS_TAGO_GGB228001736,BS_TAGO_GGB228001737,BR_TAGO_GGB234000879_Ord002,53,73,72,15.0,15.0,15.0,05:00:00,23:00:00,15.0,pattern_median,7.5,1101,-,0
P_32ed5691350de459,RR_ACC1_S-1-1-4U,RS_ACC1_S-1-1716,RS_ACC1_S-1-0158,RR_ACC1_S-1-1-4U_Ord002,34,3,2,45.0,34.6,55.4,05:11:00,06:41:00,19.0,pattern_median,22.5,서울 1호선,서울 1호선(광운대-서동탄)<상행>,1
P_330aad1610a9190d,BR_1100_117900010,BS_1100_117900193,BS_1100_117900168,BR_1100_117900010_Ord001,34,47,46,23.0,23.0,23.0,05:20:00,23:00:00,23.0,pattern_median,11.5,금천11,-,0
P_3357a492c4ac9e47,BR_TAGO_GGB233000131,BS_TAGO_GGB121000007,BS_TAGO_GGB233003123,BR_TAGO_GGB233000131_Ord001,22,2,1,1075.0,1075.0,1075.0,06:00:00,23:55:00,10.0,pattern_median,537.5,6001,-,0
P_3385422683bef43a,RR_ACC1_S-1-1-4D,RS_ACC1_S-1-0159,RS_ACC1_S-1-1749,RR_ACC1_S-1-1-4D_Ord045,32,2,1,666.0,666.0,666.0,05:41:00,16:47:00,19.0,pattern_median,333.0,서울 1호선,서울 1호선(광운대-서동탄)<하행>,1
P_3389e00bbc63d222,RR_ACC1_S-1-7-1D,RS_ACC1_S-1-2711,RS_ACC1_S-1-3763,RR_ACC1_S-1-7-1D_Ord012,53,32,31,15.0,10.0,44.5,05:35:00,22:54:00,4.5,pattern_median,7.5,서울 7호선,서울 7호선(석남(거북시장)-장암)<하행>,1
P_33a88699941cedad,BR_TAGO_GGB228000426,BS_TAGO_GGB228000439,BS_TAGO_GGB228000434,BR_TAGO_GGB228000426_Ord002,17,23,22,40.0,40.0,40.0,06:40:00,21:20:00,40.0,pattern_median,20.0,용인시광역콜버스,-,0
P_33dade3378f9193f,BR_3100_241312018,BS_TAGO_GGB218000600,BS_TAGO_GGB218000599,BR_3100_241312018_Ord001,39,34,33,30.0,30.0,30.0,05:50:00,22:00:00,30.0,pattern_median,15.0,022B,-,0
P_33eee1ab554b931b,RR_ACC1_S-1-6-1,RS_ACC1_S-1-2648,RS_ACC1_S-1-2611,RR_ACC1_S-1-6-1_Ord023,535,1,0,8.5,,,06:57:00,06:57:00,8.5,route_median,4.25,서울 6호선,서울 6호선(신내-응암),1
P_33ef9e52f312f014,BR_1100_100100098,BS_1100_115000037,BS_1100_115000036,BR_1100_100100098_Ord001,98,103,102,11.0,11.0,11.0,04:00:00,22:40:00,11.0,pattern_median,5.5,651,-,0
P_34320f0d8a4cb748,BR_TAGO_GGB234000314,BS_TAGO_GGB233001447,BS_TAGO_GGB121000009,BR_TAGO_GGB234000314_Ord001,17,1,0,10.0,,,05:55:00,05:55:00,10.0,route_median,5.0,6004,-,0
P_34668758a9d8e0f0,BR_TAGO_GGB232000067,BS_TAGO_GGB208000037,BS_TAGO_GGB232000776,BR_TAGO_GGB232000067_Ord001,64,2,1,1117.1833333333334,1117.1833333333334,1117.1833333333334,05:35:27,24:12:38,10.0,pattern_median,558.5916666666667,388,-,0
P_34ae7447b4bf186e,BR_1100_107000001,BS_1100_107000017,BS_1100_107000018,BR_1100_107000001_Ord001,30,63,62,18.0,18.0,18.0,05:00:00,23:30:00,18.0,pattern_median,9.0,1116,-,0
P_34c831c4fb209e1a,BR_1100_109900006,BS_1100_109000179,BS_1100_109000403,BR_1100_109900006_Ord001,44,63,62,18.0,18.0,18.0,00:10:00,23:48:00,18.0,pattern_median,9.0,도봉08,-,0
P_34ca54ef1fc547d5,BR_TAGO_GGB204000041,BS_TAGO_GGB206000010,BS_TAGO_GGB206000011,BR_TAGO_GGB204000041_Ord001,31,111,110,10.0,10.0,10.0,05:00:00,23:20:00,10.0,pattern_median,5.0,9004,-,0
P_34edd2646f5c5e4d,BR_TAGO_GGB213000010,BS_TAGO_GGB213000399,BS_TAGO_GGB213000375,BR_TAGO_GGB213000010_Ord002,77,110,109,10.0,10.0,10.0,05:10:00,23:15:00,10.0,pattern_median,5.0,22,-,0
P_350422584177c352,BR_TAGO_GGB233000393,BS_TAGO_GGB233002499,BS_TAGO_GGB233002498,BR_TAGO_GGB233000393_Ord001,14,31,30,30.0,30.0,30.0,07:00:00,22:00:00,30.0,pattern_median,15.0,화성시광역콜버스,-,0
P_3509f49fddb901cf,BR_TAGO_GGB218000011,BS_TAGO_GGB101000332,BS_TAGO_GGB219000645,BR_TAGO_GGB218000011_Ord001,30,2,1,1079.9666666666667,1079.9666666666667,1079.9666666666667,05:57:27,23:57:25,90.0,pattern_median,539.9833333333333,1100,-,0
P_354c57aa402110d5,BR_TAGO_GGB204000180,BS_TAGO_GGB204000068,BS_TAGO_GGB204000148,BR_TAGO_GGB204000180_Ord002,38,69,68,15.0,15.0,15.0,05:00:00,22:00:00,15.0,pattern_median,7.5,210,-,0
P_355a43ce2ced77b5,BR_1100_116900010,BS_1100_116900106,BS_1100_116900010,BR_1100_116900010_Ord001,12,182,181,6.0,6.0,6.0,05:40:00,23:45:00,6.0,pattern_median,3.0,구로03,-,0
P_359126d88c77ab04,BR_TAGO_GGB208000020,BS_TAGO_GGB120000672,BS_TAGO_GGB208000096,BR_TAGO_GGB208000020_Ord001,41,2,1,1098.0,1098.0,1098.0,04:42:00,23:00:00,6.0,pattern_median,549.0,9-3,-,0
P_35b3b0f70dbf8397,BR_1100_100100537,BS_1100_218000604,BS_1100_218000603,BR_1100_100100537_Ord001,93,95,94,12.0,12.0,12.0,04:00:00,22:40:00,12.0,pattern_median,6.0,740,-,0
P_35c033be2855ef57,BR_TAGO_GGB210000014,BS_TAGO_GGB212000041,BS_TAGO_GGB212000380,BR_TAGO_GGB210000014_Ord001,55,2,1,1145.1166666666666,1145.1166666666666,1145.1166666666666,05:02:18,24:07:25,5.0,pattern_median,572.5583333333333,5,-,0
P_35c1ae5b9b0db6f4,RR_ACC1_S-1-8-1D,RS_ACC1_S-1-2811,RS_ACC1_S-1-2818,RR_ACC1_S-1-8-1D_Ord146,8,1,0,8.5,,,24:48:00,24:48:00,8.5,route_median,4.25,서울 8호선,서울 8호선(모란-암사)<하행>,1
P_35c7d87605253ee7,BR_TAGO_GGB229000018,BS_TAGO_GGB229001251,BS_TAGO_GGB229001271,BR_TAGO_GGB229000018_Ord002,125,90,89,12.0,12.0,12.0,04:40:00,22:20:00,12.0,pattern_median,6.0,66,-,0
P_35c9113c9f3685ae,BR_1100_107000005,BS_1100_206000335,BS_1100_206000215,BR_1100_107000005_Ord001,85,44,43,25.0,25.0,25.0,05:00:00,23:00:00,25.0,pattern_median,12.5,9409,-,0
P_35ed35d004f0b43d,RR_ACC1_S-1-9-2D,RS_ACC1_S-1-4125,RS_ACC1_S-1-4101,RR_ACC1_S-1-9-2D_Ord004,25,1,0,11.0,,,05:30:00,05:30:00,11.0,route_median,5.5,서울 9호선,서울 9호선(개화-중앙보훈병원)<하행>,1
P_361cbeee457903bb,RR_ACC1_S-1-9-1U,RS_ACC1_S-1-4102,RS_ACC1_S-1-4138,RR_ACC1_S-1-9-1U_Ord002,16,115,114,11.0,6.333333333333333,11.291666666666668,05:30:00,23:28:20,11.0,pattern_median,5.5,서울 9호선,서울 9호선(중앙보훈병원-김포공항)(급행)<상행>,1
P_3621ad9a65696645,RR_ACC1_S-1-1-4D,RS_ACC1_S-1-0150,RS_ACC1_S-1-1749,RR_ACC1_S-1-1-4D_Ord044,26,1,0,19.0,,,05:20:00,05:20:00,19.0,route_median,9.5,서울 1호선,서울 1호선(광운대-서동탄)<하행>,1
P_3630e421a7fb899c,BR_TAGO_GGB229000072,BS_TAGO_GGB101000332,BS_TAGO_GGB229001663,BR_TAGO_GGB229000072_Ord001,14,2,1,877.9833333333333,877.9833333333333,877.9833333333333,08:24:54,23:02:53,16.0,pattern_median,438.9916666666667,G7111,-,0
P_364300707bff5ed7,BR_TAGO_GGB234000875,BS_TAGO_GGB203000286,BS_TAGO_GGB203000287,BR_TAGO_GGB234000875_Ord002,20,17,16,67.0,67.0,67.0,05:10:00,22:54:00,67.0,pattern_median,33.5,M4101,-,0
P_366e745109a83926,RR_ACC1_S-1-4-4U,RS_ACC1_S-1-0433,RS_ACC1_S-1-0405,RR_ACC1_S-1-4-4U_Ord002,28,70,69,14.5,10.0,21.0,06:30:00,23:49:00,14.0,pattern_median,7.25,서울 4호선,서울 4호선(진접-사당)<상행>,1
P_36814c70861ddf7e,RR_ACC1_S-1-AP-1D,RS_ACC1_S-1-4201,RS_ACC1_S-1-4209,RR_ACC1_S-1-AP-1D_Ord103,8,54,53,14.5,11.5,32.80000000000002,05:50:00,24:00:00,7.0,pattern_median,7.25,공항철도,공항철도(인천공항2터미널-서울역)<하행>,1
P_36a2471a7737177d,BR_TAGO_GGB207000003,BS_TAGO_GGB207000427,BS_TAGO_GGB207000330,BR_TAGO_GGB207000003_Ord002,45,90,89,12.0,12.0,12.0,05:00:51,22:50:52,12.0,pattern_median,6.0,1-9,-,0
P_36ae8854e75511ec,BR_TAGO_GGB222000028,BS_TAGO_GGB105000028,BS_TAGO_GGB222000825,BR_TAGO_GGB222000028_Ord001,56,2,1,1095.0,1095.0,1095.0,05:35:00,23:50:00,10.0,pattern_median,547.5,165,-,0
P_36b28377c691d547,BR_1100_100100357,BS_1100_218000604,BS_1100_218000603,BR_1100_100100357_Ord001,63,55,54,21.0,21.0,21.0,00:00:00,23:33:00,21.0,pattern_median,10.5,7726,-,0
P_37763c9ea90d5511,RR_ACC1_S-1-5-2D,RS_ACC1_S-1-2531,RS_ACC1_S-1-2561,RR_ACC1_S-1-5-2D_Ord005,26,1,0,11.5,,,05:40:00,05:40:00,11.5,route_median,5.75,서울 5호선,서울 5호선(방화-마천)<하행>,1
P_377bfdfb85a7c0ca,BR_1100_104000006,BS_1100_106000319,BS_1100_106000467,BR_1100_104000006_Ord001,108,79,78,14.0,14.0,14.0,04:20:00,22:30:00,14.0,pattern_median,7.0,242,-,0
P_37a70be55df2c256,BR_1100_100100261,BS_1100_117000132,BS_1100_117000920,BR_1100_100100261_Ord001,44,67,66,17.0,17.0,17.0,04:50:00,23:20:00,17.0,pattern_median,8.5,5525,-,0
P_37af5a1c1820e191,BR_1100_100100307,BS_1100_115000916,BS_1100_115000917,BR_1100_100100307_Ord001,97,71,70,16.0,16.0,16.0,04:20:00,22:50:00,16.0,pattern_median,8.0,6630,-,0
P_37c3acc0027b8e77,BR_1100_100100147,BS_1100_110000308,BS_1100_110000385,BR_1100_100100147_Ord001,57,68,67,17.0,17.0,17.0,05:00:00,23:50:00,17.0,pattern_median,8.5,1131,-,0
P_37e74c885abdc9c6,BR_1100_100100599,BS_1100_106000319,BS_1100_106000467,BR_1100_100100599_Ord001,117,94,93,12.0,12.0,12.0,04:00:00,22:30:00,12.0,pattern_median,6.0,2311,-,0
P_37f4a8e596c4a139,BR_TAGO_GGB234000873,BS_TAGO_GGB222000652,BS_TAGO_GGB222000653,BR_TAGO_GGB234000873_Ord002,103,108,107,10.0,10.0,10.0,04:55:42,22:45:42,10.0,pattern_median,5.0,100,-,0
P_3844b4d17eaa1fc2,BR_3100_241352007,BS_TAGO_GGB218000639,BS_TAGO_GGB218000638,BR_3100_241352007_Ord001,65,53,52,20.0,20.0,20.0,05:40:00,23:00:00,20.0,pattern_median,10.0,075A,-,0
P_387fd540f4b294c5,BR_TAGO_GGB213000027,BS_TAGO_GGB213000399,BS_TAGO_GGB213000375,BR_TAGO_GGB213000027_Ord002,35,53,52,20.0,20.0,20.0,05:40:00,23:00:00,20.0,pattern_median,10.0,102,-,0
P_38a28392fcd19998,BR_TAGO_GGB208000024,BS_TAGO_GGB121001314,BS_TAGO_GGB226000070,BR_TAGO_GGB208000024_Ord001,64,2,1,1060.45,1060.45,1060.45,05:41:46,23:22:13,11.0,pattern_median,530.225,1-1,-,0
P_390a86510cb305fe,RR_ACC1_S-1-KJ-2D,RS_ACC1_S-1-1275,RS_ACC1_S-1-1208,RR_ACC1_S-1-KJ-2D_Ord043,33,2,1,42.0,42.0,42.0,13:58:00,14:40:00,13.0,pattern_median,21.0,경의중앙선,경의중앙선(문산-지평)<하행>,1
P_395d9c7dc0ae3990,RR_ACC1_S-1-KP-1D,RS_ACC1_S-1-4921,RS_ACC1_S-1-4929,RR_ACC1_S-1-KP-1D_Ord001,9,144,143,6.0,3.0,12.0,06:19:10,24:19:10,5.716666666666667,pattern_median,3.0,김포도시철도,김포도시철도(김포공항-양촌)<하행>,1
P_39e16c7fa0c7a8fa,BR_1100_100100014,BS_1100_108000382,BS_1100_108000383,BR_1100_100100014_Ord001,64,115,114,10.0,10.0,10.0,04:27:00,23:20:00,10.0,pattern_median,5.0,109,-,0
P_3a0f0232cb17ba2d,BR_TAGO_GGB208000017,BS_TAGO_GGB117000001,BS_TAGO_GGB209000053,BR_TAGO_GGB208000017_Ord001,49,2,1,1075.0,1075.0,1075.0,05:25:00,23:20:00,5.0,pattern_median,537.5,51,-,0
P_3a137bac399165cc,RR_ACC1_S-1-1-4D,RS_ACC1_S-1-1906,RS_ACC1_S-1-1749,RR_ACC1_S-1-1-4D_Ord008,49,2,1,21.0,21.0,21.0,06:47:00,07:08:00,19.0,pattern_median,10.5,서울 1호선,서울 1호선(광운대-서동탄)<하행>,1
P_3a1ba30f3a81678a,BR_1100_100100247,BS_1100_122000128,BS_1100_122000136,BR_1100_100100247_Ord001,34,120,119,9.0,9.0,9.0,05:40:00,23:30:00,9.0,pattern_median,4.5,4433,-,0
P_3a32068c255a8663,RR_ACC1_S-1-4-4U,RS_ACC1_S-1-0409,RS_ACC1_S-1-0405,RR_ACC1_S-1-4-4U_Ord004,4,7,6,17.0,9.5,154.0,05:32:00,11:33:00,14.0,pattern_median,8.5,서울 4호선,서울 4호선(진접-사당)<상행>,1
P_3a3b0eb7f8829dae,BR_1100_100100446,BS_1100_111000907,BS_1100_111000315,BR_1100_100100446_Ord001,71,62,61,19.0,19.0,19.0,04:10:00,23:20:00,19.0,pattern_median,9.5,7025,-,0
P_3a420d38b7cf84a6,BR_TAGO_GGB232000105,BS_TAGO_GGB232000725,BS_TAGO_GGB232000724,BR_TAGO_GGB232000105_Ord001,35,1,0,18.0,,,00:41:55,00:41:55,,global_median,9.0,이음1,-,0
P_3abc3323dcba29b2,BR_TAGO_ICB165000377,BS_TAGO_ICB168001337,BS_TAGO_ICB168001336,BR_TAGO_ICB165000377_Ord002,37,55,54,20.0,20.0,20.0,05:00:00,23:00:00,20.0,pattern_median,10.0,7700,-,0
P_3ae7088ed7de3adb,BR_TAGO_GGB210000001,BS_TAGO_GGB212000379,BS_TAGO_GGB212000380,BR_TAGO_GGB210000001_Ord002,95,180,179,6.0,6.0,6.0,04:50:00,22:45:00,6.0,pattern_median,3.0,50,-,0
P_3af4b7c9832d06d4,RR_ACC1_S-1-KJ-2U,RS_ACC1_S-1-1219,RS_ACC1_S-1-1003,RR_ACC1_S-1-KJ-2U_Ord025,28,2,1,809.0,809.0,809.0,09:12:00,22:41:00,13.0,pattern_median,404.5,경의중앙선,경의중앙선(문산-지평)<상행>,1
P_3afb8bba55936e09,BR_TAGO_ICB165000150,BS_TAGO_ICB112000170,BS_TAGO_ICB164000472,BR_TAGO_ICB165000150_Ord001,45,2,1,1020.0,1020.0,1020.0,06:00:00,23:00:00,60.0,pattern_median,510.0,1301,-,0
P_3b0ee409f030b657,BR_TAGO_GGB213000009,BS_TAGO_GGB116000120,BS_TAGO_GGB224001171,BR_TAGO_GGB213000009_Ord001,60,2,1,1080.0333333333333,1080.0333333333333,1080.0333333333333,05:51:33,23:51:35,10.0,pattern_median,540.0166666666667,39,-,0
P_3b0eec69ce45df43,BR_1100_100100292,BS_1100_116000032,BS_1100_116000033,BR_1100_100100292_Ord001,80,113,112,10.0,10.0,10.0,03:50:00,22:30:00,10.0,pattern_median,5.0,6512,-,0
P_3b11d95b89e03ff9,BR_TAGO_GGB235000085,BS_TAGO_GGB235000117,BS_TAGO_GGB235000133,BR_TAGO_GGB235000085_Ord002,26,36,35,30.0,29.55666666666667,30.583333333333332,05:35:47,23:06:01,30.0,pattern_median,15.0,1100,-,0
P_3b1fe09b0a95cfeb,BR_1100_107900002,BS_1100_107900248,BS_1100_107900172,BR_1100_107900002_Ord001,30,90,89,12.0,12.0,12.0,05:45:00,23:34:00,12.0,pattern_median,6.0,성북03,-,0
P_3b58325ca93411f1,RR_ACC1_S-1-3-1D,RS_ACC1_S-1-1958,RS_ACC1_S-1-0339,RR_ACC1_S-1-3-1D_Ord052,41,13,12,51.75,15.3,213.10000000000002,06:55:30,23:22:00,6.0,pattern_median,25.875,서울 3호선,서울 3호선(오금-대화)<하행>,1
P_3b60fab6b675188e,BR_TAGO_GGB229000102,BS_TAGO_GGB229001394,BS_TAGO_GGB229000930,BR_TAGO_GGB229000102_Ord002,20,158,157,7.0,6.8933333333333335,7.083333333333333,05:44:12,24:01:31,7.0,pattern_median,3.5,M7111,-,0
P_3b8d6e9e99c7a655,BR_TAGO_GGB221000033,BS_TAGO_GGB221000217,BS_TAGO_GGB221000217,BR_TAGO_GGB221000033_Ord002,31,69,68,15.0,15.0,15.0,05:50:00,22:40:00,15.0,pattern_median,7.5,1680,-,0
P_3b97c8cd5b1bb334,BR_TAGO_GGB200000104,BS_TAGO_GGB121000920,BS_TAGO_GGB201000447,BR_TAGO_GGB200000104_Ord001,30,2,1,1231.0833333333333,1231.0833333333333,1231.0833333333333,05:30:43,26:01:48,12.0,pattern_median,615.5416666666666,3000,-,0
P_3ba89f616510e106,BR_TAGO_GGB221000035,BS_TAGO_GGB221000217,BS_TAGO_GGB221000330,BR_TAGO_GGB221000035_Ord002,19,71,70,15.0,15.0,15.0,05:40:00,23:05:00,15.0,pattern_median,7.5,G1690,-,0
P_3bd99810ab85f532,BR_1100_100100320,BS_1100_115000321,BS_1100_115000320,BR_1100_100100320_Ord001,54,136,135,8.0,8.0,8.0,05:00:00,23:00:00,8.0,pattern_median,4.0,6647,-,0
P_3be88ffde6cc3a11,BR_1100_100100036,BS_1100_107000023,BS_1100_107000018,BR_1100_100100036_Ord001,84,128,127,9.0,9.0,9.0,04:00:00,23:00:00,9.0,pattern_median,4.5,171,-,0
P_3c0f59ce2f838939,BR_3100_241347006,BS_TAGO_GGB277102477,BS_TAGO_GGB277102556,BR_3100_241347006_Ord001,57,69,68,16.0,16.0,16.0,05:20:00,23:30:00,16.0,pattern_median,8.0,82B,-,0
P_3c2f7b358f1372f7,RR_ACC1_S-1-KJ-5U,RS_ACC1_S-1-1219,RS_ACC1_S-1-1267,RR_ACC1_S-1-KJ-5U_Ord001,21,2,1,22.0,22.0,22.0,06:53:00,07:15:00,22.0,pattern_median,11.0,경의중앙선,경의중앙선(용문-수색)(급행)<상행>,1
P_3c6a07d3f71aa81f,RR_ACC1_S-1-1-1D,RS_ACC1_S-1-1915,RS_ACC1_S-1-1701,RR_ACC1_S-1-1-1D_Ord084,41,1,0,7.5,,,07:12:00,07:12:00,7.5,route_median,3.75,서울 1호선,서울 1호선(소요산-인천)<하행>,1
P_3c84c6a040e1a86a,RR_ACC1_S-1-1-4D,RS_ACC1_S-1-1019,RS_ACC1_S-1-1716,RR_ACC1_S-1-1-4D_Ord006,39,7,6,125.0,45.5,304.0,06:22:00,22:11:00,19.0,pattern_median,62.5,서울 1호선,서울 1호선(광운대-서동탄)<하행>,1
P_3ce76be3ae203362,RR_ACC1_S-1-1-5U,RS_ACC1_S-1-1811,RS_ACC1_S-1-1701,RR_ACC1_S-1-1-5U_Ord025,10,12,11,24.0,17.0,52.0,09:22:00,22:51:00,9.0,pattern_median,12.0,서울 1호선,서울 1호선(용산-동인천)(급행)<상행>,1
P_3cefc26f7f343dad,BR_TAGO_GGB208000005,BS_TAGO_GGB225000180,BS_TAGO_GGB225000181,BR_TAGO_GGB208000005_Ord002,110,186,185,6.0,6.0,6.0,04:30:00,23:00:00,6.0,pattern_median,3.0,11-5,-,0
P_3cf9d249065b89b7,BR_1100_114000003,BS_1100_118000268,BS_1100_118000596,BR_1100_114000003_Ord001,31,10,9,18.0,16.6,18.0,06:30:00,09:05:00,18.0,pattern_median,9.0,8671,-,0
P_3d209a8bf149f668,BR_TAGO_GGB204000150,BS_TAGO_GGB206000040,BS_TAGO_GGB206000215,BR_TAGO_GGB204000150_Ord001,26,2,1,120.0,120.0,120.0,23:00:00,25:00:00,120.0,pattern_median,60.0,반디1-1,-,0
P_3d496880f63b970c,RR_ACC1_S-1-SH-1D,RS_ACC1_S-1-4825,RS_ACC1_S-1-4815,RR_ACC1_S-1-SH-1D_Ord002,17,55,54,19.5,10.0,30.0,05:24:00,23:31:00,11.0,pattern_median,9.75,서해선,서해선(원시-일산)<하행>,1
P_3d84d24735b62f50,RR_ACC1_S-1-1-1D,RS_ACC1_S-1-1906,RS_ACC1_S-1-1812,RR_ACC1_S-1-1-1D_Ord004,52,22,21,44.0,21.0,80.0,05:07:00,22:40:00,7.5,pattern_median,22.0,서울 1호선,서울 1호선(소요산-인천)<하행>,1
P_3d8a5783fef9c8ec,BR_1100_100100287,BS_1100_209000265,BS_1100_209000264,BR_1100_100100287_Ord001,92,123,122,9.0,9.0,9.0,04:05:00,22:25:00,9.0,pattern_median,4.5,5713,-,0
P_3d93ac203e1e9255,BR_TAGO_GGB224000052,BS_TAGO_GGB224000832,BS_TAGO_GGB224000832,BR_TAGO_GGB224000052_Ord002,81,75,74,15.0,15.0,15.0,05:00:00,23:20:00,15.0,pattern_median,7.5,5200,-,0
P_3de4ea22a0ddb175,BR_1100_100100015,BS_1100_107000070,BS_1100_107000249,BR_1100_100100015_Ord001,91,141,140,8.0,8.0,8.0,04:05:00,22:45:00,8.0,pattern_median,4.0,110B국민대,-,0
P_3df148d26e412966,BR_1100_122900004,BS_1100_122900096,BS_1100_122900092,BR_1100_122900004_Ord001,33,68,67,15.0,15.0,15.0,06:00:00,22:40:00,15.0,pattern_median,7.5,강남03,-,0
P_3df917dbc2c1c8a5,BR_1100_100100276,BS_1100_117000132,BS_1100_117000920,BR_1100_100100276_Ord001,54,105,104,11.0,11.0,11.0,04:30:00,23:30:00,11.0,pattern_median,5.5,5619,-,0
P_3e17ac992a1bbff0,RR_ACC1_S-1-1-2D,RS_ACC1_S-1-1701,RS_ACC1_S-1-1408,RR_ACC1_S-1-1-2D_Ord003,36,6,5,73.0,39.8,288.6,05:18:00,17:03:00,19.0,pattern_median,36.5,서울 1호선,서울 1호선(광운대-신창(순천향대))<하행>,1
P_3e1c01752e202968,BR_1100_104900004,BS_1100_104000096,BS_1100_104000116,BR_1100_104900004_Ord001,37,151,150,7.0,7.0,7.0,06:00:00,23:30:00,7.0,pattern_median,3.5,광진05,-,0
P_3e40a355aed96d45,RR_ACC1_S-1-KJ-2D,RS_ACC1_S-1-1284,RS_ACC1_S-1-1003,RR_ACC1_S-1-KJ-2D_Ord085,25,2,1,633.0,633.0,633.0,07:02:00,17:35:00,13.0,pattern_median,316.5,경의중앙선,경의중앙선(문산-지평)<하행>,1
P_3e542f3a53462a2e,BR_TAGO_GGB222000209,BS_TAGO_GGB222000322,BS_TAGO_GGB222000325,BR_TAGO_GGB222000209_Ord002,14,109,108,10.0,10.0,10.0,05:03:07,23:03:07,10.0,pattern_median,5.0,M2352,-,0
P_3e68d310b876c000,BR_1100_100100193,BS_1100_106000469,BS_1100_106000480,BR_1100_100100193_Ord001,79,99,98,11.0,11.0,11.0,05:30:00,23:30:00,11.0,pattern_median,5.5,2114,-,0
P_3e73995c22e83e5f,BR_1100_113900016,BS_1100_113900315,BS_1100_113900314,BR_1100_113900016_Ord001,24,66,65,12.0,12.0,12.0,10:00:00,23:00:00,12.0,pattern_median,6.0,마포18,-,0
P_3e785f7af81efa09,BR_TAGO_GGB232000072,BS_TAGO_GGB112000170,BS_TAGO_GGB232000620,BR_TAGO_GGB232000072_Ord001,18,2,1,1120.1666666666667,1120.1666666666667,1120.1666666666667,05:51:02,24:31:12,15.0,pattern_median,560.0833333333334,8601,-,0
P_3e8dd31313f07f55,BR_TAGO_GGB213000026,BS_TAGO_GGB213000328,BS_TAGO_GGB213000328,BR_TAGO_GGB213000026_Ord001,82,33,32,30.0,30.0,30.0,06:00:00,22:00:00,30.0,pattern_median,15.0,77,-,0
P_3e9b6cb1e279edc5,BR_TAGO_GGB234000884,BS_TAGO_GGB121000007,BS_TAGO_GGB228000723,BR_TAGO_GGB234000884_Ord001,37,2,1,1050.4333333333334,1050.4333333333334,1050.4333333333334,06:22:25,23:52:51,5.0,pattern_median,525.2166666666667,1560,-,0
P_3ea07ea460b7e03e,BR_1100_114900006,BS_1100_116000016,BS_1100_118000221,BR_1100_114900006_Ord001,26,56,55,19.0,19.0,19.0,06:00:00,23:30:00,19.0,pattern_median,9.5,영등포12,-,0
P_3ed65b4c0131974b,RR_ACC1_S-1-GC-1D,RS_ACC1_S-1-1014,RS_ACC1_S-1-1319,RR_ACC1_S-1-GC-1D_Ord054,14,1,0,23.0,,,23:45:00,23:45:00,23.0,route_median,11.5,경춘선,경춘선(청량리-춘천)<하행>,1
P_3f02439fafdddbc1,BR_TAGO_GGB222000073,BS_TAGO_GGB222000267,BS_TAGO_GGB222000268,BR_TAGO_GGB222000073_Ord001,61,54,53,20.0,20.0,20.0,05:00:00,22:30:00,20.0,pattern_median,10.0,1700,-,0
P_3f483e512fc14d95,BR_1100_100100585,BS_1100_123000660,BS_1100_123000436,BR_1100_100100585_Ord001,111,9,8,25.0,22.0,25.0,00:00:00,03:10:00,25.0,pattern_median,12.5,N37,-,0
P_3f541524cdb5f1a6,BR_TAGO_ICB165000152,BS_TAGO_ICB167000390,BS_TAGO_ICB167000391,BR_TAGO_ICB165000152_Ord002,46,30,29,40.0,40.0,40.0,05:00:00,24:00:00,40.0,pattern_median,20.0,1500,-,0
P_3f561e20a41d555a,BR_TAGO_GGB208000007,BS_TAGO_GGB117000002,BS_TAGO_GGB209000053,BR_TAGO_GGB208000007_Ord001,39,2,1,1071.2166666666667,1071.2166666666667,1071.2166666666667,05:52:16,23:43:29,16.0,pattern_median,535.6083333333333,1,-,0
P_3f70355fb07f3f42,RR_ACC1_S-1-6-1,RS_ACC1_S-1-2648,RS_ACC1_S-1-2617,RR_ACC1_S-1-6-1_Ord028,526,2,1,82.0,82.0,82.0,06:11:00,07:33:00,8.5,pattern_median,41.0,서울 6호선,서울 6호선(신내-응암),1
P_3f872ed58cb83aeb,BR_TAGO_GGB204000153,BS_TAGO_GGB205000032,BS_TAGO_GGB205000085,BR_TAGO_GGB204000153_Ord002,66,25,24,40.0,40.0,40.0,05:30:00,21:30:00,40.0,pattern_median,20.0,9400,-,0
P_3f9d2b446dc3aab6,BR_TAGO_GGB239000141,BS_TAGO_GGB239000685,BS_TAGO_GGB239000418,BR_TAGO_GGB239000141_Ord001,41,6,5,195.0,195.0,216.0,05:55:00,22:45:00,195.0,pattern_median,97.5,7002,-,0
P_3f9ee59dfec2a9bc,BR_TAGO_GGB200000112,BS_TAGO_GGB228001174,BS_TAGO_GGB228000708,BR_TAGO_GGB200000112_Ord002,58,94,93,12.0,12.0,12.0,05:30:00,24:00:00,12.0,pattern_median,6.0,7000,-,0
P_3fe02997d45c0448,BR_TAGO_GGB234000009,BS_TAGO_GGB234000600,BS_TAGO_GGB234000467,BR_TAGO_GGB234000009_Ord002,123,104,103,10.0,10.0,10.0,05:00:00,22:10:00,10.0,pattern_median,5.0,32,-,0
P_3fe8e7bcecbad3f2,RR_ACC1_S-1-KJ-2U,RS_ACC1_S-1-1220,RS_ACC1_S-1-1284,RR_ACC1_S-1-KJ-2U_Ord018,53,5,4,192.0,134.2,229.5,07:39:00,19:58:00,13.0,pattern_median,96.0,경의중앙선,경의중앙선(문산-지평)<상행>,1
P_4019275aa2e2cc9f,BR_1100_100100159,BS_1100_110000327,BS_1100_110000324,BR_1100_100100159_Ord001,61,77,76,15.0,15.0,15.0,04:40:00,23:40:00,15.0,pattern_median,7.5,1144,-,0
P_401abd566b89b6b6,BR_1100_107000007,BS_1100_107000073,BS_1100_107000074,BR_1100_107000007_Ord001,62,96,95,12.0,12.0,12.0,04:00:00,23:00:00,12.0,pattern_median,6.0,1112,-,0
P_402bbd98cb101294,RR_ACC1_S-1-KJ-2D,RS_ACC1_S-1-1267,RS_ACC1_S-1-1208,RR_ACC1_S-1-KJ-2D_Ord019,24,2,1,39.0,39.0,39.0,08:43:00,09:22:00,13.0,pattern_median,19.5,경의중앙선,경의중앙선(문산-지평)<하행>,1
P_402d3f47cdbb29fc,BR_1100_107900001,BS_1100_107900304,BS_1100_107900229,BR_1100_107900001_Ord001,27,125,124,9.0,9.0,9.0,00:08:00,23:59:00,9.0,pattern_median,4.5,성북13,-,0
P_40bdf66b9e564a6a,RR_ACC1_S-1-KJ-2D,RS_ACC1_S-1-1267,RS_ACC1_S-1-1210,RR_ACC1_S-1-KJ-2D_Ord059,26,1,0,13.0,,,17:53:00,17:53:00,13.0,route_median,6.5,경의중앙선,경의중앙선(문산-지평)<하행>,1
P_413f937e17176fbf,BR_1100_108900013,BS_1100_108900250,BS_1100_108000185,BR_1100_108900013_Ord001,16,136,135,8.0,8.0,8.0,05:50:00,23:50:00,8.0,pattern_median,4.0,강북08,-,0
P_41402c7b9f8308ad,BR_TAGO_GGB228000412,BS_TAGO_GGB228002134,BS_TAGO_GGB121000153,BR_TAGO_GGB228000412_Ord001,9,1,0,40.0,,,06:37:22,06:37:22,40.0,route_median,20.0,M4455,-,0
P_4140760f92dbde43,BR_1100_111000011,BS_1100_229001697,BS_1100_229001663,BR_1100_111000011_Ord001,135,72,71,17.0,17.0,17.0,00:03:00,23:46:00,17.0,pattern_median,8.5,773,-,0
P_4160da9c5821416d,BR_1100_107900009,BS_1100_107900326,BS_1100_107900322,BR_1100_107900009_Ord001,22,141,140,8.0,8.0,8.0,00:00:00,23:52:00,8.0,pattern_median,4.0,성북22,-,0
P_41933daf7d56e006,BR_1100_100100077,BS_1100_120000236,BS_1100_120000237,BR_1100_100100077_Ord001,57,121,120,9.0,9.0,9.0,04:30:00,22:30:00,9.0,pattern_median,4.5,501,-,0
P_41b80d64b11ee7b6,BR_1100_111900011,BS_1100_111900129,BS_1100_111900133,BR_1100_111900011_Ord001,23,60,59,18.0,18.0,18.0,06:00:00,23:30:00,18.0,pattern_median,9.0,은평08-1,-,0
P_41d79e06c326f5f2,RR_ACC1_S-1-2-3D,RS_ACC1_S-1-0228,RS_ACC1_S-1-0234,RR_ACC1_S-1-2-3D_Ord005,136,1,0,7.0,,,05:30:00,05:30:00,7.0,route_median,3.5,서울 2호선,서울 2호선(본선)<내선>,1
P_41fd21a6621cb8d1,BR_1100_120900010,BS_1100_120900080,BS_1100_120900122,BR_1100_120900010_Ord001,20,180,179,6.0,6.0,6.0,06:00:00,23:55:00,6.0,pattern_median,3.0,관악05,-,0
P_4202b9d6f394094f,BR_TAGO_GGB232000090,BS_TAGO_GGB232000722,BS_TAGO_GGB232000662,BR_TAGO_GGB232000090_Ord002,24,77,76,15.0,15.0,15.0,04:20:00,23:10:00,15.0,pattern_median,7.5,G6000,-,0
P_4217f3285a417ebd,RR_ACC1_S-1-1-1D,RS_ACC1_S-1-1906,RS_ACC1_S-1-0150,RR_ACC1_S-1-1-1D_Ord140,24,1,0,7.5,,,23:38:00,23:38:00,7.5,route_median,3.75,서울 1호선,서울 1호선(소요산-인천)<하행>,1
P_422f2add5398ac6a,BR_TAGO_GGB228000394,BS_TAGO_GGB228002026,BS_TAGO_GGB228002027,BR_TAGO_GGB228000394_Ord002,65,20,19,10.0,10.0,10.0,05:30:00,08:40:00,10.0,pattern_median,5.0,5002A,-,0
P_42552ea55ebc4df4,BR_TAGO_GGB216000021,BS_TAGO_GGB216000031,BS_TAGO_GGB216000672,BR_TAGO_GGB216000021_Ord002,129,28,27,40.0,40.0,40.0,04:35:00,22:30:00,40.0,pattern_median,20.0,301,-,0
P_4278338f862b5dd2,BR_1100_100100284,BS_1100_213000455,BS_1100_213000456,BR_1100_100100284_Ord001,71,76,75,15.0,15.0,15.0,04:15:00,22:50:00,15.0,pattern_median,7.5,5630,-,0
P_428eeafd3961ee6d,BR_1100_100100250,BS_1100_120000452,BS_1100_120000453,BR_1100_100100250_Ord001,77,156,155,7.0,7.0,7.0,05:30:00,23:30:00,7.0,pattern_median,3.5,5511,-,0
P_42baebf29f23abb3,BR_1100_105900003,BS_1100_105900027,BS_1100_105000184,BR_1100_105900003_Ord001,5,111,110,9.0,9.0,9.0,06:00:00,22:30:00,9.0,pattern_median,4.5,동대문01,-,0
P_430330d328663638,RR_ACC1_S-1-7-1U,RS_ACC1_S-1-3763,RS_ACC1_S-1-2729,RR_ACC1_S-1-7-1U_Ord200,35,1,0,5.5,,,23:42:30,23:42:30,5.5,route_median,2.75,서울 7호선,서울 7호선(석남(거북시장)-장암)<상행>,1
P_436170a5a411bf74,BR_TAGO_GGB221000040,BS_TAGO_GGB221000217,BS_TAGO_GGB221000162,BR_TAGO_GGB221000040_Ord002,90,97,96,10.0,10.0,10.0,05:55:00,21:50:00,10.0,pattern_median,5.0,680,-,0
P_437362daff78d280,BR_TAGO_GGB236000176,BS_TAGO_GGB236001248,BS_TAGO_GGB236001247,BR_TAGO_GGB236000176_Ord002,76,57,56,20.0,19.891666666666666,20.033333333333335,04:40:45,23:10:55,20.0,pattern_median,10.0,3500,-,0
P_4390216357e04b6e,BR_1100_100100111,BS_1100_111001112,BS_1100_111001113,BR_1100_100100111_Ord001,110,129,128,9.0,9.0,9.0,04:00:00,23:10:00,9.0,pattern_median,4.5,720,-,0
P_439b01a8c46b28e9,BR_TAGO_GGB239000024,BS_TAGO_GGB105000016,BS_TAGO_GGB239000473,BR_TAGO_GGB239000024_Ord001,105,2,1,1070.0,1070.0,1070.0,07:35:00,25:25:00,60.0,pattern_median,535.0,1330-44,-,0
P_439c478f57c9c871,BR_1100_108900009,BS_1100_108900158,BS_1100_108000198,BR_1100_108900009_Ord001,31,159,158,7.0,7.0,7.0,05:20:00,23:45:00,7.0,pattern_median,3.5,강북10,-,0
P_43a9e4fe9d639892,BR_3100_241238001,BS_TAGO_GGB213000070,BS_TAGO_GGB213000048,BR_3100_241238001_Ord001,42,103,102,10.0,10.0,10.0,06:00:00,23:00:00,10.0,pattern_median,5.0,광명01,-,0
P_43ab52dddc292ce1,BR_TAGO_GGB229000072,BS_TAGO_GGB229001697,BS_TAGO_GGB229001663,BR_TAGO_GGB229000072_Ord002,30,57,56,16.0,16.0,16.0,06:56:00,21:52:00,16.0,pattern_median,8.0,G7111,-,0
P_44006ae56d08650b,BR_TAGO_ICB165000151,BS_TAGO_ICB112000170,BS_TAGO_ICB163000215,BR_TAGO_ICB165000151_Ord001,25,2,1,1150.0,1150.0,1150.0,05:50:00,25:00:00,30.0,pattern_median,575.0,1400,-,0
P_442d193c2a5c4296,BR_TAGO_GGB204000139,BS_TAGO_GGB204000148,BS_TAGO_GGB204000283,BR_TAGO_GGB204000139_Ord001,53,2,1,1045.35,1045.35,1045.35,06:02:34,23:27:55,15.0,pattern_median,522.675,231,-,0
P_44f36a19a21b83ed,BR_1100_106000001,BS_1100_105000127,BS_1100_105000072,BR_1100_106000001_Ord001,15,13,12,10.0,10.0,10.0,06:40:00,08:40:00,10.0,pattern_median,5.0,8221,-,0
P_45445c9afc74df40,BR_TAGO_GGB204000073,BS_TAGO_GGB204000284,BS_TAGO_GGB204000283,BR_TAGO_GGB204000073_Ord002,90,86,85,12.0,12.0,12.0,05:00:00,22:00:00,12.0,pattern_median,6.0,315,-,0
P_4559bcdd52c1c625,BR_TAGO_GGB239000104,BS_TAGO_GGB105000016,BS_TAGO_GGB239000418,BR_TAGO_GGB239000104_Ord001,33,2,1,960.0,960.0,960.0,07:30:00,23:30:00,195.0,pattern_median,480.0,8005,-,0
P_456bc3c4ee3e6d43,BR_TAGO_GGB234001251,BS_TAGO_GGB121000920,BS_TAGO_GGB223000085,BR_TAGO_GGB234001251_Ord072,20,1,0,15.0,,,23:50:00,23:50:00,15.0,route_median,7.5,1311,-,0
P_4668a10f97126c5d,BR_1100_100100157,BS_1100_110000308,BS_1100_110000385,BR_1100_100100157_Ord001,30,144,143,8.0,8.0,8.0,00:00:00,23:56:00,8.0,pattern_median,4.0,1142,-,0
P_466915e36832d568,BR_TAGO_GGB234000075,BS_TAGO_GGB122000096,BS_TAGO_GGB234000605,BR_TAGO_GGB234000075_Ord001,58,2,1,1070.0,1070.0,1070.0,05:55:00,23:45:00,15.0,pattern_median,535.0,500-2,-,0
P_467f14b9896ccace,BR_TAGO_GGB224000050,BS_TAGO_GGB224000861,BS_TAGO_GGB224000861,BR_TAGO_GGB224000050_Ord002,39,72,71,15.0,15.0,15.0,05:40:00,23:20:00,15.0,pattern_median,7.5,3400,-,0
P_46bb1c4aa4fec2e8,RR_ACC1_S-1-KJ-2D,RS_ACC1_S-1-1284,RS_ACC1_S-1-1219,RR_ACC1_S-1-KJ-2D_Ord005,52,30,29,31.0,12.6,60.2,05:01:00,21:21:00,13.0,pattern_median,15.5,경의중앙선,경의중앙선(문산-지평)<하행>,1
P_46cc1409da84c5ca,BR_TAGO_GGB204000084,BS_TAGO_GGB122000302,BS_TAGO_GGB205000252,BR_TAGO_GGB204000084_Ord001,36,2,1,1030.0,1030.0,1030.0,05:55:00,23:05:00,18.0,pattern_median,515.0,331,-,0
P_46d3405887a0651c,BR_TAGO_GGB233000139,BS_TAGO_GGB233001064,BS_TAGO_GGB233000412,BR_TAGO_GGB233000139_Ord002,57,52,51,20.0,20.0,20.0,05:00:00,22:00:00,20.0,pattern_median,10.0,8155,-,0
P_4701c7ac659c2198,BR_TAGO_GGB210000027,BS_TAGO_GGB224000545,BS_TAGO_GGB224000440,BR_TAGO_GGB210000027_Ord002,157,108,107,10.0,10.0,10.0,04:30:00,22:20:00,10.0,pattern_median,5.0,12,-,0
P_4719aa4a6cc8c9b8,BR_1100_100100222,BS_1100_123000337,BS_1100_123000198,BR_1100_100100222_Ord001,41,95,94,12.0,12.0,12.0,04:50:00,23:30:00,12.0,pattern_median,6.0,3316,-,0
P_47955fe2663d2db3,BR_1100_100100566,BS_1100_108000123,BS_1100_108000124,BR_1100_100100566_Ord001,30,87,86,13.0,13.0,13.0,00:00:00,23:55:00,13.0,pattern_median,6.5,1115,-,0
P_47a16223357931f8,BR_TAGO_GGB234000995,BS_TAGO_GGB233001448,BS_TAGO_GGB233001713,BR_TAGO_GGB234000995_Ord002,18,27,26,40.0,40.0,40.0,05:20:00,22:50:00,40.0,pattern_median,20.0,M4403,-,0
P_47a63478d65f6b9b,RR_ACC1_S-1-9-2D,RS_ACC1_S-1-4138,RS_ACC1_S-1-4101,RR_ACC1_S-1-9-2D_Ord006,38,119,118,11.0,6.333333333333333,12.0,05:30:00,23:35:40,11.0,pattern_median,5.5,서울 9호선,서울 9호선(개화-중앙보훈병원)<하행>,1
P_47dbfe48f37638a7,RR_ACC1_S-1-1-1U,RS_ACC1_S-1-1701,RS_ACC1_S-1-1915,RR_ACC1_S-1-1-1U_Ord087,41,2,1,20.0,20.0,20.0,05:00:00,05:20:00,8.0,pattern_median,10.0,서울 1호선,서울 1호선(소요산-인천)<상행>,1
P_486b3b9073afd835,BR_TAGO_GGB222000222,BS_TAGO_GGB222000755,BS_TAGO_GGB222000756,BR_TAGO_GGB222000222_Ord002,83,53,52,20.0,20.0,20.0,04:30:00,21:40:00,20.0,pattern_median,10.0,115,-,0
P_487f0824e8ee7582,BR_TAGO_GGB207000088,BS_TAGO_GGB207000395,BS_TAGO_GGB207000394,BR_TAGO_GGB207000088_Ord001,84,1,0,18.0,,,04:35:00,04:35:00,,global_median,9.0,1-3,-,0
P_488a1063b90f1e56,BR_TAGO_GGB229000255,BS_TAGO_GGB229001697,BS_TAGO_GGB229001663,BR_TAGO_GGB229000255_Ord001,36,87,86,13.0,13.0,13.0,05:00:00,23:30:00,13.0,pattern_median,6.5,3100,-,0
P_48c19fcd6ec15546,RR_ACC1_S-1-9-2U,RS_ACC1_S-1-4101,RS_ACC1_S-1-4113,RR_ACC1_S-1-9-2U_Ord129,13,1,0,11.0,,,24:30:00,24:30:00,11.0,route_median,5.5,서울 9호선,서울 9호선(개화-중앙보훈병원)<상행>,1
P_48f0d0fe8a907c95,BR_1100_100100391,BS_1100_206000125,BS_1100_206000241,BR_1100_100100391_Ord001,58,168,167,7.0,7.0,7.0,04:00:00,23:30:00,7.0,pattern_median,3.5,9404,-,0
P_48f7ce861cc58b05,BR_1100_100100302,BS_1100_114000197,BS_1100_114000268,BR_1100_100100302_Ord001,70,126,125,9.0,9.0,9.0,05:00:00,23:40:00,9.0,pattern_median,4.5,6624,-,0
P_49105b6b085e9e49,BR_3100_241461015,BS_TAGO_GGB232000853,BS_TAGO_GGB232000854,BR_3100_241461015_Ord001,20,6,5,10.0,10.0,10.0,06:40:00,07:30:00,10.0,pattern_median,5.0,16A,-,0
P_49135d9f1e025c42,BR_1100_113900007,BS_1100_113900249,BS_1100_113900247,BR_1100_113900007_Ord001,34,52,51,20.0,20.0,20.0,06:00:00,23:00:00,20.0,pattern_median,10.0,마포13,-,0
P_491b2704c89164c8,BR_TAGO_GGB239000140,BS_TAGO_GGB239000613,BS_TAGO_GGB239000613,BR_TAGO_GGB239000140_Ord001,23,33,32,35.0,35.0,35.0,05:30:00,23:55:00,35.0,pattern_median,17.5,7001,-,0
P_491cb5506d4375da,BR_1100_119900004,BS_1100_119900083,BS_1100_121900180,BR_1100_119900004_Ord001,39,93,92,11.0,11.0,11.0,06:00:00,22:45:00,11.0,pattern_median,5.5,서초17,-,0
P_493202b2b05d8122,BR_TAGO_GGB233000007,BS_TAGO_GGB121001314,BS_TAGO_GGB202000208,BR_TAGO_GGB233000007_Ord001,53,2,1,1110.3833333333334,1110.3833333333334,1110.3833333333334,05:31:58,24:02:21,12.0,pattern_median,555.1916666666667,777,-,0
P_494a6d0ae33878e2,BR_TAGO_GGB233000332,BS_TAGO_GGB233001754,BS_TAGO_GGB233001753,BR_TAGO_GGB233000332_Ord001,22,54,53,20.0,20.0,20.0,05:10:00,22:40:00,20.0,pattern_median,10.0,M4448,-,0
P_495aae4673b881b4,RR_ACC1_S-1-SD-5U,RS_ACC1_S-1-1891,RS_ACC1_S-1-1013,RR_ACC1_S-1-SD-5U_Ord001,62,43,42,18.5,13.1,36.0,05:28:00,21:32:00,18.5,pattern_median,9.25,수인분당선,수인분당선(왕십리-인천)<상행>,1
P_495e953ba465e310,BR_1100_122900006,BS_1100_122900087,BS_1100_122000393,BR_1100_122900006_Ord001,24,107,106,10.0,10.0,10.0,05:55:00,23:30:00,10.0,pattern_median,5.0,강남02,-,0
P_4977736ae017e9bc,BR_TAGO_GGB222000088,BS_TAGO_GGB239000682,BS_TAGO_GGB239000429,BR_TAGO_GGB222000088_Ord002,55,19,18,60.0,60.0,60.0,05:00:00,22:40:00,60.0,pattern_median,30.0,8001,-,0
P_497860238342c94e,BR_1100_109900011,BS_1100_110000191,BS_1100_110900144,BR_1100_109900011_Ord001,66,138,137,8.0,8.0,8.0,05:30:00,23:40:00,8.0,pattern_median,4.0,노원14,-,0
P_49d40878ccbec2a2,BR_1100_124900003,BS_1100_124900026,BS_1100_124900111,BR_1100_124900003_Ord001,77,67,66,16.0,16.0,16.0,05:55:00,23:20:00,16.0,pattern_median,8.0,강동02,-,0
P_4a023da8b485226b,BR_1100_100900008,BS_1100_100900204,BS_1100_100900203,BR_1100_100900008_Ord001,26,87,86,12.0,12.0,12.0,06:00:00,23:15:00,12.0,pattern_median,6.0,종로02,-,0
P_4a35dcc2e38e22a5,BR_TAGO_GGB240000007,BS_TAGO_GGB104000064,BS_TAGO_GGB240000072,BR_TAGO_GGB240000007_Ord001,88,2,1,310.3,310.3,310.3,12:21:55,17:32:13,112.21666666666667,pattern_median,155.15,2000-1,-,0
P_4abdeb2d74ab0160,BR_TAGO_GGB232000028,BS_TAGO_GGB232000981,BS_TAGO_GGB232000981,BR_TAGO_GGB232000028_Ord002,96,58,57,20.0,20.0,20.0,04:10:00,23:00:00,20.0,pattern_median,10.0,2,-,0
P_4ae624bde8bba5ca,BR_TAGO_GGB234000873,BS_TAGO_GGB104000064,BS_TAGO_GGB222000653,BR_TAGO_GGB234000873_Ord001,49,2,1,1069.8166666666666,1069.8166666666666,1069.8166666666666,06:02:16,23:52:05,10.0,pattern_median,534.9083333333333,100,-,0
P_4b23e90e4f29d33f,BR_TAGO_GGB207000103,BS_TAGO_GGB207000196,BS_TAGO_GGB207000340,BR_TAGO_GGB207000103_Ord002,107,53,52,20.0,20.0,20.0,05:05:00,22:30:00,20.0,pattern_median,10.0,360,-,0
P_4b5ed0399c82fa99,BR_1100_100100052,BS_1100_205000233,BS_1100_205000234,BR_1100_100100052_Ord001,125,95,94,12.0,12.0,12.0,04:00:00,22:45:00,12.0,pattern_median,6.0,302,-,0
P_4b81f309033e3c2e,BR_1100_100100096,BS_1100_114000395,BS_1100_114000267,BR_1100_100100096_Ord001,85,110,109,10.0,10.0,10.0,04:30:00,22:40:00,10.0,pattern_median,5.0,643,-,0
P_4b910b923846f055,RR_ACC1_S-1-SD-10U,RS_ACC1_S-1-1862,RS_ACC1_S-1-1014,RR_ACC1_S-1-SD-10U_Ord001,25,2,1,555.0,555.0,555.0,06:33:00,15:48:00,555.0,pattern_median,277.5,수인분당선,수인분당선(청량리-죽전)<상행>,1
P_4b935d70d3d7fa79,BR_TAGO_GGB200000299,BS_TAGO_GGB121000942,BS_TAGO_GGB223000526,BR_TAGO_GGB200000299_Ord001,24,2,1,1020.0,1020.0,1020.0,06:30:00,23:30:00,40.0,pattern_median,510.0,5200,-,0
P_4bfb80e9ffc75fab,BR_TAGO_GGB219000026,BS_TAGO_GGB121000001,BS_TAGO_GGB219000193,BR_TAGO_GGB219000026_Ord001,24,2,1,1070.0,1070.0,1070.0,06:10:00,24:00:00,62.86666666666667,pattern_median,535.0,9700,-,0
P_4c466392ba48c836,RR_ACC1_S-1-KJ-8D,RS_ACC1_S-1-1275,RS_ACC1_S-1-1219,RR_ACC1_S-1-KJ-8D_Ord002,30,1,0,180.0,,,21:16:00,21:16:00,180.0,route_median,90.0,경의중앙선,경의중앙선(문산-용문)(급행)<하행>,1
P_4c4d59166517bbe0,BR_TAGO_GGB232000128,BS_TAGO_GGB232001107,BS_TAGO_GGB115000948,BR_TAGO_GGB232000128_Ord001,5,1,0,56.5,,,07:03:00,07:03:00,56.5,route_median,28.25,70A,-,0
P_4c560efe5175d365,BR_TAGO_GGB208000006,BS_TAGO_GGB123000055,BS_TAGO_GGB208000132,BR_TAGO_GGB208000006_Ord001,61,2,1,1060.0,1060.0,1060.0,05:50:00,23:30:00,6.0,pattern_median,530.0,11-3,-,0
P_4c86f10b3f641c65,BR_1100_100100080,BS_1100_213000492,BS_1100_213000493,BR_1100_100100080_Ord001,100,101,100,11.0,11.0,11.0,04:10:00,22:30:00,11.0,pattern_median,5.5,505,-,0
P_4cbdc41d10876446,BR_TAGO_GGB236000190,BS_TAGO_GGB236000516,BS_TAGO_GGB236000521,BR_TAGO_GGB236000190_Ord002,74,30,29,40.0,39.81333333333334,40.20333333333333,04:30:42,24:00:43,40.0,pattern_median,20.0,3600,-,0
P_4cea88f309e7f2fb,RR_ACC1_S-1-3-1D,RS_ACC1_S-1-0316,RS_ACC1_S-1-0342,RR_ACC1_S-1-3-1D_Ord055,27,1,0,6.0,,,05:30:00,05:30:00,6.0,route_median,3.0,서울 3호선,서울 3호선(오금-대화)<하행>,1
P_4cf4a00a219173de,BR_3100_241409005,BS_TAGO_GGB227000603,BS_TAGO_GGB227000602,BR_3100_241409005_Ord001,30,17,16,60.0,60.0,60.0,06:35:00,22:25:00,60.0,pattern_median,30.0,7,-,0
P_4d079d8640b735de,BR_TAGO_GGB222000030,BS_TAGO_GGB107000057,BS_TAGO_GGB222000797,BR_TAGO_GGB222000030_Ord001,58,2,1,960.0,960.0,960.0,06:45:00,22:45:00,20.0,pattern_median,480.0,65-1,-,0
P_4d0890fc43fb0f44,BR_TAGO_GGB208000006,BS_TAGO_GGB208000027,BS_TAGO_GGB208000132,BR_TAGO_GGB208000006_Ord002,123,177,176,6.0,6.0,6.0,04:55:00,22:30:00,6.0,pattern_median,3.0,11-3,-,0
P_4d171f1ef2639bd3,BR_TAGO_GGB232000072,BS_TAGO_GGB232000571,BS_TAGO_GGB232000620,BR_TAGO_GGB232000072_Ord002,40,76,75,15.0,15.0,15.0,04:20:00,23:00:00,15.0,pattern_median,7.5,8601,-,0
P_4d1ef25d4dd7167a,RR_ACC1_S-1-5-3D,RS_ACC1_S-1-2511,RS_ACC1_S-1-2545,RR_ACC1_S-1-5-3D_Ord001,35,2,1,27.0,27.0,27.0,23:28:00,23:55:00,22.0,pattern_median,13.5,서울 5호선,서울 5호선(방화-강동)<하행>,1
P_4d459220d6d0d7da,BR_TAGO_GGB228000405,BS_TAGO_GGB101000303,BS_TAGO_GGB228003083,BR_TAGO_GGB228000405_Ord001,13,2,1,20.0,20.0,20.0,18:40:00,19:00:00,20.0,pattern_median,10.0,P9211(퇴근),-,0
P_4d54b57c0ea05066,BR_TAGO_GGB229000112,BS_TAGO_GGB118000047,BS_TAGO_GGB229000951,BR_TAGO_GGB229000112_Ord001,15,2,1,1140.1666666666667,1140.1666666666667,1140.1666666666667,05:31:19,24:31:29,20.0,pattern_median,570.0833333333334,G7625,-,0
P_4d74f55300580a5f,BR_1100_116900015,BS_1100_116900107,BS_1100_116900194,BR_1100_116900015_Ord001,26,84,83,13.0,13.0,13.0,05:45:00,23:40:00,13.0,pattern_median,6.5,구로08,-,0
P_4d75101113d932a1,BR_1100_100100179,BS_1100_110000384,BS_1100_110000383,BR_1100_100100179_Ord001,56,116,115,10.0,10.0,10.0,04:00:00,23:10:00,10.0,pattern_median,5.0,1222,-,0
P_4d7932770a434850,BR_TAGO_GGB222000221,BS_TAGO_GGB105000016,BS_TAGO_GGB222000756,BR_TAGO_GGB222000221_Ord001,46,2,1,925.0,925.0,925.0,07:15:00,22:40:00,80.0,pattern_median,462.5,170,-,0
P_4d8a0d4ed66b5c05,BR_1100_100900003,BS_1100_100900041,BS_1100_100900140,BR_1100_100900003_Ord001,18,106,105,10.0,10.0,10.0,06:00:00,23:30:00,10.0,pattern_median,5.0,종로09,-,0
P_4da8cc93ab4974dd,BR_TAGO_GGB213000010,BS_TAGO_GGB116000120,BS_TAGO_GGB213000375,BR_TAGO_GGB213000010_Ord001,38,2,1,1135.05,1135.05,1135.05,05:06:32,24:01:35,10.0,pattern_median,567.525,22,-,0
P_4daab4831511d289,BR_1100_100100288,BS_1100_213000455,BS_1100_213000456,BR_1100_100100288_Ord001,91,136,135,8.0,8.0,8.0,04:15:00,22:10:00,8.0,pattern_median,4.0,5714,-,0
P_4dc5d45912d04082,BR_3100_241409007,BS_TAGO_GGB227000546,BS_TAGO_GGB227000518,BR_3100_241409007_Ord001,29,23,22,45.0,45.0,45.0,06:30:00,23:00:00,45.0,pattern_median,22.5,9,-,0
P_4de4fb136db8cb74,BR_1100_111000021,BS_1100_218000689,BS_1100_115000040,BR_1100_111000021_Ord001,11,4,3,15.0,15.0,15.0,06:30:00,07:15:00,15.0,pattern_median,7.5,서울04,-,0
P_4e1169904694d4a0,BR_TAGO_GGB228000426,BS_TAGO_GGB121000213,BS_TAGO_GGB228000434,BR_TAGO_GGB228000426_Ord001,9,2,1,870.0,870.0,870.0,07:30:00,22:00:00,40.0,pattern_median,435.0,용인시광역콜버스,-,0
P_4e1928b204a4c78e,BR_1100_100100305,BS_1100_115000296,BS_1100_115000056,BR_1100_100100305_Ord001,59,106,105,11.0,11.0,11.0,04:10:00,23:20:00,11.0,pattern_median,5.5,6628,-,0
P_4e4fcb9ecb8f90ee,BR_TAGO_GGB233000375,BS_TAGO_GGB215000070,BS_TAGO_GGB123000611,BR_TAGO_GGB233000375_Ord001,2,2,1,30.0,30.0,30.0,06:40:00,07:10:00,30.0,pattern_median,15.0,P9701(출근),-,0
P_4ec9a17aabf6a7b6,BR_1100_117900004,BS_1100_117900121,BS_1100_117900006,BR_1100_117900004_Ord001,46,81,80,14.0,14.0,14.0,05:00:00,23:40:00,14.0,pattern_median,7.0,금천06,-,0
P_4ecea18ccb477891,BR_1100_100100610,BS_1100_108000016,BS_1100_108000014,BR_1100_100100610_Ord001,145,13,12,20.0,20.0,20.0,00:00:00,23:40:00,20.0,pattern_median,10.0,N15,-,0
P_4f12921267ac500a,RR_ACC1_S-1-6-1,RS_ACC1_S-1-2648,RS_ACC1_S-1-2649,RR_ACC1_S-1-6-1_Ord036,214,1,0,8.5,,,17:36:00,17:36:00,8.5,route_median,4.25,서울 6호선,서울 6호선(신내-응암),1
P_4f4fe410e7e11925,BR_3100_241350002,BS_TAGO_GGB277104731,BS_TAGO_GGB110000650,BR_3100_241350002_Ord001,46,42,41,30.0,30.0,30.0,00:00:00,23:30:00,30.0,pattern_median,15.0,33-1,-,0
P_4f5b6b8709d2ee18,RR_ACC1_S-1-1-1U,RS_ACC1_S-1-0150,RS_ACC1_S-1-0159,RR_ACC1_S-1-1-1U_Ord142,7,1,0,8.0,,,24:48:00,24:48:00,8.0,route_median,4.0,서울 1호선,서울 1호선(소요산-인천)<상행>,1
P_4f7dbce99feea260,BR_TAGO_GGB224000056,BS_TAGO_GGB224000545,BS_TAGO_GGB224000524,BR_TAGO_GGB224000056_Ord002,36,74,73,15.0,14.573333333333332,15.34,05:48:37,24:02:50,15.0,pattern_median,7.5,3201,-,0
P_4faaf2a443ce5cf6,BR_1100_120900001,BS_1100_119000074,BS_1100_119900281,BR_1100_120900001_Ord001,57,74,73,14.0,14.0,14.0,06:00:00,23:00:00,14.0,pattern_median,7.0,동작13,-,0
P_4fbc4037beada90c,BR_TAGO_GGB224000019,BS_TAGO_GGB122000185,BS_TAGO_GGB224000914,BR_TAGO_GGB224000019_Ord001,30,2,1,1030.0,1030.0,1030.0,06:50:00,24:00:00,25.0,pattern_median,515.0,3200,-,0
P_4ff3e24267bd4b59,BR_1100_100100275,BS_1100_116000587,BS_1100_116000029,BR_1100_100100275_Ord001,68,103,102,11.0,11.0,11.0,03:30:00,22:10:00,11.0,pattern_median,5.5,5618,-,0
P_4fff12d0b8aef3de,BR_TAGO_GGB228000388,BS_TAGO_GGB101000026,BS_TAGO_GGB228000180,BR_TAGO_GGB228000388_Ord001,28,2,1,400.78333333333336,400.78333333333336,400.78333333333336,06:31:01,13:11:48,10.0,pattern_median,200.39166666666668,5000A,-,0
P_50496a9123a1b79d,BR_1100_100100201,BS_1100_103000183,BS_1100_103000102,BR_1100_100100201_Ord001,55,97,96,12.0,12.0,12.0,04:10:00,23:15:00,12.0,pattern_median,6.0,2224,-,0
P_5066bc80469f85e4,BR_1100_107000004,BS_1100_100900047,BS_1100_100000062,BR_1100_107000004_Ord001,27,27,26,40.0,40.0,40.0,06:00:00,23:00:00,40.0,pattern_median,20.0,8003,-,0
P_5080c70faebdb8b1,BR_TAGO_GGB207000104,BS_TAGO_GGB207000395,BS_TAGO_GGB207000394,BR_TAGO_GGB207000104_Ord001,27,55,54,20.0,20.0,20.0,05:00:00,22:50:00,20.0,pattern_median,10.0,1102,-,0
P_50df758beaddb000,RR_ACC1_S-1-1-8D,RS_ACC1_S-1-0158,RS_ACC1_S-1-1728,RR_ACC1_S-1-1-8D_Ord002,30,12,11,41.0,23.0,121.0,07:37:00,19:15:00,33.0,pattern_median,20.5,서울 1호선,서울 1호선(청량리-신창(순천향대))(급행)<하행>,1
P_50ec0c9e858010af,BR_TAGO_GGB222000192,BS_TAGO_GGB104000064,BS_TAGO_GGB222001931,BR_TAGO_GGB222000192_Ord001,28,2,1,1059.8333333333333,1059.8333333333333,1059.8333333333333,06:17:38,23:57:28,15.0,pattern_median,529.9166666666666,1006,-,0
P_5172ce5ccf77de63,RR_ACC1_S-1-KJ-2D,RS_ACC1_S-1-1014,RS_ACC1_S-1-1219,RR_ACC1_S-1-KJ-2D_Ord001,21,1,0,13.0,,,05:04:00,05:04:00,13.0,route_median,6.5,경의중앙선,경의중앙선(문산-지평)<하행>,1
P_51a0c83293d80960,BR_TAGO_GGB224000054,BS_TAGO_GGB224000738,BS_TAGO_GGB224000743,BR_TAGO_GGB224000054_Ord002,32,76,75,15.0,15.0,15.0,05:20:00,23:55:00,15.0,pattern_median,7.5,3500,-,0
P_51ca139f6aa9c753,RR_ACC1_S-1-1-8U,RS_ACC1_S-1-1408,RS_ACC1_S-1-0158,RR_ACC1_S-1-1-8U_Ord002,37,5,4,121.0,33.3,312.3,09:14:00,19:46:00,30.0,pattern_median,60.5,서울 1호선,서울 1호선(청량리-신창(순천향대))(급행)<상행>,1
P_51cfed9afea9bd61,RR_ACC1_S-1-3-1U,RS_ACC1_S-1-0334,RS_ACC1_S-1-1958,RR_ACC1_S-1-3-1U_Ord061,36,1,0,6.0,,,05:24:00,05:24:00,6.0,route_median,3.0,서울 3호선,서울 3호선(오금-대화)<상행>,1
P_51efbc8e19ea1735,RR_ACC1_S-1-1-1D,RS_ACC1_S-1-1919,RS_ACC1_S-1-1812,RR_ACC1_S-1-1-1D_Ord009,65,15,14,59.0,55.0,109.50000000000006,05:28:00,21:41:00,7.5,pattern_median,29.5,서울 1호선,서울 1호선(소요산-인천)<하행>,1
P_5210ed5a7e25f69f,BR_TAGO_GGB224000019,BS_TAGO_GGB224000915,BS_TAGO_GGB224000914,BR_TAGO_GGB224000019_Ord002,63,42,41,25.0,25.0,25.0,05:40:00,22:50:00,25.0,pattern_median,12.5,3200,-,0
P_52285fb5faab31a4,BR_TAGO_GGB204000012,BS_TAGO_GGB206000167,BS_TAGO_GGB206000121,BR_TAGO_GGB204000012_Ord002,75,151,150,7.0,7.0,7.0,05:07:39,22:35:09,7.0,pattern_median,3.5,50,-,0
P_522fa335260f3d5a,RR_ACC1_S-1-1-1D,RS_ACC1_S-1-0159,RS_ACC1_S-1-1812,RR_ACC1_S-1-1-1D_Ord122,35,6,5,16.0,11.8,378.40000000000003,05:36:00,16:59:00,7.5,pattern_median,8.0,서울 1호선,서울 1호선(소요산-인천)<하행>,1
P_523b2f716b2bf921,BR_1100_100900010,BS_1100_100900039,BS_1100_107900199,BR_1100_100900010_Ord001,29,119,118,9.0,9.0,9.0,06:00:00,23:40:00,9.0,pattern_median,4.5,종로03,-,0
P_526a55e324172630,BR_TAGO_GGB200000110,BS_TAGO_GGB201000212,BS_TAGO_GGB201000145,BR_TAGO_GGB200000110_Ord002,52,113,112,10.0,10.0,10.0,05:20:00,24:00:00,10.0,pattern_median,5.0,3007,-,0
P_526f6936ede3cdd3,BR_TAGO_GGB229000083,BS_TAGO_GGB229001728,BS_TAGO_GGB229001663,BR_TAGO_GGB229000083_Ord002,51,17,16,45.0,45.0,45.0,06:30:00,18:30:00,45.0,pattern_median,22.5,9030-1,-,0
P_527d48864f6d2964,RR_ACC1_S-1-SD-8U,RS_ACC1_S-1-1862,RS_ACC1_S-1-1013,RR_ACC1_S-1-SD-8U_Ord001,24,62,61,12.0,5.0,17.0,05:00:00,23:27:00,12.0,pattern_median,6.0,수인분당선,수인분당선(왕십리-죽전)<상행>,1
P_5282b1f6be372468,BR_1100_103900012,BS_1100_103900269,BS_1100_103900271,BR_1100_103900012_Ord001,39,63,62,17.0,17.0,17.0,06:00:00,23:30:00,17.0,pattern_median,8.5,성동03-2,-,0
P_52900f19a0e4b224,BR_TAGO_GGB222000031,BS_TAGO_GGB105000201,BS_TAGO_GGB222000797,BR_TAGO_GGB222000031_Ord001,70,2,1,1090.0,1090.0,1090.0,06:30:00,24:40:00,10.0,pattern_median,545.0,65,-,0
P_52dd0da5e23c9b3b,BR_1100_102900004,BS_1100_102900010,BS_1100_102900094,BR_1100_102900004_Ord001,30,96,95,11.0,11.0,11.0,05:50:00,23:10:00,11.0,pattern_median,5.5,용산03,-,0
P_52de1cd8a6d00924,BR_1100_100100409,BS_1100_121000289,BS_1100_121000299,BR_1100_100100409_Ord001,112,110,109,10.0,10.0,10.0,04:00:00,22:10:00,10.0,pattern_median,5.0,421,-,0
P_52e603cac8d98a9a,BR_TAGO_GGB222000050,BS_TAGO_GGB105000201,BS_TAGO_GGB222001609,BR_TAGO_GGB222000050_Ord001,40,2,1,1090.0,1090.0,1090.0,05:35:00,23:45:00,35.0,pattern_median,545.0,51,-,0
P_52e7f1a005ba920e,BR_TAGO_ICB165000149,BS_TAGO_ICB164000643,BS_TAGO_ICB164000659,BR_TAGO_ICB165000149_Ord002,96,20,19,60.0,60.0,60.0,05:00:00,23:40:00,60.0,pattern_median,30.0,1300,-,0
P_52f7fdd67bceca50,RR_ACC1_S-1-6-1,RS_ACC1_S-1-2648,RS_ACC1_S-1-2632,RR_ACC1_S-1-6-1_Ord013,581,2,1,62.0,62.0,62.0,05:37:00,06:39:00,8.5,pattern_median,31.0,서울 6호선,서울 6호선(신내-응암),1
P_52f8d0a007b67e3f,BR_1100_100100282,BS_1100_209000265,BS_1100_209000264,BR_1100_100100282_Ord001,106,93,92,12.0,12.0,12.0,04:00:00,22:25:00,12.0,pattern_median,6.0,5626,-,0
P_52fd9bdd6b576a6d,RR_ACC1_S-1-1-1D,RS_ACC1_S-1-1916,RS_ACC1_S-1-1019,RR_ACC1_S-1-1-1D_Ord105,20,3,2,417.5,123.5,711.5,09:35:00,23:30:00,7.5,pattern_median,208.75,서울 1호선,서울 1호선(소요산-인천)<하행>,1
P_53008a621fc9b533,BR_1100_100100202,BS_1100_106000469,BS_1100_106000480,BR_1100_100100202_Ord001,108,101,100,11.0,11.0,11.0,04:20:00,22:40:00,11.0,pattern_median,5.5,2227,-,0
P_53069464cef11860,BR_TAGO_GGB234001691,BS_TAGO_GGB223000129,BS_TAGO_GGB121000920,BR_TAGO_GGB234001691_Ord001,21,1,0,40.0,,,07:10:00,07:10:00,40.0,route_median,20.0,1311B,-,0
P_532f864f529a6632,BR_TAGO_GGB204000067,BS_TAGO_GGB206000010,BS_TAGO_GGB206000011,BR_TAGO_GGB204000067_Ord001,77,62,61,17.0,17.0,17.0,04:50:00,22:00:00,17.0,pattern_median,8.5,341,-,0
P_5359e1f58e8ab42e,BR_TAGO_GGB222000192,BS_TAGO_GGB222001920,BS_TAGO_GGB222001931,BR_TAGO_GGB222000192_Ord002,58,71,70,15.0,15.0,15.0,05:40:00,23:10:00,15.0,pattern_median,7.5,1006,-,0
P_537fde8f61141afa,BR_TAGO_GGB235000116,BS_TAGO_GGB235000117,BS_TAGO_GGB235000133,BR_TAGO_GGB235000116_Ord002,22,3,2,20.0,20.0,20.0,23:15:54,23:55:54,20.0,pattern_median,10.0,G1300N,-,0
P_53861dc431d09480,BR_1100_100100237,BS_1100_120000671,BS_1100_120000061,BR_1100_100100237_Ord001,107,140,139,8.0,8.0,8.0,04:00:00,22:30:00,8.0,pattern_median,4.0,4318,-,0
P_53a92df7440024d2,BR_1100_100100049,BS_1100_106000319,BS_1100_106000467,BR_1100_100100049_Ord001,111,143,142,8.0,8.0,8.0,04:10:00,23:05:00,8.0,pattern_median,4.0,273,-,0
P_53f7d86b178a7de0,BR_1100_100100056,BS_1100_124000001,BS_1100_124000002,BR_1100_100100056_Ord001,93,90,89,12.0,12.0,12.0,04:30:00,22:20:00,12.0,pattern_median,6.0,341,-,0
P_53f84dbc9af0da37,RR_ACC1_S-1-2-2U,RS_ACC1_S-1-0246,RS_ACC1_S-1-0211,RR_ACC1_S-1-2-2U_Ord001,5,113,112,10.0,7.0,12.900000000000006,05:30:00,24:51:00,10.0,pattern_median,5.0,서울 2호선,서울 2호선(성수지선)<외선>,1
P_53fc9af344f52e2a,BR_TAGO_GGB229000071,BS_TAGO_GGB229001097,BS_TAGO_GGB229001247,BR_TAGO_GGB229000071_Ord002,143,61,60,19.0,19.0,19.0,03:30:00,22:20:00,19.0,pattern_median,9.5,799,-,0
P_542932be81b83bb4,BR_TAGO_GGB208000014,BS_TAGO_GGB225000430,BS_TAGO_GGB225000429,BR_TAGO_GGB208000014_Ord002,134,103,102,10.0,10.0,10.0,05:00:00,22:00:00,10.0,pattern_median,5.0,20,-,0
P_542d78ce763af470,RR_ACC1_S-1-1-1U,RS_ACC1_S-1-0150,RS_ACC1_S-1-1019,RR_ACC1_S-1-1-1U_Ord139,15,1,0,8.0,,,05:59:00,05:59:00,8.0,route_median,4.0,서울 1호선,서울 1호선(소요산-인천)<상행>,1
P_5434f825b1f72ddb,RR_ACC1_S-1-2-3D,RS_ACC1_S-1-0239,RS_ACC1_S-1-0211,RR_ACC1_S-1-2-3D_Ord002,145,1,0,7.0,,,05:30:00,05:30:00,7.0,route_median,3.5,서울 2호선,서울 2호선(본선)<내선>,1
P_5481f2a3c7d7653c,BR_TAGO_GGB204000083,BS_TAGO_GGB204000101,BS_TAGO_GGB205000186,BR_TAGO_GGB204000083_Ord001,81,1,0,18.0,,,03:10:00,03:10:00,,global_median,9.0,100출,-,0
P_54a0550be16f2897,BR_TAGO_GGB233000032,BS_TAGO_GGB201000404,BS_TAGO_GGB201000405,BR_TAGO_GGB233000032_Ord002,55,96,95,12.0,12.0,12.0,05:00:00,24:00:00,12.0,pattern_median,6.0,7780,-,0
P_54a99eaaa7fb2c00,BR_1100_100100145,BS_1100_110000100,BS_1100_110000101,BR_1100_100100145_Ord001,22,46,45,25.0,25.0,25.0,05:00:00,23:30:00,25.0,pattern_median,12.5,1129,-,0
P_54bfd1c2b5b5f4bc,BR_TAGO_GGB219000027,BS_TAGO_GGB101000332,BS_TAGO_GGB219000645,BR_TAGO_GGB219000027_Ord001,29,2,1,1091.3833333333334,1091.3833333333334,1091.3833333333334,05:41:10,23:52:33,70.0,pattern_median,545.6916666666667,1900,-,0
P_54c33ecb0186a14d,RR_ACC1_S-1-8-1D,RS_ACC1_S-1-2818,RS_ACC1_S-1-2827,RR_ACC1_S-1-8-1D_Ord001,11,1,0,8.5,,,05:26:00,05:26:00,8.5,route_median,4.25,서울 8호선,서울 8호선(모란-암사)<하행>,1
P_54e282365e44a301,RR_ACC1_S-1-KJ-2D,RS_ACC1_S-1-1284,RS_ACC1_S-1-1208,RR_ACC1_S-1-KJ-2D_Ord012,41,26,25,34.0,23.4,61.20000000000001,06:27:00,22:13:00,13.0,pattern_median,17.0,경의중앙선,경의중앙선(문산-지평)<하행>,1
P_54fbdbf9911295b0,RR_ACC1_S-1-5-1D,RS_ACC1_S-1-2545,RS_ACC1_S-1-2566,RR_ACC1_S-1-5-1D_Ord001,15,1,0,13.0,,,05:37:00,05:37:00,13.0,route_median,6.5,서울 5호선,서울 5호선(방화-하남풍산)<하행>,1
P_5501a7dd92b81881,BR_3100_241352009,BS_TAGO_GGB218000151,BS_TAGO_GGB218000214,BR_3100_241352009_Ord001,71,37,36,30.0,30.0,30.0,05:20:00,23:00:00,30.0,pattern_median,15.0,075B,-,0
P_551158f2b7039ca6,BR_1100_100100500,BS_1100_122000344,BS_1100_122000262,BR_1100_100100500_Ord001,85,123,122,9.0,9.0,9.0,04:30:00,22:50:00,9.0,pattern_median,4.5,4312,-,0
P_5523198f931135c9,RR_ACC1_S-1-1-1D,RS_ACC1_S-1-1022,RS_ACC1_S-1-1812,RR_ACC1_S-1-1-1D_Ord015,46,1,0,7.5,,,05:00:00,05:00:00,7.5,route_median,3.75,서울 1호선,서울 1호선(소요산-인천)<하행>,1
P_55448d686745a3fc,BR_TAGO_GGB234000309,BS_TAGO_GGB101000026,BS_TAGO_GGB227000062,BR_TAGO_GGB234000309_Ord001,55,2,1,1204.3333333333333,1204.3333333333333,1204.3333333333333,05:56:17,26:00:37,12.0,pattern_median,602.1666666666666,9301,-,0
P_555bec9e199d4873,BR_1100_100100257,BS_1100_120000233,BS_1100_120000444,BR_1100_100100257_Ord001,59,87,86,13.0,13.0,13.0,05:00:00,23:30:00,13.0,pattern_median,6.5,5522A난곡,-,0
P_559054d81352d0ac,BR_1100_100100022,BS_1100_107000071,BS_1100_107000246,BR_1100_100100022_Ord001,113,157,156,7.0,7.0,7.0,04:00:00,22:10:00,7.0,pattern_median,3.5,143,-,0
P_559a27fea699a829,BR_TAGO_GGB200000193,BS_TAGO_GGB223000522,BS_TAGO_GGB223000523,BR_TAGO_GGB200000193_Ord002,25,20,19,40.0,40.0,40.0,07:00:00,19:15:00,40.0,pattern_median,20.0,5300-1전,-,0
P_559e72b23a2faa36,BR_TAGO_GGB234001203,BS_TAGO_GGB104000064,BS_TAGO_GGB234000605,BR_TAGO_GGB234001203_Ord001,22,2,1,75.0,75.0,75.0,07:45:00,09:00:00,15.0,pattern_median,37.5,1113-10,-,0
P_55b3ba6b3c840b0b,BR_1100_100100611,BS_1100_124000344,BS_1100_124000429,BR_1100_100100611_Ord001,105,68,67,16.0,16.0,16.0,04:30:00,22:20:00,16.0,pattern_median,8.0,2312,-,0
P_561352f9f6a08ec0,BR_TAGO_GGB210000037,BS_TAGO_GGB115000229,BS_TAGO_GGB211000220,BR_TAGO_GGB210000037_Ord001,44,2,1,1080.0,1080.0,1080.0,05:50:00,23:50:00,10.0,pattern_median,540.0,71,-,0
P_56b128c46795532f,BR_1100_100100316,BS_1100_115000321,BS_1100_115000320,BR_1100_100100316_Ord001,74,90,89,12.0,12.0,12.0,04:40:00,22:30:00,12.0,pattern_median,6.0,6642,-,0
P_56d83098479a630d,BR_1100_100100212,BS_1100_124000344,BS_1100_124000429,BR_1100_100100212_Ord001,67,83,82,14.0,14.0,14.0,04:30:00,23:30:00,14.0,pattern_median,7.0,3212,-,0
P_56eeb4caf3390b3b,BR_1100_100100211,BS_1100_104000096,BS_1100_104000116,BR_1100_100100211_Ord001,52,72,71,16.0,16.0,16.0,04:30:00,23:20:00,16.0,pattern_median,8.0,2415,-,0
P_56f2e07e08a05e96,RR_ACC1_S-1-GC-1U,RS_ACC1_S-1-1317,RS_ACC1_S-1-1014,RR_ACC1_S-1-GC-1U_Ord012,12,1,0,21.0,,,08:54:00,08:54:00,21.0,route_median,10.5,경춘선,경춘선(청량리-춘천)<상행>,1
P_56f54661f3ee211b,BR_1100_113900011,BS_1100_113900301,BS_1100_113900086,BR_1100_113900011_Ord001,10,71,70,15.0,15.0,15.0,06:00:00,23:30:00,15.0,pattern_median,7.5,마포05,-,0
P_572a862f6027730f,BR_TAGO_GGB208000027,BS_TAGO_GGB225000010,BS_TAGO_GGB225000181,BR_TAGO_GGB208000027_Ord002,81,92,91,13.0,13.0,13.0,05:25:58,25:00:58,13.0,pattern_median,6.5,3030,-,0
P_572cc32e174b90b4,RR_ACC1_S-1-1-5U,RS_ACC1_S-1-1811,RS_ACC1_S-1-1003,RR_ACC1_S-1-1-5U_Ord002,16,71,70,11.5,6.0,28.1,05:27:00,22:12:00,9.0,pattern_median,5.75,서울 1호선,서울 1호선(용산-동인천)(급행)<상행>,1
P_5758ce2d37e35705,BR_1100_116900011,BS_1100_116900249,BS_1100_116900111,BR_1100_116900011_Ord001,34,107,106,10.0,10.0,10.0,05:48:00,23:25:00,10.0,pattern_median,5.0,구로04,-,0
P_575d2601d9374a70,BR_TAGO_GGB234000042,BS_TAGO_GGB228001986,BS_TAGO_GGB228003584,BR_TAGO_GGB234000042_Ord002,119,53,52,20.0,20.0,20.0,05:10:00,22:30:00,20.0,pattern_median,10.0,1113,-,0
P_5762b7a87f5470df,BR_TAGO_GGB229000018,BS_TAGO_GGB112000004,BS_TAGO_GGB229001271,BR_TAGO_GGB229000018_Ord001,61,2,1,1075.0,1075.0,1075.0,06:00:00,23:55:00,12.0,pattern_median,537.5,66,-,0
P_57dd6ec2986837a7,BR_1100_103900011,BS_1100_103900022,BS_1100_103900267,BR_1100_103900011_Ord001,36,97,96,11.0,11.0,11.0,06:00:00,23:30:00,11.0,pattern_median,5.5,성동03-1,-,0
P_583ca27602efa4bf,BR_1100_113900014,BS_1100_113900215,BS_1100_113900293,BR_1100_113900014_Ord001,41,98,97,11.0,11.0,11.0,06:00:00,23:42:00,11.0,pattern_median,5.5,마포15,-,0
P_5893b6b12a8cd1a8,BR_1100_100100437,BS_1100_219001178,BS_1100_219000688,BR_1100_100100437_Ord001,102,50,49,24.0,24.0,24.0,04:10:00,23:30:00,24.0,pattern_median,12.0,771,-,0
P_59109f1bd51d4b0d,BR_TAGO_GGB234001695,BS_TAGO_GGB234001178,BS_TAGO_GGB234001048,BR_TAGO_GGB234001695_Ord002,35,71,70,15.0,15.0,15.0,05:00:00,22:30:00,15.0,pattern_median,7.5,G3202,-,0
P_5914862b3ca4e38c,BR_TAGO_GGB234000034,BS_TAGO_GGB122000338,BS_TAGO_GGB227000062,BR_TAGO_GGB234000034_Ord001,63,2,1,1070.0,1070.0,1070.0,06:00:00,23:50:00,10.0,pattern_median,535.0,16,-,0
P_591a21f8da70a9e1,RR_ACC1_S-1-1-1U,RS_ACC1_S-1-1812,RS_ACC1_S-1-1906,RR_ACC1_S-1-1-1U_Ord006,52,21,20,48.5,25.8,65.1,06:39:00,22:25:00,8.0,pattern_median,24.25,서울 1호선,서울 1호선(소요산-인천)<상행>,1
P_591fcafa1382bdf6,RR_ACC1_S-1-1-6D,RS_ACC1_S-1-1915,RS_ACC1_S-1-1019,RR_ACC1_S-1-1-6D_Ord007,10,1,0,63.0,,,14:30:00,14:30:00,63.0,route_median,31.5,서울 1호선,서울 1호선(소요산-인천)(급행)<하행>,1
P_5957ea74b2d1734f,RR_ACC1_S-1-GC-1D,RS_ACC1_S-1-1309,RS_ACC1_S-1-1319,RR_ACC1_S-1-GC-1D_Ord006,11,3,2,518.0,236.4,799.6,06:14:00,23:30:00,23.0,pattern_median,259.0,경춘선,경춘선(청량리-춘천)<하행>,1
P_598e58ba6da2432c,BR_1100_100100438,BS_1100_123000354,BS_1100_123000355,BR_1100_100100438_Ord001,88,102,101,11.0,11.0,11.0,04:20:00,22:50:00,11.0,pattern_median,5.5,3011,-,0
P_599e2f2019aa182f,BR_TAGO_GGB204000067,BS_TAGO_GGB121000962,BS_TAGO_GGB206000011,BR_TAGO_GGB204000067_Ord063,39,1,0,17.0,,,22:55:00,22:55:00,17.0,route_median,8.5,341,-,0
P_59e9d0255d5efc77,BR_TAGO_GGB234001163,BS_TAGO_GGB225000249,BS_TAGO_GGB225000194,BR_TAGO_GGB234001163_Ord002,77,72,71,15.0,15.0,15.0,05:21:26,23:02:37,15.0,pattern_median,7.5,6501,-,0
P_5a12d80094f2955e,BR_TAGO_GGB236000052,BS_TAGO_GGB236001108,BS_TAGO_GGB236000167,BR_TAGO_GGB236000052_Ord002,161,52,51,20.0,20.0,20.0,04:50:00,21:50:00,20.0,pattern_median,10.0,72-3,-,0
P_5a20213f085c4f9a,RR_ACC1_S-1-2-3U,RS_ACC1_S-1-0234,RS_ACC1_S-1-0234,RR_ACC1_S-1-2-3U_Ord004,517,22,21,10.0,5.0,17.0,05:30:00,17:29:30,5.5,pattern_median,5.0,서울 2호선,서울 2호선(본선)<외선>,1
P_5a3fbb34a6ac6104,RR_ACC1_S-1-8-1D,RS_ACC1_S-1-2811,RS_ACC1_S-1-2827,RR_ACC1_S-1-8-1D_Ord002,18,144,143,8.5,5.0,10.0,05:30:00,24:30:00,8.5,pattern_median,4.25,서울 8호선,서울 8호선(모란-암사)<하행>,1
P_5a4186ce87119795,BR_TAGO_GGB233000374,BS_TAGO_GGB121000214,BS_TAGO_GGB235000599,BR_TAGO_GGB233000374_Ord001,16,1,0,18.0,,,18:10:00,18:10:00,,global_median,9.0,P9602(퇴근),-,0
P_5a43e1126d2eb850,BR_TAGO_GGB210000012,BS_TAGO_GGB210000156,BS_TAGO_GGB210000134,BR_TAGO_GGB210000012_Ord002,111,192,191,6.0,6.0,6.0,04:10:00,23:15:00,6.0,pattern_median,3.0,70-2,-,0
P_5a750ea06c735a6c,BR_TAGO_GGB222000045,BS_TAGO_GGB104000064,BS_TAGO_GGB222000268,BR_TAGO_GGB222000045_Ord001,58,2,1,1040.0,1040.0,1040.0,06:20:00,23:40:00,13.0,pattern_median,520.0,112-1,-,0
P_5a8018214f1c835a,BR_1100_107900005,BS_1100_107900280,BS_1100_107900095,BR_1100_107900005_Ord001,28,188,187,6.0,6.0,6.0,00:00:00,23:56:00,6.0,pattern_median,3.0,성북04,-,0
P_5ab1f99b3f35756f,BR_1100_100100164,BS_1100_110000327,BS_1100_110000285,BR_1100_100100164_Ord001,57,77,76,15.0,15.0,15.0,04:30:00,23:20:00,15.0,pattern_median,7.5,1154,-,0
P_5b142307fab285ee,BR_1100_100100216,BS_1100_123000660,BS_1100_123000436,BR_1100_100100216_Ord001,82,123,122,9.0,9.0,9.0,04:30:00,22:45:00,9.0,pattern_median,4.5,3217,-,0
P_5b3c1f73f8e75efd,BR_TAGO_GGB234000886,BS_TAGO_GGB205000227,BS_TAGO_GGB101000005,BR_TAGO_GGB234000886_Ord001,29,1,0,50.0,,,05:50:00,05:50:00,50.0,route_median,25.0,9300,-,0
P_5b669bde052ef1e5,BR_TAGO_GGB234000324,BS_TAGO_GGB223000294,BS_TAGO_GGB223000295,BR_TAGO_GGB234000324_Ord002,73,127,126,9.0,9.0,9.0,05:00:00,23:50:00,9.0,pattern_median,4.5,1550-1,-,0
P_5b66fa158a78c825,BR_TAGO_GGB228000271,BS_TAGO_GGB228000191,BS_TAGO_GGB228000192,BR_TAGO_GGB228000271_Ord002,112,24,23,35.0,35.0,35.0,09:15:00,22:50:00,35.0,pattern_median,17.5,5700B,-,0
P_5b7558a764757ec6,BR_TAGO_GGB228000181,BS_TAGO_GGB228001765,BS_TAGO_GGB228001764,BR_TAGO_GGB228000181_Ord002,82,71,70,15.0,15.0,15.0,05:00:00,22:30:00,15.0,pattern_median,7.5,1241,-,0
P_5c28dbf11f82966b,BR_TAGO_GGB204000141,BS_TAGO_GGB101000026,BS_TAGO_GGB227000296,BR_TAGO_GGB204000141_Ord001,30,2,1,1060.5,1060.5,1060.5,06:10:47,23:51:17,11.0,pattern_median,530.25,9200,-,0
P_5c2f790035cae876,RR_ACC1_S-1-4-2D,RS_ACC1_S-1-0419,RS_ACC1_S-1-1762,RR_ACC1_S-1-4-2D_Ord114,38,1,0,6.25,,,05:35:00,05:35:00,6.25,route_median,3.125,서울 4호선,서울 4호선(안산-오이도)<하행>,1
P_5c537b76082cd1ec,BR_TAGO_GGB234001476,BS_TAGO_GGB222000824,BS_TAGO_GGB222000825,BR_TAGO_GGB234001476_Ord002,15,139,138,8.0,8.0,8.0,05:00:00,23:20:00,8.0,pattern_median,4.0,M2323,-,0
P_5c5ce29e53f2c103,BR_TAGO_GGB204000024,BS_TAGO_GGB122000078,BS_TAGO_GGB206000170,BR_TAGO_GGB204000024_Ord001,45,2,1,1100.0,1100.0,1100.0,05:50:00,24:10:00,10.0,pattern_median,550.0,9407,-,0
P_5c67e28f3ed90fd7,BR_1100_120900004,BS_1100_120900066,BS_1100_120900156,BR_1100_120900004_Ord001,28,276,275,4.0,4.0,4.0,05:30:00,23:50:00,4.0,pattern_median,2.0,관악06,-,0
P_5c7ff0a20b5d3012,BR_1100_100100337,BS_1100_111000907,BS_1100_111000002,BR_1100_100100337_Ord001,89,102,101,11.0,11.0,11.0,04:30:00,23:00:00,11.0,pattern_median,5.5,7017,-,0
P_5c941e5eed050bee,BR_1100_111900003,BS_1100_111900057,BS_1100_111900013,BR_1100_111900003_Ord001,36,60,59,19.0,19.0,19.0,05:00:00,23:40:00,19.0,pattern_median,9.5,은평02,-,0
P_5ca6e11d045d28b7,BR_TAGO_GGB233000125,BS_TAGO_GGB233002226,BS_TAGO_GGB121001315,BR_TAGO_GGB233000125_Ord001,42,1,0,40.0,,,06:00:00,06:00:00,40.0,route_median,20.0,1008,-,0
P_5cadcb14adc0db83,BR_TAGO_GGB229000028,BS_TAGO_GGB113000468,BS_TAGO_GGB229001663,BR_TAGO_GGB229000028_Ord001,59,2,1,1090.1833333333334,1090.1833333333334,1090.1833333333334,06:11:33,24:21:44,15.0,pattern_median,545.0916666666667,200,-,0
P_5cdd522f3ec1c988,RR_ACC1_S-1-1-1U,RS_ACC1_S-1-0150,RS_ACC1_S-1-1909,RR_ACC1_S-1-1-1U_Ord137,27,3,2,35.0,23.0,47.0,05:35:00,06:45:00,8.0,pattern_median,17.5,서울 1호선,서울 1호선(소요산-인천)<상행>,1
P_5ceb360c6af03045,RR_ACC1_S-1-5-1D,RS_ACC1_S-1-2549,RS_ACC1_S-1-2566,RR_ACC1_S-1-5-1D_Ord003,11,2,1,87.0,87.0,87.0,06:17:30,07:44:30,13.0,pattern_median,43.5,서울 5호선,서울 5호선(방화-하남풍산)<하행>,1
P_5d104d7651e51415,BR_TAGO_GGB208000004,BS_TAGO_GGB225000180,BS_TAGO_GGB225000181,BR_TAGO_GGB208000004_Ord002,112,140,139,8.0,8.0,8.0,04:30:00,23:00:00,8.0,pattern_median,4.0,11-2,-,0
P_5db59db17882ad83,BR_TAGO_GGB232000111,BS_TAGO_GGB232000813,BS_TAGO_GGB232000815,BR_TAGO_GGB232000111_Ord001,24,46,45,25.0,25.0,25.0,04:10:00,22:40:00,25.0,pattern_median,12.5,G6003,-,0
P_5dd02b1f2c0d8035,BR_TAGO_ICB168000047,BS_TAGO_ICB115000295,BS_TAGO_ICB168001144,BR_TAGO_ICB168000047_Ord001,42,2,1,1080.0,1080.0,1080.0,04:30:00,22:30:00,31.0,pattern_median,540.0,86,-,0
P_5dd2d10fe7a6a114,BR_TAGO_GGB228000177,BS_TAGO_GGB228000191,BS_TAGO_GGB228000192,BR_TAGO_GGB228000177_Ord001,51,106,105,10.0,10.0,10.0,05:30:00,23:00:00,10.0,pattern_median,5.0,5001-1,-,0
P_5de9d641b545fed9,BR_TAGO_GGB234001245,BS_TAGO_GGB233001448,BS_TAGO_GGB233001713,BR_TAGO_GGB234001245_Ord002,18,215,214,5.0,5.0,5.0,05:00:00,22:50:00,5.0,pattern_median,2.5,M4108,-,0
P_5e0ceccb07a397c3,BR_3100_241262002,BS_TAGO_GGB116506850,BS_TAGO_GGB116506860,BR_3100_241262002_Ord001,81,69,68,15.0,15.0,15.0,06:00:00,23:00:00,15.0,pattern_median,7.5,013-1,-,0
P_5e1ac75e910f99a1,RR_ACC1_S-1-6-1,RS_ACC1_S-1-2648,RS_ACC1_S-1-2627,RR_ACC1_S-1-6-1_Ord021,546,2,1,41.0,41.0,41.0,06:48:00,07:29:00,8.5,pattern_median,20.5,서울 6호선,서울 6호선(신내-응암),1
P_5e30908aa9920634,RR_ACC1_S-1-1-1U,RS_ACC1_S-1-1812,RS_ACC1_S-1-1909,RR_ACC1_S-1-1-1U_Ord005,55,31,30,29.0,17.0,49.50000000000001,05:00:00,22:12:00,8.0,pattern_median,14.5,서울 1호선,서울 1호선(소요산-인천)<상행>,1
P_5e4969d5f9b540c6,BR_1100_103900008,BS_1100_103900299,BS_1100_103000138,BR_1100_103900008_Ord001,20,90,89,12.0,12.0,12.0,05:50:00,23:30:00,12.0,pattern_median,6.0,성동10,-,0
P_5e5e9dfd330561bf,BR_1100_120000003,BS_1100_116000649,BS_1100_116000645,BR_1100_120000003_Ord001,11,9,8,18.0,18.0,18.3,06:30:00,08:55:00,18.0,pattern_median,9.0,8661,-,0
P_5e946621215274c1,BR_1100_111000022,BS_1100_219000679,BS_1100_219000051,BR_1100_111000022_Ord001,126,71,70,16.0,16.0,16.0,04:20:00,22:50:00,16.0,pattern_median,8.0,707,-,0
P_5ea4945d29f2cb3e,BR_TAGO_GGB222000181,BS_TAGO_GGB221000310,BS_TAGO_GGB221000047,BR_TAGO_GGB222000181_Ord001,66,136,135,8.0,8.0,8.0,04:45:00,22:40:00,8.0,pattern_median,4.0,76,-,0
P_5efa1e1d5e6fd1c8,BR_1100_123900003,BS_1100_122000295,BS_1100_122900021,BR_1100_123900003_Ord001,18,42,41,25.0,25.0,25.0,06:00:00,23:00:00,25.0,pattern_median,12.5,송파03,-,0
P_5f06f6432990160f,BR_TAGO_GGB207000109,BS_TAGO_GGB207000395,BS_TAGO_GGB207000394,BR_TAGO_GGB207000109_Ord001,24,52,51,20.0,20.0,20.0,05:00:00,22:00:00,20.0,pattern_median,10.0,1205,-,0
P_5f22a596af870695,RR_ACC1_S-1-1-2D,RS_ACC1_S-1-0158,RS_ACC1_S-1-1408,RR_ACC1_S-1-1-2D_Ord017,53,3,2,359.0,110.2,607.8,09:41:00,21:39:00,19.0,pattern_median,179.5,서울 1호선,서울 1호선(광운대-신창(순천향대))<하행>,1
P_5f2b31bb2bc16243,BR_1100_117900006,BS_1100_117900119,BS_1100_117900136,BR_1100_117900006_Ord001,36,53,52,21.0,21.0,21.0,05:40:00,23:40:00,21.0,pattern_median,10.5,금천02,-,0
P_5f2c30b317026883,RR_ACC1_S-1-4-2U,RS_ACC1_S-1-0433,RS_ACC1_S-1-0409,RR_ACC1_S-1-4-2U_Ord075,25,38,37,16.0,11.6,87.4,05:52:00,24:12:00,7.0,pattern_median,8.0,서울 4호선,서울 4호선(안산-오이도)<상행>,1
P_5f34cca4a01cba67,BR_TAGO_GGB233000322,BS_TAGO_GGB123000004,BS_TAGO_GGB233003126,BR_TAGO_GGB233000322_Ord001,16,2,1,1070.2166666666667,1070.2166666666667,1070.2166666666667,06:12:34,24:02:47,30.0,pattern_median,535.1083333333333,G6009,-,0
P_5f539e62a1b1c45a,RR_ACC1_S-1-6-1,RS_ACC1_S-1-2626,RS_ACC1_S-1-2648,RR_ACC1_S-1-6-1_Ord002,119,1,0,8.5,,,05:30:00,05:30:00,8.5,route_median,4.25,서울 6호선,서울 6호선(신내-응암),1
P_5f8748ae9932803d,BR_TAGO_GGB234000029,BS_TAGO_GGB222001920,BS_TAGO_GGB222001931,BR_TAGO_GGB234000029_Ord002,84,17,16,60.0,60.0,60.0,06:20:00,22:20:00,60.0,pattern_median,30.0,96,-,0
P_5f91ae9a29e48231,BR_1100_100100332,BS_1100_114000190,BS_1100_114000193,BR_1100_100100332_Ord001,61,143,142,8.0,8.0,8.0,04:30:00,23:20:00,8.0,pattern_median,4.0,6715,-,0
P_5fae0e8c5f14a785,BR_TAGO_GGB229000061,BS_TAGO_GGB113000468,BS_TAGO_GGB229001168,BR_TAGO_GGB229000061_Ord001,39,2,1,1064.4666666666667,1064.4666666666667,1064.4666666666667,06:16:55,24:01:23,15.0,pattern_median,532.2333333333333,2200,-,0
P_5faeb5528d21cb32,BR_TAGO_GGB227000048,BS_TAGO_GGB227000349,BS_TAGO_GGB123000291,BR_TAGO_GGB227000048_Ord001,15,1,0,15.0,,,05:55:50,05:55:50,15.0,route_median,7.5,36,-,0
P_5fcd503b79ff9816,BR_1100_119900023,BS_1100_119000022,BS_1100_119000021,BR_1100_119900023_Ord001,42,61,60,18.0,18.0,18.0,05:50:00,23:50:00,18.0,pattern_median,9.0,동작05-1,-,0
P_5fd800a36433eb6b,BR_TAGO_GGB234000035,BS_TAGO_GGB222000267,BS_TAGO_GGB222000268,BR_TAGO_GGB234000035_Ord002,97,31,30,35.0,35.0,35.0,05:20:00,22:50:00,35.0,pattern_median,17.5,15,-,0
P_6017d9fb65c50730,BR_1100_100100103,BS_1100_111001112,BS_1100_111001113,BR_1100_100100103_Ord001,72,105,104,11.0,11.0,11.0,04:00:00,23:00:00,11.0,pattern_median,5.5,701,-,0
P_6039a0d4da33d43e,BR_TAGO_GGB232000094,BS_TAGO_GGB118000501,BS_TAGO_GGB232000074,BR_TAGO_GGB232000094_Ord001,10,2,1,1120.0,1120.0,1120.0,05:20:00,24:00:00,20.0,pattern_median,560.0,G6001,-,0
P_60570d4d24882f45,BR_TAGO_GGB210000049,BS_TAGO_GGB212000244,BS_TAGO_GGB211000305,BR_TAGO_GGB210000049_Ord001,67,2,1,1125.0,1125.0,1125.0,05:00:00,23:45:00,12.0,pattern_median,562.5,56-1,-,0
P_606e1b10830f97c4,BR_TAGO_GGB233000333,BS_TAGO_GGB233001214,BS_TAGO_GGB233001213,BR_TAGO_GGB233000333_Ord002,41,37,36,30.0,30.0,30.0,05:00:00,23:00:00,30.0,pattern_median,15.0,8502,-,0
P_6077f833e40e58da,BR_1100_100100029,BS_1100_109000406,BS_1100_109000408,BR_1100_100100029_Ord001,123,137,136,8.0,8.0,8.0,03:57:00,22:00:00,8.0,pattern_median,4.0,150,-,0
P_60f7a34b2c5ae4d1,BR_3100_241457013,BS_TAGO_GGB111000025,BS_TAGO_GGB111001116,BR_3100_241457013_Ord001,75,1,0,18.0,,,19:30:00,19:30:00,,global_median,9.0,15-1(구파발),-,0
P_614f38a75ad5bd59,BR_TAGO_GGB234000040,BS_TAGO_GGB104000299,BS_TAGO_GGB228001182,BR_TAGO_GGB234000040_Ord001,59,2,1,1020.0,1020.0,1020.0,06:20:00,23:20:00,15.0,pattern_median,510.0,119,-,0
P_617a465cf7e821d2,RR_ACC1_S-1-1-2U,RS_ACC1_S-1-1728,RS_ACC1_S-1-1701,RR_ACC1_S-1-1-2U_Ord009,29,4,3,59.0,50.2,587.0,07:30:00,21:16:00,17.5,pattern_median,29.5,서울 1호선,서울 1호선(광운대-신창(순천향대))<상행>,1
P_61abeaf74f2e6998,BR_1100_109900002,BS_1100_109900006,BS_1100_109900022,BR_1100_109900002_Ord001,31,92,91,12.0,12.0,12.0,05:30:00,23:35:00,12.0,pattern_median,6.0,도봉07,-,0
P_61e0a9090c409a32,RR_ACC1_S-1-1-1U,RS_ACC1_S-1-1806,RS_ACC1_S-1-1916,RR_ACC1_S-1-1-1U_Ord016,53,2,1,362.0,362.0,362.0,10:13:00,16:15:00,8.0,pattern_median,181.0,서울 1호선,서울 1호선(소요산-인천)<상행>,1
P_621545124c87e892,BR_TAGO_GGB234000029,BS_TAGO_GGB104000064,BS_TAGO_GGB222001931,BR_TAGO_GGB234000029_Ord001,39,2,1,980.0333333333333,980.0333333333333,980.0333333333333,06:57:07,23:17:09,60.0,pattern_median,490.01666666666665,96,-,0
P_621e40997b9e3db5,RR_ACC1_S-1-7-1U,RS_ACC1_S-1-2752,RS_ACC1_S-1-2711,RR_ACC1_S-1-7-1U_Ord006,42,49,48,12.0,11.35,34.10000000000001,05:30:00,18:37:00,5.5,pattern_median,6.0,서울 7호선,서울 7호선(석남(거북시장)-장암)<상행>,1
P_62a4d28f254c9fa3,BR_1100_113000005,BS_1100_234000056,BS_1100_121000012,BR_1100_113000005_Ord001,9,3,2,15.0,15.0,15.0,06:30:00,07:00:00,15.0,pattern_median,7.5,서울06,-,0
P_62ab0dffdf64f493,BR_TAGO_GGB207000002,BS_TAGO_GGB110000085,BS_TAGO_GGB207000394,BR_TAGO_GGB207000002_Ord001,39,2,1,1115.0,1115.0,1115.0,05:35:00,24:10:00,15.0,pattern_median,557.5,72-1,-,0
P_62c6f3299c9e4597,BR_TAGO_GGB234001713,BS_TAGO_GGB207000421,BS_TAGO_GGB104000139,BR_TAGO_GGB234001713_Ord001,9,2,1,30.0,30.0,30.0,07:00:00,07:30:00,30.0,pattern_median,15.0,P9402(출근),-,0
P_62e8addcdac9e070,BR_1100_100100085,BS_1100_116000195,BS_1100_116000194,BR_1100_100100085_Ord001,69,148,147,8.0,8.0,8.0,04:00:00,23:30:00,8.0,pattern_median,4.0,600,-,0
P_62eba7f460b64a61,BR_TAGO_GGB229000083,BS_TAGO_GGB118000511,BS_TAGO_GGB229001663,BR_TAGO_GGB229000083_Ord001,26,2,1,720.0,720.0,720.0,07:50:00,19:50:00,45.0,pattern_median,360.0,9030-1,-,0
P_62f83c2c7cac74fc,RR_ACC1_S-1-9-2U,RS_ACC1_S-1-4110,RS_ACC1_S-1-4138,RR_ACC1_S-1-9-2U_Ord005,29,1,0,11.0,,,05:30:00,05:30:00,11.0,route_median,5.5,서울 9호선,서울 9호선(개화-중앙보훈병원)<상행>,1
P_63348f3f0ded8db8,BR_1100_110000005,BS_1100_109000011,BS_1100_109000012,BR_1100_110000005_Ord001,55,6,5,7.0,7.0,7.0,07:30:00,08:05:00,7.0,pattern_median,3.5,8101,-,0
P_6350505baca8cd73,BR_TAGO_GGB204000153,BS_TAGO_GGB121000117,BS_TAGO_GGB205000085,BR_TAGO_GGB204000153_Ord001,33,2,1,960.0,960.0,960.0,06:20:00,22:20:00,40.0,pattern_median,480.0,9400,-,0
P_635f65cb17a0ccbf,BR_TAGO_GGB233000270,BS_TAGO_GGB233001448,BS_TAGO_GGB233001713,BR_TAGO_GGB233000270_Ord002,18,43,42,25.0,25.0,25.0,05:20:00,22:40:00,25.0,pattern_median,12.5,4108,-,0
P_63760cdd8781509b,BR_TAGO_GGB204000005,BS_TAGO_GGB204000041,BS_TAGO_GGB206000121,BR_TAGO_GGB204000005_Ord001,57,2,1,1055.0,1055.0,1055.0,06:00:00,23:35:00,6.0,pattern_median,527.5,57,-,0
P_6398121c57888de7,BR_TAGO_GGB235000104,BS_TAGO_GGB235000117,BS_TAGO_GGB235000133,BR_TAGO_GGB235000104_Ord002,32,73,72,15.0,14.741666666666667,15.116666666666667,05:05:40,23:05:58,15.0,pattern_median,7.5,G1200,-,0
P_63bba6e057dd5ecf,BR_1100_100100204,BS_1100_106000091,BS_1100_106000092,BR_1100_100100204_Ord001,120,74,73,15.0,15.0,15.0,04:30:00,22:40:00,15.0,pattern_median,7.5,2233,-,0
P_63c2012a0d3dbd57,BR_1100_118900009,BS_1100_118000216,BS_1100_118000065,BR_1100_118900009_Ord001,9,74,73,14.0,14.0,14.0,06:00:00,23:00:00,14.0,pattern_median,7.0,영등포11,-,0
P_63d521962c3448f7,BR_TAGO_GGB234000309,BS_TAGO_GGB227000094,BS_TAGO_GGB227000062,BR_TAGO_GGB234000309_Ord002,111,102,101,12.0,12.0,12.0,04:30:00,24:45:00,12.0,pattern_median,6.0,9301,-,0
P_63dda76491e00f4a,RR_ACC1_S-1-4-4D,RS_ACC1_S-1-0405,RS_ACC1_S-1-0409,RR_ACC1_S-1-4-4D_Ord079,4,1,0,14.0,,,24:25:00,24:25:00,14.0,route_median,7.0,서울 4호선,서울 4호선(진접-사당)<하행>,1
P_63ed58adc10e5588,BR_TAGO_GGB227000002,BS_TAGO_GGB227000261,BS_TAGO_GGB227000260,BR_TAGO_GGB227000002_Ord002,78,33,32,30.0,29.58833333333333,30.51,06:22:13,22:21:37,30.0,pattern_median,15.0,81,-,0
P_63eec087f0ea21cf,BR_TAGO_GGB207000080,BS_TAGO_GGB221000217,BS_TAGO_GGB221000155,BR_TAGO_GGB207000080_Ord002,81,48,47,20.0,20.0,20.0,06:00:00,21:30:00,20.0,pattern_median,10.0,78,-,0
P_640ab97d3221b9fa,RR_ACC1_S-1-5-3U,RS_ACC1_S-1-2545,RS_ACC1_S-1-2511,RR_ACC1_S-1-5-3U_Ord004,35,1,0,3.5,,,05:32:00,05:32:00,3.5,route_median,1.75,서울 5호선,서울 5호선(방화-강동)<상행>,1
P_641147481f53f048,BR_1100_122000001,BS_1100_122000344,BS_1100_122000262,BR_1100_122000001_Ord001,46,90,89,13.0,13.0,13.0,04:20:00,23:30:00,13.0,pattern_median,6.5,4435,-,0
P_6423eb2464f25e03,BR_TAGO_GGB222000022,BS_TAGO_GGB222000652,BS_TAGO_GGB222000653,BR_TAGO_GGB222000022_Ord002,162,37,36,30.0,30.0,30.0,04:40:27,22:30:35,30.0,pattern_median,15.0,91,-,0
P_64742c0ebc5541e3,BR_1100_103900002,BS_1100_103900003,BS_1100_103900139,BR_1100_103900002_Ord001,39,99,98,11.0,11.0,11.0,05:50:00,23:40:00,11.0,pattern_median,5.5,성동08,-,0
P_649c371ce70ad0a8,BR_1100_100100138,BS_1100_110000327,BS_1100_110000285,BR_1100_100100138_Ord001,85,71,70,16.0,16.0,16.0,04:30:00,23:00:00,16.0,pattern_median,8.0,1120,-,0
P_64bfe9102c2371d4,RR_ACC1_S-1-KJ-2D,RS_ACC1_S-1-1284,RS_ACC1_S-1-1014,RR_ACC1_S-1-KJ-2D_Ord083,32,2,1,23.0,23.0,23.0,22:39:00,23:02:00,13.0,pattern_median,11.5,경의중앙선,경의중앙선(문산-지평)<하행>,1
P_64c26aeffed3f2a3,BR_1100_100100298,BS_1100_213000506,BS_1100_213000505,BR_1100_100100298_Ord001,79,81,80,14.0,14.0,14.0,04:30:00,23:10:00,14.0,pattern_median,7.0,6616,-,0
P_64f1c885823c3792,BR_TAGO_GGB234001694,BS_TAGO_GGB234001178,BS_TAGO_GGB234001048,BR_TAGO_GGB234001694_Ord002,40,67,66,15.0,15.0,15.0,05:00:00,21:30:00,15.0,pattern_median,7.5,3201,-,0
P_64fc64b572aaea81,BR_TAGO_GGB213000003,BS_TAGO_GGB213000052,BS_TAGO_GGB213000044,BR_TAGO_GGB213000003_Ord002,57,157,156,7.0,7.0,7.0,05:20:00,23:30:00,7.0,pattern_median,3.5,27,-,0
P_652cccdee7af796d,RR_ACC1_S-1-KJ-2U,RS_ACC1_S-1-1003,RS_ACC1_S-1-1284,RR_ACC1_S-1-KJ-2U_Ord084,25,2,1,645.0,645.0,645.0,08:35:00,19:20:00,13.0,pattern_median,322.5,경의중앙선,경의중앙선(문산-지평)<상행>,1
P_652d2e3a5b62783b,BR_TAGO_GGB234001203,BS_TAGO_GGB234000604,BS_TAGO_GGB234000605,BR_TAGO_GGB234001203_Ord002,65,6,5,15.0,12.6,15.0,06:14:00,07:25:00,15.0,pattern_median,7.5,1113-10,-,0
P_65368f32f4d8cda3,RR_ACC1_S-1-KJ-1D,RS_ACC1_S-1-1284,RS_ACC1_S-1-1251,RR_ACC1_S-1-KJ-1D_Ord001,22,21,20,44.0,17.9,84.2000000000001,05:07:00,22:50:00,44.0,pattern_median,22.0,경의중앙선,경의중앙선(문산-서울역)<하행>,1
P_65646d697faa4dc0,RR_ACC1_S-1-1-1U,RS_ACC1_S-1-1812,RS_ACC1_S-1-0159,RR_ACC1_S-1-1-1U_Ord115,35,7,6,96.5,22.0,335.5,08:06:00,23:14:00,8.0,pattern_median,48.25,서울 1호선,서울 1호선(소요산-인천)<상행>,1
P_6577b2d9d89e1221,BR_TAGO_GGB222000177,BS_TAGO_GGB222000652,BS_TAGO_GGB222000653,BR_TAGO_GGB222000177_Ord002,87,56,55,20.0,20.0,20.0,05:00:33,23:15:33,20.0,pattern_median,10.0,105,-,0
P_65a1c3323208c3fc,BR_TAGO_GGB204000024,BS_TAGO_GGB206000498,BS_TAGO_GGB206000170,BR_TAGO_GGB204000024_Ord002,89,110,109,10.0,10.0,10.0,04:50:00,23:00:00,10.0,pattern_median,5.0,9407,-,0
P_65a690ad2e96f587,BR_1100_121900005,BS_1100_121900007,BS_1100_121000025,BR_1100_121900005_Ord001,29,74,73,14.0,14.0,14.0,06:00:00,23:00:00,14.0,pattern_median,7.0,서초03,-,0
P_65af26e20634224d,BR_TAGO_GGB222000013,BS_TAGO_GGB236001328,BS_TAGO_GGB236001329,BR_TAGO_GGB222000013_Ord002,235,96,95,12.0,12.0,12.0,04:00:45,23:00:46,12.0,pattern_median,6.0,23,-,0
P_660e028426574e2f,RR_ACC1_S-1-1-4U,RS_ACC1_S-1-1749,RS_ACC1_S-1-1701,RR_ACC1_S-1-1-4U_Ord013,18,7,6,125.5,60.5,283.5,07:56:00,23:35:00,19.0,pattern_median,62.75,서울 1호선,서울 1호선(광운대-서동탄)<상행>,1
P_661d7798828fba6f,BR_TAGO_GGB222000058,BS_TAGO_GGB104000064,BS_TAGO_GGB222001259,BR_TAGO_GGB222000058_Ord001,70,2,1,1170.0666666666666,1170.0666666666666,1170.0666666666666,05:32:03,25:02:07,10.0,pattern_median,585.0333333333333,1,-,0
P_6635fd0067ab5b3e,BR_TAGO_GGB232000073,BS_TAGO_GGB232000625,BS_TAGO_GGB232000626,BR_TAGO_GGB232000073_Ord002,52,45,44,25.0,25.0,25.0,04:30:00,22:50:00,25.0,pattern_median,12.5,1004,-,0
P_6661fc1f0f915384,RR_ACC1_S-1-1-1U,RS_ACC1_S-1-1812,RS_ACC1_S-1-1019,RR_ACC1_S-1-1-1U_Ord002,43,2,1,570.0,570.0,570.0,13:22:00,22:52:00,8.0,pattern_median,285.0,서울 1호선,서울 1호선(소요산-인천)<상행>,1
P_6669de8d6debdc0e,RR_ACC1_S-1-4-2D,RS_ACC1_S-1-0412,RS_ACC1_S-1-1762,RR_ACC1_S-1-4-2D_Ord146,45,4,3,149.5,92.3,472.3,08:02:30,21:03:00,6.25,pattern_median,74.75,서울 4호선,서울 4호선(안산-오이도)<하행>,1
P_66772e84c9fdc2d8,BR_1100_108900012,BS_1100_108000367,BS_1100_108000367,BR_1100_108900012_Ord001,17,110,109,10.0,10.0,10.0,05:48:00,23:59:00,10.0,pattern_median,5.0,강북12,-,0
P_669d8948046f8f95,BR_TAGO_GGB210000013,BS_TAGO_GGB211000219,BS_TAGO_GGB211000220,BR_TAGO_GGB210000013_Ord002,110,89,88,13.0,13.0,13.0,04:20:00,23:20:00,13.0,pattern_median,6.5,3,-,0
P_669ffa5816763c47,BR_TAGO_GGB234000041,BS_TAGO_GGB105000016,BS_TAGO_GGB222000799,BR_TAGO_GGB234000041_Ord001,99,2,1,940.0,940.0,940.0,07:05:00,22:45:00,30.0,pattern_median,470.0,330-1,-,0
P_66dc92d4a51edb37,BR_TAGO_GGB222000050,BS_TAGO_GGB222001608,BS_TAGO_GGB222001609,BR_TAGO_GGB222000050_Ord002,81,32,31,35.0,35.0,35.0,04:45:00,22:50:00,35.0,pattern_median,17.5,51,-,0
P_66fc87d447ae0bb8,RR_ACC1_S-1-1-2D,RS_ACC1_S-1-1019,RS_ACC1_S-1-1408,RR_ACC1_S-1-1-2D_Ord009,58,18,17,41.0,16.0,91.80000000000001,06:30:00,21:06:00,19.0,pattern_median,20.5,서울 1호선,서울 1호선(광운대-신창(순천향대))<하행>,1
P_6758b6054d15be1f,RR_ACC1_S-1-7-1U,RS_ACC1_S-1-2745,RS_ACC1_S-1-2711,RR_ACC1_S-1-7-1U_Ord005,35,1,0,5.5,,,05:34:30,05:34:30,5.5,route_median,2.75,서울 7호선,서울 7호선(석남(거북시장)-장암)<상행>,1
P_67616dbe3cd5e89d,BR_TAGO_GGB210000057,BS_TAGO_GGB211000106,BS_TAGO_GGB212000380,BR_TAGO_GGB210000057_Ord001,40,2,1,1070.0,1070.0,1070.0,05:40:00,23:30:00,6.0,pattern_median,535.0,60-1,-,0
P_678f31fec1ce5d93,BR_TAGO_GGB216000026,BS_TAGO_GGB121000920,BS_TAGO_GGB217000289,BR_TAGO_GGB216000026_Ord001,41,2,1,1039.7666666666667,1039.7666666666667,1039.7666666666667,06:51:47,24:11:33,20.0,pattern_median,519.8833333333333,3100,-,0
P_6799bcc2cf355d91,BR_1100_100100063,BS_1100_123000354,BS_1100_123000355,BR_1100_100100063_Ord001,110,135,134,9.0,9.0,9.0,00:05:00,23:57:00,9.0,pattern_median,4.5,402,-,0
P_67a53f0d1d0aab85,RR_ACC1_S-1-1-1D,RS_ACC1_S-1-1915,RS_ACC1_S-1-1812,RR_ACC1_S-1-1-1D_Ord037,61,15,14,31.5,12.4,63.00000000000001,06:11:00,21:17:00,7.5,pattern_median,15.75,서울 1호선,서울 1호선(소요산-인천)<하행>,1
P_67a598017c06cad2,BR_1100_100100225,BS_1100_124000344,BS_1100_124000429,BR_1100_100100225_Ord001,101,126,125,9.0,9.0,9.0,04:20:00,23:00:00,9.0,pattern_median,4.5,3413,-,0
P_67a5f54c0f6966dc,BR_TAGO_GGB233000135,BS_TAGO_GGB121000007,BS_TAGO_GGB233001213,BR_TAGO_GGB233000135_Ord001,21,2,1,1110.2666666666667,1110.2666666666667,1110.2666666666667,06:22:27,24:52:43,30.0,pattern_median,555.1333333333333,8501,-,0
P_67e0afb4308d3a57,BR_TAGO_GGB216000061,BS_TAGO_GGB233003145,BS_TAGO_GGB121000974,BR_TAGO_GGB216000061_Ord001,26,1,0,15.0,,,06:40:00,06:40:00,15.0,route_median,7.5,3102,-,0
P_68231748320df09c,BR_TAGO_GGB234001204,BS_TAGO_GGB104000064,BS_TAGO_GGB234000605,BR_TAGO_GGB234001204_Ord001,42,2,1,45.0,45.0,45.0,18:45:00,19:30:00,27.5,pattern_median,22.5,1113-11,-,0
P_6857df9cc81b717d,RR_ACC1_S-1-6-1,RS_ACC1_S-1-2648,RS_ACC1_S-1-2626,RR_ACC1_S-1-6-1_Ord016,547,1,0,8.5,,,05:58:00,05:58:00,8.5,route_median,4.25,서울 6호선,서울 6호선(신내-응암),1
P_688d6fe3ee4fb3ea,BR_TAGO_GGB208000004,BS_TAGO_GGB119000287,BS_TAGO_GGB225000181,BR_TAGO_GGB208000004_Ord001,56,2,1,1120.0,1120.0,1120.0,05:10:00,23:50:00,8.0,pattern_median,560.0,11-2,-,0
P_68a2cd032a6011f0,BR_TAGO_GGB227000047,BS_TAGO_GGB227000188,BS_TAGO_GGB227000238,BR_TAGO_GGB227000047_Ord002,42,64,63,15.0,15.0,15.0,06:00:00,21:40:00,15.0,pattern_median,7.5,33,-,0
P_690b5bbdec4b6c7c,BR_3100_241262003,BS_TAGO_GGB116506850,BS_TAGO_GGB116506860,BR_3100_241262003_Ord001,64,72,71,15.0,15.0,15.0,06:00:00,23:45:00,15.0,pattern_median,7.5,013-2,-,0
P_690d62ea51d6c072,RR_ACC1_S-1-1-1D,RS_ACC1_S-1-1915,RS_ACC1_S-1-1806,RR_ACC1_S-1-1-1D_Ord073,52,1,0,7.5,,,07:40:00,07:40:00,7.5,route_median,3.75,서울 1호선,서울 1호선(소요산-인천)<하행>,1
P_690e427128286f0c,BR_TAGO_GGB234001742,BS_TAGO_GGB214002018,BS_TAGO_GGB214002018,BR_TAGO_GGB234001742_Ord002,24,109,108,10.0,10.0,10.0,05:00:00,23:00:00,10.0,pattern_median,5.0,5401,-,0
P_6919d39901f4a98c,BR_TAGO_GGB208000020,BS_TAGO_GGB208000236,BS_TAGO_GGB208000096,BR_TAGO_GGB208000020_Ord002,81,184,183,6.0,6.0,6.0,04:42:00,23:00:00,6.0,pattern_median,3.0,9-3,-,0
P_69735505dbba135c,RR_ACC1_S-1-GC-2D,RS_ACC1_S-1-1019,RS_ACC1_S-1-1329,RR_ACC1_S-1-GC-2D_Ord001,22,2,1,707.0,707.0,707.0,08:44:00,20:31:00,707.0,pattern_median,353.5,경춘선,경춘선(광운대-춘천)<하행>,1
P_69749c3520f0c0d5,BR_1100_100100090,BS_1100_115000321,BS_1100_115000320,BR_1100_100100090_Ord001,104,101,100,11.0,11.0,11.0,04:00:00,22:20:00,11.0,pattern_median,5.5,605,-,0
P_6990668ca5103f9b,BR_TAGO_GGB207000021,BS_TAGO_GGB235000858,BS_TAGO_GGB235000859,BR_TAGO_GGB207000021_Ord002,122,112,111,10.0,10.0,10.0,04:25:00,22:50:00,10.0,pattern_median,5.0,7,-,0
P_69d4c3b4d72bc4d4,BR_1100_115000007,BS_1100_115000037,BS_1100_115000036,BR_1100_115000007_Ord001,103,94,93,12.0,12.0,12.0,04:00:00,22:30:00,12.0,pattern_median,6.0,654,-,0
P_69fc7763e6ef1539,RR_ACC1_S-1-KJ-7U,RS_ACC1_S-1-1210,RS_ACC1_S-1-1284,RR_ACC1_S-1-KJ-7U_Ord001,33,1,0,18.0,,,17:28:00,17:28:00,,global_median,9.0,경의중앙선,경의중앙선(문산-팔당)(급행)<상행>,1
P_6a14093e0617361e,BR_1100_100100073,BS_1100_113000020,BS_1100_113000181,BR_1100_100100073_Ord001,87,112,111,10.0,10.0,10.0,04:00:00,22:30:00,10.0,pattern_median,5.0,470,-,0
P_6a3b8e9a8011f53c,RR_ACC1_S-1-KJ-2U,RS_ACC1_S-1-1014,RS_ACC1_S-1-1284,RR_ACC1_S-1-KJ-2U_Ord001,32,2,1,39.0,39.0,39.0,05:00:00,05:39:00,13.0,pattern_median,19.5,경의중앙선,경의중앙선(문산-지평)<상행>,1
P_6a3d01521f9fd1db,BR_1100_100100185,BS_1100_107000022,BS_1100_107000021,BR_1100_100100185_Ord001,64,160,159,7.0,7.0,7.0,04:30:00,23:00:00,7.0,pattern_median,3.5,1711,-,0
P_6a44199ba53bccca,BR_1100_100100010,BS_1100_110000399,BS_1100_110000694,BR_1100_100100010_Ord001,86,95,94,12.0,12.0,12.0,04:00:00,22:40:00,12.0,pattern_median,6.0,105,-,0
P_6a6d516376063fbe,BR_1100_100100354,BS_1100_111001112,BS_1100_111001113,BR_1100_100100354_Ord001,39,91,90,13.0,13.0,13.0,00:00:00,23:47:00,13.0,pattern_median,6.5,7723,-,0
P_6aa5c4bb90357936,BR_1100_100100038,BS_1100_221000046,BS_1100_221000047,BR_1100_100100038_Ord001,116,72,71,17.0,17.0,17.0,00:00:00,23:50:00,17.0,pattern_median,8.5,201,-,0
P_6abf697a98ea5dae,BR_TAGO_GGB217000013,BS_TAGO_GGB118000198,BS_TAGO_GGB217000188,BR_TAGO_GGB217000013_Ord001,70,2,1,1220.0,1220.0,1220.0,05:00:00,25:20:00,20.0,pattern_median,610.0,320,-,0
P_6b2b43426c513eba,BR_TAGO_GGB233000328,BS_TAGO_GGB233002226,BS_TAGO_GGB233002213,BR_TAGO_GGB233000328_Ord001,26,52,51,20.0,20.0,20.0,05:30:00,22:30:00,20.0,pattern_median,10.0,G1003,-,0
P_6b532be32171b565,RR_ACC1_S-1-SD-9U,RS_ACC1_S-1-1873,RS_ACC1_S-1-1014,RR_ACC1_S-1-SD-9U_Ord001,38,2,1,268.0,268.0,268.0,12:51:00,17:19:00,268.0,pattern_median,134.0,수인분당선,수인분당선(청량리-고색)<상행>,1
P_6b778530b3d16f98,BR_1100_100100102,BS_1100_210000246,BS_1100_210000245,BR_1100_100100102_Ord001,126,57,56,20.0,20.0,20.0,04:00:00,22:40:00,20.0,pattern_median,10.0,661,-,0
P_6b812a5aa1044c8b,BR_1100_120900003,BS_1100_120900078,BS_1100_120900130,BR_1100_120900003_Ord001,22,188,187,6.0,6.0,6.0,00:00:00,23:56:00,6.0,pattern_median,3.0,관악03,-,0
P_6b9da2104032672a,BR_TAGO_GGB233000356,BS_TAGO_GGB101000006,BS_TAGO_GGB201000199,BR_TAGO_GGB233000356_Ord001,10,2,1,60.0,60.0,60.0,18:10:00,19:10:00,60.0,pattern_median,30.0,P9110(퇴근),-,0
P_6bb49bea329b155a,RR_ACC1_S-1-3-1D,RS_ACC1_S-1-1958,RS_ACC1_S-1-0323,RR_ACC1_S-1-3-1D_Ord201,25,1,0,6.0,,,24:03:00,24:03:00,6.0,route_median,3.0,서울 3호선,서울 3호선(오금-대화)<하행>,1
P_6bd5a1b103cf0c87,BR_TAGO_GGB222000084,BS_TAGO_GGB239000682,BS_TAGO_GGB239000429,BR_TAGO_GGB222000084_Ord002,28,18,17,64.0,64.0,64.0,05:10:00,23:10:00,64.0,pattern_median,32.0,8002,-,0
P_6bd67f9ebce215ef,BR_TAGO_GGB213000002,BS_TAGO_GGB213000052,BS_TAGO_GGB213000044,BR_TAGO_GGB213000002_Ord002,50,75,74,15.0,15.0,15.0,05:05:00,23:25:00,15.0,pattern_median,7.5,21,-,0
P_6bd841def668b91b,BR_1100_100100454,BS_1100_123000661,BS_1100_123000436,BR_1100_100100454_Ord001,94,102,101,11.0,11.0,11.0,04:00:00,22:30:00,11.0,pattern_median,5.5,361,-,0
P_6bf9aee59ef354bf,BR_1100_100100129,BS_1100_107000163,BS_1100_107000251,BR_1100_100100129_Ord001,37,141,140,8.0,8.0,8.0,05:00:00,23:40:00,8.0,pattern_median,4.0,1014,-,0
P_6c005082e01ee427,BR_1100_111000008,BS_1100_114000270,BS_1100_114000265,BR_1100_111000008_Ord001,58,67,66,17.0,17.0,17.0,04:20:00,23:00:00,17.0,pattern_median,8.5,674,-,0
P_6c118ab05e61c5d1,BR_1100_100100118,BS_1100_111000299,BS_1100_111000055,BR_1100_100100118_Ord001,104,92,91,12.0,12.0,12.0,04:10:00,22:20:00,12.0,pattern_median,6.0,753,-,0
P_6c20cf79e6943fa1,RR_ACC1_S-1-8-1U,RS_ACC1_S-1-2815,RS_ACC1_S-1-2811,RR_ACC1_S-1-8-1U_Ord001,5,1,0,8.5,,,05:30:00,05:30:00,8.5,route_median,4.25,서울 8호선,서울 8호선(모란-암사)<상행>,1
P_6c4c61b03e5d563b,RR_ACC1_S-1-GC-2U,RS_ACC1_S-1-1329,RS_ACC1_S-1-1019,RR_ACC1_S-1-GC-2U_Ord001,22,2,1,704.0,704.0,704.0,07:03:00,18:47:00,704.0,pattern_median,352.0,경춘선,경춘선(광운대-춘천)<상행>,1
P_6c5acd4879839c94,BR_TAGO_GGB234001577,BS_TAGO_GGB101000148,BS_TAGO_GGB233003126,BR_TAGO_GGB234001577_Ord001,10,2,1,1079.9333333333334,1079.9333333333334,1079.9333333333334,06:14:43,24:14:39,5.0,pattern_median,539.9666666666667,M4130,-,0
P_6c6db8bc418e57ea,RR_ACC1_S-1-GC-1D,RS_ACC1_S-1-1014,RS_ACC1_S-1-1329,RR_ACC1_S-1-GC-1D_Ord008,24,9,8,147.0,20.4,199.1,06:44:00,22:11:00,23.0,pattern_median,73.5,경춘선,경춘선(청량리-춘천)<하행>,1
P_6c7d5bbb1666a7e6,BR_TAGO_GGB204000082,BS_TAGO_GGB206000040,BS_TAGO_GGB206000215,BR_TAGO_GGB204000082_Ord001,21,136,135,8.0,8.0,8.0,05:00:00,23:00:00,8.0,pattern_median,4.0,G8110,-,0
P_6c7eb32991d4405c,BR_TAGO_GGB228000184,BS_TAGO_GGB123000002,BS_TAGO_GGB228000192,BR_TAGO_GGB228000184_Ord001,54,2,1,1032.5666666666666,1032.5666666666666,1032.5666666666666,07:11:40,24:24:14,10.0,pattern_median,516.2833333333333,5600,-,0
P_6ce0b8026032da04,BR_TAGO_ICB165000409,BS_TAGO_ICB168000099,BS_TAGO_ICB168000102,BR_TAGO_ICB165000409_Ord002,32,31,30,30.0,30.0,30.0,06:35:00,21:20:00,30.0,pattern_median,15.0,M6628,-,0
P_6ce567a1e94d9c75,RR_ACC1_S-1-1-6U,RS_ACC1_S-1-1812,RS_ACC1_S-1-1915,RR_ACC1_S-1-1-6U_Ord001,52,6,5,73.0,59.2,122.8,05:10:00,12:29:00,62.0,pattern_median,36.5,서울 1호선,서울 1호선(소요산-인천)(급행)<상행>,1
P_6cedf67465c902b0,BR_1100_116900012,BS_1100_116900240,BS_1100_116900239,BR_1100_116900012_Ord001,27,153,152,7.0,7.0,7.0,06:00:00,23:40:00,7.0,pattern_median,3.5,구로06,-,0
P_6cf5c2431ba03fc7,RR_ACC1_S-1-4-2U,RS_ACC1_S-1-1762,RS_ACC1_S-1-0409,RR_ACC1_S-1-4-2U_Ord016,48,104,103,10.0,6.1000000000000005,15.0,05:13:00,22:56:30,7.0,pattern_median,5.0,서울 4호선,서울 4호선(안산-오이도)<상행>,1
P_6d170d70cdf2738e,BR_TAGO_GGB222000046,BS_TAGO_GGB222000267,BS_TAGO_GGB123000511,BR_TAGO_GGB222000046_Ord001,19,1,0,8.0,,,05:30:00,05:30:00,8.0,route_median,4.0,1670,-,0
P_6d340f8a39e04069,BR_1100_109900008,BS_1100_109900007,BS_1100_109900058,BR_1100_109900008_Ord001,18,100,99,11.0,11.0,11.0,00:08:00,23:58:00,11.0,pattern_median,5.5,도봉04,-,0
P_6d6c2f1376fe8616,RR_ACC1_S-1-9-2U,RS_ACC1_S-1-4101,RS_ACC1_S-1-4138,RR_ACC1_S-1-9-2U_Ord007,38,119,118,11.0,6.333333333333333,11.0,05:30:00,23:40:20,11.0,pattern_median,5.5,서울 9호선,서울 9호선(개화-중앙보훈병원)<상행>,1
P_6df0da1c99037524,BR_TAGO_GGB233000366,BS_TAGO_GGB224000513,BS_TAGO_GGB121000166,BR_TAGO_GGB233000366_Ord001,8,2,1,20.0,20.0,20.0,06:28:00,06:48:00,20.0,pattern_median,10.0,P9541(출근),-,0
P_6e0dab2a96124bc0,BR_1100_104900003,BS_1100_104900059,BS_1100_104900021,BR_1100_104900003_Ord001,23,56,55,18.0,18.0,18.0,06:00:00,22:20:00,18.0,pattern_median,9.0,광진02,-,0
P_6e439b6e1a2f0d3d,BR_TAGO_GGB229000097,BS_TAGO_GGB229001697,BS_TAGO_GGB229001663,BR_TAGO_GGB229000097_Ord002,61,109,108,10.0,10.0,10.0,05:00:00,23:00:00,10.0,pattern_median,5.0,9030,-,0
P_6e4e1bd6b09b47e3,RR_ACC1_S-1-1-9U,RS_ACC1_S-1-1408,RS_ACC1_S-1-0150,RR_ACC1_S-1-1-9U_Ord001,22,1,0,18.0,,,06:09:00,06:09:00,,global_median,9.0,서울 1호선,서울 1호선(신창(순천향대)-서울역)(급행)<상행>,1
P_6e86193ebf117dbf,RR_ACC1_S-1-5-1U,RS_ACC1_S-1-2554,RS_ACC1_S-1-2549,RR_ACC1_S-1-5-1U_Ord010,6,2,1,25.5,25.5,25.5,07:00:00,07:25:30,13.0,pattern_median,12.75,서울 5호선,서울 5호선(방화-하남풍산)<상행>,1
P_6e996650e115dd04,BR_TAGO_GGB204000159,BS_TAGO_GGB204000244,BS_TAGO_GGB205000186,BR_TAGO_GGB204000159_Ord001,39,2,1,1020.0,1020.0,1020.0,06:00:00,23:00:00,20.0,pattern_median,510.0,342,-,0
P_6eea3bcbd12d6134,BR_TAGO_GGB232000129,BS_TAGO_GGB232001107,BS_TAGO_GGB232001107,BR_TAGO_GGB232000129_Ord001,6,2,1,116.0,116.0,116.0,06:36:00,08:32:00,116.0,pattern_median,58.0,70B,-,0
P_6ef23fe64033127c,BR_TAGO_GGB229000273,BS_TAGO_GGB100000003,BS_TAGO_GGB229000567,BR_TAGO_GGB229000273_Ord001,24,2,1,1080.0,1080.0,1080.0,06:30:00,24:30:00,25.0,pattern_median,540.0,7101,-,0
P_6ef562ceda114064,RR_ACC1_S-1-1-6U,RS_ACC1_S-1-1019,RS_ACC1_S-1-1915,RR_ACC1_S-1-1-6U_Ord003,10,1,0,62.0,,,10:08:00,10:08:00,62.0,route_median,31.0,서울 1호선,서울 1호선(소요산-인천)(급행)<상행>,1
P_6f2303f64c7cdbdd,BR_1100_109000002,BS_1100_235000078,BS_1100_109000405,BR_1100_109000002_Ord001,6,4,3,15.0,15.0,15.0,06:30:00,07:15:00,15.0,pattern_median,7.5,서울05,-,0
P_6f51611e1c72aa34,BR_1100_100100186,BS_1100_106000319,BS_1100_106000467,BR_1100_100100186_Ord001,113,103,102,11.0,11.0,11.0,04:00:00,22:40:00,11.0,pattern_median,5.5,2012,-,0
P_6f57fb7df5a36968,BR_TAGO_GGB234001244,BS_TAGO_GGB122000616,BS_TAGO_GGB219000705,BR_TAGO_GGB234001244_Ord001,27,2,1,1065.0,1065.0,1065.0,06:15:00,24:00:00,25.0,pattern_median,532.5,9600,-,0
P_6f638b2169fd12ba,RR_ACC1_S-1-1-1U,RS_ACC1_S-1-1022,RS_ACC1_S-1-1916,RR_ACC1_S-1-1-1U_Ord106,17,1,0,8.0,,,06:40:00,06:40:00,8.0,route_median,4.0,서울 1호선,서울 1호선(소요산-인천)<상행>,1
P_6f751537d74f38a8,BR_1100_113000002,BS_1100_123000661,BS_1100_123000659,BR_1100_113000002_Ord001,125,99,98,12.0,12.0,12.0,04:00:00,23:30:00,12.0,pattern_median,6.0,452,-,0
P_6f7f5fd940a75db0,BR_TAGO_GGB207000106,BS_TAGO_GGB207000132,BS_TAGO_GGB207000143,BR_TAGO_GGB207000106_Ord002,21,2,1,29.816666666666666,29.816666666666666,29.816666666666666,23:42:44,24:12:33,29.816666666666666,pattern_median,14.908333333333333,G6100N,-,0
P_6f8de593da358334,BR_1100_111900012,BS_1100_111900129,BS_1100_111900133,BR_1100_111900012_Ord001,26,60,59,18.0,18.0,18.0,06:00:00,23:30:00,18.0,pattern_median,9.0,은평08-2,-,0
P_6f9b0012734962b6,BR_TAGO_GGB227000016,BS_TAGO_GGB227000261,BS_TAGO_GGB227000260,BR_TAGO_GGB227000016_Ord002,37,111,110,10.0,10.0,10.0,04:51:00,23:11:00,10.0,pattern_median,5.0,9302,-,0
P_6f9d5fb4fe12125a,BR_TAGO_GGB229000039,BS_TAGO_GGB229000746,BS_TAGO_GGB229001168,BR_TAGO_GGB229000039_Ord002,170,80,79,13.0,13.0,13.0,05:00:00,22:00:00,13.0,pattern_median,6.5,567,-,0
P_6fabcd013e3accf6,BR_TAGO_GGB234001516,BS_TAGO_GGB104000064,BS_TAGO_GGB234000271,BR_TAGO_GGB234001516_Ord001,20,2,1,1085.0,1085.0,1085.0,05:50:00,23:55:00,10.0,pattern_median,542.5,1113-2,-,0
P_6fc49b8b11bef44d,RR_ACC1_S-1-1-5U,RS_ACC1_S-1-1806,RS_ACC1_S-1-1701,RR_ACC1_S-1-1-5U_Ord092,6,1,0,9.0,,,20:40:00,20:40:00,9.0,route_median,4.5,서울 1호선,서울 1호선(용산-동인천)(급행)<상행>,1
P_6fcc8ec673d14d6d,BR_TAGO_GGB200000205,BS_TAGO_GGB101000333,BS_TAGO_GGB201000145,BR_TAGO_GGB200000205_Ord001,14,2,1,1099.7833333333333,1099.7833333333333,1099.7833333333333,06:15:26,24:35:13,8.0,pattern_median,549.8916666666667,8800,-,0
P_6fe354828b2dba9e,BR_TAGO_GGB210000052,BS_TAGO_GGB211000031,BS_TAGO_GGB211000187,BR_TAGO_GGB210000052_Ord001,33,2,1,1115.0,1115.0,1115.0,05:00:00,23:35:00,9.0,pattern_median,557.5,57-1,-,0
P_6ffc1c19c8562910,BR_1100_100100249,BS_1100_117000132,BS_1100_117000920,BR_1100_100100249_Ord001,86,163,162,7.0,7.0,7.0,04:20:00,23:10:00,7.0,pattern_median,3.5,5413,-,0
P_7023a90fcf3f1ff3,BR_TAGO_GGB235000080,BS_TAGO_GGB235001754,BS_TAGO_GGB111000551,BR_TAGO_GGB235000080_Ord001,41,1,0,60.0,,,07:05:00,07:05:00,60.0,route_median,30.0,19,-,0
P_70762c044ec57439,RR_ACC1_S-1-7-1U,RS_ACC1_S-1-3763,RS_ACC1_S-1-2752,RR_ACC1_S-1-7-1U_Ord202,12,1,0,5.5,,,24:30:00,24:30:00,5.5,route_median,2.75,서울 7호선,서울 7호선(석남(거북시장)-장암)<상행>,1
P_7081bf37923a37cb,BR_TAGO_GGB224000061,BS_TAGO_GGB224000513,BS_TAGO_GGB224000567,BR_TAGO_GGB224000061_Ord001,17,71,70,15.0,15.0,15.0,05:00:00,22:30:00,15.0,pattern_median,7.5,6502,-,0
P_70bbc482bbdac9c9,BR_1100_118900003,BS_1100_118000168,BS_1100_118000246,BR_1100_118900003_Ord001,28,54,53,20.0,20.0,20.0,06:00:00,23:30:00,20.0,pattern_median,10.0,영등포06,-,0
P_70bf8dd91b420406,RR_ACC1_S-1-KJ-2D,RS_ACC1_S-1-1284,RS_ACC1_S-1-1210,RR_ACC1_S-1-KJ-2D_Ord007,43,4,3,162.0,160.4,374.8,05:24:00,17:54:00,13.0,pattern_median,81.0,경의중앙선,경의중앙선(문산-지평)<하행>,1
P_70d198fbef95e016,RR_ACC1_S-1-6-1,RS_ACC1_S-1-2648,RS_ACC1_S-1-2648,RR_ACC1_S-1-6-1_Ord032,499,15,14,14.25,4.45,42.65000000000001,05:30:00,18:14:00,8.5,pattern_median,7.125,서울 6호선,서울 6호선(신내-응암),1
P_711be8f6ebba5468,BR_1100_107900004,BS_1100_107000255,BS_1100_107900193,BR_1100_107900004_Ord001,31,67,66,16.0,16.0,16.0,05:50:00,23:30:00,16.0,pattern_median,8.0,성북12,-,0
P_7123bfd4cc9e6cac,BR_1100_100100189,BS_1100_103000183,BS_1100_103000105,BR_1100_100100189_Ord001,67,106,105,11.0,11.0,11.0,04:20:00,23:30:00,11.0,pattern_median,5.5,2014,-,0
P_712d35394aaaa141,RR_ACC1_S-1-2-3D,RS_ACC1_S-1-0211,RS_ACC1_S-1-0219,RR_ACC1_S-1-2-3D_Ord034,224,1,0,7.0,,,17:11:00,17:11:00,7.0,route_median,3.5,서울 2호선,서울 2호선(본선)<내선>,1
P_7144378446e3e3ae,BR_TAGO_GGB224000052,BS_TAGO_GGB116000003,BS_TAGO_GGB224000832,BR_TAGO_GGB224000052_Ord001,40,2,1,1105.0,1105.0,1105.0,06:30:00,24:55:00,15.0,pattern_median,552.5,5200,-,0
P_718aae681aaea81d,BR_TAGO_ICB165000145,BS_TAGO_ICB112000170,BS_TAGO_ICB168000102,BR_TAGO_ICB165000145_Ord001,20,2,1,1140.0,1140.0,1140.0,06:00:00,25:00:00,25.0,pattern_median,570.0,1000,-,0
P_718c00824c5c5741,BR_1100_100100016,BS_1100_107000070,BS_1100_107000249,BR_1100_100100016_Ord001,88,141,140,8.0,8.0,8.0,04:00:00,22:40:00,8.0,pattern_median,4.0,110A고려대,-,0
P_723bd9e46e7a9388,BR_TAGO_GGB200000290,BS_TAGO_GGB201000118,BS_TAGO_GGB122000742,BR_TAGO_GGB200000290_Ord001,10,2,1,20.0,20.0,20.0,07:20:00,07:40:00,20.0,pattern_median,10.0,3007예약,-,0
P_72a20cfe27497a65,BR_TAGO_GGB222000008,BS_TAGO_GGB105000201,BS_TAGO_GGB236001329,BR_TAGO_GGB222000008_Ord001,77,2,1,1090.0,1090.0,1090.0,05:40:00,23:50:00,25.0,pattern_median,545.0,88,-,0
P_72a695780b66877b,BR_TAGO_ICB165000150,BS_TAGO_ICB164000472,BS_TAGO_ICB164000472,BR_TAGO_ICB165000150_Ord002,91,19,18,60.0,60.0,60.0,05:00:00,23:00:00,60.0,pattern_median,30.0,1301,-,0
P_72bd98c1a5a45dc7,RR_ACC1_S-1-1-1D,RS_ACC1_S-1-0158,RS_ACC1_S-1-0150,RR_ACC1_S-1-1-1D_Ord141,10,1,0,7.5,,,24:42:00,24:42:00,7.5,route_median,3.75,서울 1호선,서울 1호선(소요산-인천)<하행>,1
P_7305ca57187746fc,BR_1100_100100313,BS_1100_213000506,BS_1100_213000505,BR_1100_100100313_Ord001,68,87,86,13.0,13.0,13.0,04:30:00,23:00:00,13.0,pattern_median,6.5,6638,-,0
P_73422119976c8f7f,BR_1100_124000038,BS_1100_124000344,BS_1100_124000429,BR_1100_124000038_Ord001,110,102,101,11.0,11.0,11.0,04:00:00,22:30:00,11.0,pattern_median,5.5,342,-,0
P_73a7a10909389b1f,BR_1100_123000010,BS_1100_111001112,BS_1100_111001113,BR_1100_123000010_Ord001,97,114,113,10.0,10.0,10.0,04:00:00,22:50:00,10.0,pattern_median,5.0,741,-,0
P_73dcd8f9db033004,BR_1100_124900001,BS_1100_124000344,BS_1100_124900066,BR_1100_124900001_Ord001,67,82,81,13.0,13.0,13.0,05:50:00,23:15:00,13.0,pattern_median,6.5,강동05,-,0
P_73f5f2ba8d94829b,BR_TAGO_GGB235000081,BS_TAGO_GGB235001754,BS_TAGO_GGB235001754,BR_TAGO_GGB235000081_Ord001,83,2,1,215.0,215.0,215.0,11:55:00,15:30:00,215.0,pattern_median,107.5,19-1,-,0
P_74107a7938d1d089,RR_ACC1_S-1-SH-1D,RS_ACC1_S-1-1275,RS_ACC1_S-1-4815,RR_ACC1_S-1-SH-1D_Ord001,21,31,30,35.0,25.9,50.1,05:00:00,23:08:00,11.0,pattern_median,17.5,서해선,서해선(원시-일산)<하행>,1
P_74370729155a0896,RR_ACC1_S-1-KJ-2D,RS_ACC1_S-1-1284,RS_ACC1_S-1-1220,RR_ACC1_S-1-KJ-2D_Ord016,53,5,4,173.5,111.9,228.8,07:29:00,18:54:00,13.0,pattern_median,86.75,경의중앙선,경의중앙선(문산-지평)<하행>,1
P_7452f2dca031e8cb,BR_TAGO_GGB207000021,BS_TAGO_GGB110000152,BS_TAGO_GGB235000859,BR_TAGO_GGB207000021_Ord001,59,2,1,1100.0,1100.0,1100.0,05:30:00,23:50:00,10.0,pattern_median,550.0,7,-,0
P_749ff700ebc1d248,BR_1100_100100346,BS_1100_112000122,BS_1100_112000132,BR_1100_100100346_Ord001,43,116,115,10.0,10.0,10.0,04:33:00,23:40:00,10.0,pattern_median,5.0,7612,-,0
P_74f92f0b0cb144e1,BR_TAGO_ICB165000164,BS_TAGO_ICB121000221,BS_TAGO_ICB168001345,BR_TAGO_ICB165000164_Ord001,37,2,1,1130.0,1130.0,1130.0,06:10:00,25:00:00,20.0,pattern_median,565.0,9501,-,0
P_75013c6ac30a380d,RR_ACC1_S-1-7-1U,RS_ACC1_S-1-3763,RS_ACC1_S-1-2737,RR_ACC1_S-1-7-1U_Ord201,27,1,0,5.5,,,24:02:00,24:02:00,5.5,route_median,2.75,서울 7호선,서울 7호선(석남(거북시장)-장암)<상행>,1
P_751429ba7f444fd0,BR_TAGO_GGB234000013,BS_TAGO_GGB123000004,BS_TAGO_GGB203000053,BR_TAGO_GGB234000013_Ord001,50,2,1,1029.4833333333333,1029.4833333333333,1029.4833333333333,06:22:37,23:32:06,30.0,pattern_median,514.7416666666667,1007-1,-,0
P_754c43c815443148,BR_1100_100100273,BS_1100_117000123,BS_1100_117000138,BR_1100_100100273_Ord001,116,73,72,15.0,15.0,15.0,04:20:00,22:20:00,15.0,pattern_median,7.5,5616,-,0
P_75618a24da7effd3,BR_TAGO_GGB227000004,BS_TAGO_GGB227000261,BS_TAGO_GGB227000260,BR_TAGO_GGB227000004_Ord002,77,94,93,11.0,11.0,11.0,05:01:12,22:01:04,11.0,pattern_median,5.5,38,-,0
P_756f44359fb10d57,BR_1100_100100093,BS_1100_114000190,BS_1100_114000193,BR_1100_100100093_Ord001,79,112,111,10.0,10.0,10.0,04:20:00,22:50:00,10.0,pattern_median,5.0,640,-,0
P_7585af5f6920ca82,RR_ACC1_S-1-SB-1D,RS_ACC1_S-1-0327,RS_ACC1_S-1-4319,RR_ACC1_S-1-SB-1D_Ord001,16,159,158,7.0,5.0,8.266666666666671,05:30:00,24:00:33,7.0,pattern_median,3.5,신분당선,신분당선(광교(경기대)-신사)<하행>,1
P_758d2c4b2455e933,RR_ACC1_S-1-KP-1D,RS_ACC1_S-1-4923,RS_ACC1_S-1-4929,RR_ACC1_S-1-KP-1D_Ord145,7,1,0,5.716666666666667,,,05:26:10,05:26:10,5.716666666666667,route_median,2.8583333333333334,김포도시철도,김포도시철도(김포공항-양촌)<하행>,1
P_75a890bdb3fb7c8b,BR_TAGO_GGB227000005,BS_TAGO_GGB227000264,BS_TAGO_GGB227000264,BR_TAGO_GGB227000005_Ord002,76,93,92,12.0,12.0,12.0,04:20:00,22:40:00,12.0,pattern_median,6.0,112-5,-,0
P_75abb5ef08339484,BR_1100_100100209,BS_1100_103000183,BS_1100_103000102,BR_1100_100100209_Ord001,76,87,86,13.0,13.0,13.0,04:00:00,22:40:00,13.0,pattern_median,6.5,2412,-,0
P_75b25b9087eaee78,BR_TAGO_GGB204000084,BS_TAGO_GGB205000252,BS_TAGO_GGB205000252,BR_TAGO_GGB204000084_Ord002,71,58,57,18.0,18.0,18.0,05:00:00,22:00:00,18.0,pattern_median,9.0,331,-,0
P_75b59ae9dd013430,BR_TAGO_GGB232000047,BS_TAGO_GGB112000170,BS_TAGO_GGB232000663,BR_TAGO_GGB232000047_Ord001,23,2,1,1120.5,1120.5,1120.5,05:51:01,24:31:31,20.0,pattern_median,560.25,8600,-,0
P_7634c02643383a1d,RR_ACC1_S-1-1-8U,RS_ACC1_S-1-1728,RS_ACC1_S-1-1701,RR_ACC1_S-1-1-8U_Ord005,13,1,0,30.0,,,11:15:00,11:15:00,30.0,route_median,15.0,서울 1호선,서울 1호선(청량리-신창(순천향대))(급행)<상행>,1
P_7637127a7a508115,BR_TAGO_GGB207000100,BS_TAGO_GGB207000616,BS_TAGO_GGB207000617,BR_TAGO_GGB207000100_Ord002,75,73,72,15.0,14.685,15.561666666666666,05:03:28,22:52:29,15.0,pattern_median,7.5,56,-,0
P_7645022d3a541c20,BR_TAGO_GGB219000005,BS_TAGO_GGB113000415,BS_TAGO_GGB218001344,BR_TAGO_GGB219000005_Ord001,65,2,1,1060.0,1060.0,1060.0,06:00:00,23:40:00,80.0,pattern_median,530.0,82,-,0
P_76638d20665d7b85,BR_1100_100100039,BS_1100_222001651,BS_1100_222001650,BR_1100_100100039_Ord001,130,136,135,8.0,8.0,8.0,04:00:00,22:00:00,8.0,pattern_median,4.0,202,-,0
P_76678d21d0dbdefc,RR_ACC1_S-1-5-2U,RS_ACC1_S-1-2561,RS_ACC1_S-1-2527,RR_ACC1_S-1-5-2U_Ord097,30,1,0,13.0,,,23:52:00,23:52:00,13.0,route_median,6.5,서울 5호선,서울 5호선(방화-마천)<상행>,1
P_766dda4bfd969f66,BR_TAGO_GGB228000183,BS_TAGO_GGB121000009,BS_TAGO_GGB228002027,BR_TAGO_GGB228000183_Ord063,35,1,0,14.0,,,24:03:15,24:03:15,14.0,route_median,7.0,5002B,-,0
P_76786bf99df20621,BR_TAGO_GGB234000082,BS_TAGO_GGB104000064,BS_TAGO_GGB234000625,BR_TAGO_GGB234000082_Ord001,74,2,1,1015.0,1015.0,1015.0,06:05:00,23:00:00,15.0,pattern_median,507.5,13-2,-,0
P_7690c0e2a3a6819d,RR_ACC1_S-1-2-1U,RS_ACC1_S-1-2519,RS_ACC1_S-1-0234,RR_ACC1_S-1-2-1U_Ord001,5,110,109,10.0,9.0,14.0,05:30:00,24:53:00,10.0,pattern_median,5.0,서울 2호선,서울 2호선(신정지선)<외선>,1
P_76b63e07bf73dc0d,BR_1100_100100143,BS_1100_109000068,BS_1100_109000228,BR_1100_100100143_Ord001,60,79,78,14.0,14.0,14.0,05:00:00,23:10:00,14.0,pattern_median,7.0,1127,-,0
P_76cd25e250d75bc7,BR_1100_100100410,BS_1100_226000109,BS_1100_226000070,BR_1100_100100410_Ord001,132,103,102,11.0,11.0,11.0,04:10:00,22:50:00,11.0,pattern_median,5.5,502,-,0
P_76d5f44579587a7a,RR_ACC1_S-1-4-2D,RS_ACC1_S-1-0409,RS_ACC1_S-1-1708,RR_ACC1_S-1-4-2D_Ord015,35,1,0,6.25,,,23:15:00,23:15:00,6.25,route_median,3.125,서울 4호선,서울 4호선(안산-오이도)<하행>,1
P_76d6a1aedcb90fd0,BR_TAGO_GGB204000081,BS_TAGO_GGB228001181,BS_TAGO_GGB228001182,BR_TAGO_GGB204000081_Ord002,68,107,106,10.0,10.0,10.0,05:20:00,23:00:00,10.0,pattern_median,5.0,1151,-,0
P_773162c412739a8b,RR_ACC1_S-1-7-1D,RS_ACC1_S-1-2711,RS_ACC1_S-1-2729,RR_ACC1_S-1-7-1D_Ord212,19,1,0,4.5,,,24:22:00,24:22:00,4.5,route_median,2.25,서울 7호선,서울 7호선(석남(거북시장)-장암)<하행>,1
P_773d0110694da17f,BR_TAGO_GGB222000090,BS_TAGO_GGB222001122,BS_TAGO_GGB222000629,BR_TAGO_GGB222000090_Ord002,25,109,108,10.0,10.0,10.0,05:00:00,23:00:00,10.0,pattern_median,5.0,8012,-,0
P_774e1414c76ac927,BR_TAGO_GGB229000247,BS_TAGO_GGB229002444,BS_TAGO_GGB229001199,BR_TAGO_GGB229000247_Ord002,170,4,3,280.0,280.0,308.0,06:35:00,21:10:00,220.0,pattern_median,140.0,9710-1,-,0
P_7798faa46f283285,BR_1100_101000003,BS_1100_101000316,BS_1100_101000323,BR_1100_101000003_Ord001,2,1,0,18.0,,,19:30:00,19:30:00,,global_median,9.0,TOUR04,-,0
P_77a9f3c4383adeb3,BR_3100_241339004,BS_TAGO_GGB221000304,BS_TAGO_GGB221000304,BR_3100_241339004_Ord001,74,29,28,35.0,35.0,35.0,06:00:00,22:30:00,35.0,pattern_median,17.5,2-2,-,0
P_780cfdc77b4d1937,RR_ACC1_S-1-SH-1U,RS_ACC1_S-1-4815,RS_ACC1_S-1-4825,RR_ACC1_S-1-SH-1U_Ord002,17,55,54,19.0,10.0,30.700000000000003,05:14:00,23:30:00,13.0,pattern_median,9.5,서해선,서해선(원시-일산)<상행>,1
P_7832a77d093dd1b3,BR_1100_110900006,BS_1100_110900002,BS_1100_110900149,BR_1100_110900006_Ord001,36,47,46,23.0,23.0,23.0,05:50:00,23:30:00,23.0,pattern_median,11.5,노원09,-,0
P_78b6d12d5d034f58,BR_1100_116900017,BS_1100_116000016,BS_1100_116900161,BR_1100_116900017_Ord001,26,89,88,12.0,12.0,12.0,06:00:00,23:30:00,12.0,pattern_median,6.0,영등포09,-,0
P_79222230ffc795a0,BR_TAGO_GGB210000075,BS_TAGO_GGB114000428,BS_TAGO_GGB212000114,BR_TAGO_GGB210000075_Ord001,34,2,1,1075.0,1075.0,1075.0,05:45:00,23:40:00,8.0,pattern_median,537.5,98,-,0
P_792853d6303fe5af,BR_1100_100100192,BS_1100_106000319,BS_1100_106000467,BR_1100_100100192_Ord001,67,99,98,11.0,11.0,11.0,05:30:00,23:30:00,11.0,pattern_median,5.5,2113,-,0
P_7951e4ef89b8610e,BR_TAGO_GGB222000008,BS_TAGO_GGB236001328,BS_TAGO_GGB236001329,BR_TAGO_GGB222000008_Ord002,159,45,44,25.0,25.0,25.0,04:10:40,22:20:40,25.0,pattern_median,12.5,88,-,0
P_79549c6b056c13cd,BR_1100_113900004,BS_1100_113900230,BS_1100_113900127,BR_1100_113900004_Ord001,24,138,137,8.0,8.0,8.0,00:00:00,23:52:00,8.0,pattern_median,4.0,마포11,-,0
P_79682c98a5659d1a,BR_1100_104000011,BS_1100_124000001,BS_1100_124000002,BR_1100_104000011_Ord001,146,8,7,38.0,35.6,494.8000000000004,00:08:00,23:30:00,38.0,pattern_median,19.0,N31,-,0
P_7a0f45f965b94dbd,RR_ACC1_S-1-1-11D,RS_ACC1_S-1-1003,RS_ACC1_S-1-1811,RR_ACC1_S-1-1-11D_Ord001,11,8,7,36.0,18.6,209.40000000000006,09:22:00,19:34:00,36.0,pattern_median,18.0,서울 1호선,서울 1호선(용산-동인천)(급행)<하행>,1
P_7a1f6a6776888bb0,BR_TAGO_GGB228000262,BS_TAGO_GGB203000254,BS_TAGO_GGB203000253,BR_TAGO_GGB228000262_Ord002,44,73,72,15.0,15.0,15.0,05:10:00,23:00:00,15.0,pattern_median,7.5,5006,-,0
P_7ac17b969db2012d,BR_TAGO_ICB165000161,BS_TAGO_ICB164000628,BS_TAGO_ICB164000627,BR_TAGO_ICB165000161_Ord001,60,69,68,16.0,16.0,16.0,05:00:00,23:00:00,16.0,pattern_median,8.0,9200,-,0
P_7ac7b02fdd2a43ec,RR_ACC1_S-1-2-3U,RS_ACC1_S-1-0211,RS_ACC1_S-1-0239,RR_ACC1_S-1-2-3U_Ord037,231,1,0,5.5,,,17:01:00,17:01:00,5.5,route_median,2.75,서울 2호선,서울 2호선(본선)<외선>,1
P_7adc87785626ff0e,BR_TAGO_GGB218000112,BS_TAGO_GGB219000434,BS_TAGO_GGB118000511,BR_TAGO_GGB218000112_Ord001,11,1,0,93.0,,,07:20:00,07:20:00,93.0,route_median,46.5,M7646,-,0
P_7b2ed806835180de,BR_1100_100100203,BS_1100_106000089,BS_1100_106000090,BR_1100_100100203_Ord001,92,141,140,8.0,8.0,8.0,04:20:00,23:00:00,8.0,pattern_median,4.0,2230,-,0
P_7baec20ca397e316,RR_ACC1_S-1-9-2U,RS_ACC1_S-1-4131,RS_ACC1_S-1-4138,RR_ACC1_S-1-9-2U_Ord001,8,1,0,11.0,,,05:30:00,05:30:00,11.0,route_median,5.5,서울 9호선,서울 9호선(개화-중앙보훈병원)<상행>,1
P_7bb697c68b35d05d,RR_ACC1_S-1-GC-1U,RS_ACC1_S-1-1329,RS_ACC1_S-1-1014,RR_ACC1_S-1-GC-1U_Ord004,24,9,8,148.0,22.7,202.8,05:00:00,21:59:00,21.0,pattern_median,74.0,경춘선,경춘선(청량리-춘천)<상행>,1
P_7be4dcbe9df339d1,BR_1100_102900002,BS_1100_102900065,BS_1100_102900054,BR_1100_102900002_Ord001,35,133,132,8.0,8.0,8.0,05:50:00,23:20:00,8.0,pattern_median,4.0,용산02,-,0
P_7bef2837739ede34,BR_3100_241338003,BS_TAGO_GGB221000061,BS_TAGO_GGB221000061,BR_3100_241338003_Ord001,19,28,27,30.0,30.0,30.0,07:00:00,20:30:00,30.0,pattern_median,15.0,6-2,-,0
P_7c02b1bab9f12064,BR_TAGO_GGB232000121,BS_TAGO_GGB232001107,BS_TAGO_GGB232000673,BR_TAGO_GGB232000121_Ord001,10,57,56,15.0,15.0,15.0,06:00:00,20:00:00,15.0,pattern_median,7.5,70,-,0
P_7c0885cf87051138,RR_ACC1_S-1-KJ-2U,RS_ACC1_S-1-1208,RS_ACC1_S-1-1003,RR_ACC1_S-1-KJ-2U_Ord054,17,3,2,190.5,144.5,236.5,16:55:00,23:16:00,13.0,pattern_median,95.25,경의중앙선,경의중앙선(문산-지평)<상행>,1
P_7c0fde78b0465efb,RR_ACC1_S-1-KJ-2U,RS_ACC1_S-1-1219,RS_ACC1_S-1-1275,RR_ACC1_S-1-KJ-2U_Ord006,44,2,1,111.0,111.0,111.0,05:12:00,07:03:00,13.0,pattern_median,55.5,경의중앙선,경의중앙선(문산-지평)<상행>,1
P_7c4b1eff63a562d9,BR_TAGO_GGB222000072,BS_TAGO_GGB105000016,BS_TAGO_GGB222000268,BR_TAGO_GGB222000072_Ord001,44,2,1,1145.0,1145.0,1145.0,05:35:00,24:40:00,30.0,pattern_median,572.5,166,-,0
P_7c5990eebd128da6,BR_TAGO_GGB219000027,BS_TAGO_GGB219000644,BS_TAGO_GGB219000645,BR_TAGO_GGB219000027_Ord002,60,17,16,70.0,70.0,70.0,04:40:00,22:40:00,70.0,pattern_median,35.0,1900,-,0
P_7c6805f8b8fc01bd,BR_TAGO_GGB216000047,BS_TAGO_GGB117000002,BS_TAGO_GGB224000861,BR_TAGO_GGB216000047_Ord001,55,2,1,1060.7333333333333,1060.7333333333333,1060.7333333333333,06:22:59,24:03:43,15.0,pattern_median,530.3666666666667,5602,-,0
P_7c7df3404fd679c0,BR_TAGO_ICB165000147,BS_TAGO_ICB168001259,BS_TAGO_ICB168001345,BR_TAGO_ICB165000147_Ord001,56,33,32,35.0,35.0,35.0,05:00:00,23:30:00,35.0,pattern_median,17.5,1101,-,0
P_7ca433d2438f36aa,BR_1100_100100496,BS_1100_123000661,BS_1100_123000659,BR_1100_100100496_Ord001,103,105,104,11.0,11.0,11.0,04:00:00,23:00:00,11.0,pattern_median,5.5,333,-,0
P_7cc49ea83b41b485,RR_ACC1_S-1-5-2D,RS_ACC1_S-1-2549,RS_ACC1_S-1-2561,RR_ACC1_S-1-5-2D_Ord001,8,16,15,13.5,11.0,25.8,05:30:00,18:06:00,11.5,pattern_median,6.75,서울 5호선,서울 5호선(방화-마천)<하행>,1
P_7cf9ac592eb72951,BR_1100_103900003,BS_1100_103900218,BS_1100_103900062,BR_1100_103900003_Ord001,27,121,120,9.0,9.0,9.0,05:55:00,23:53:00,9.0,pattern_median,4.5,성동01,-,0
P_7d12b8dcd7458d49,RR_ACC1_S-1-1-2D,RS_ACC1_S-1-1701,RS_ACC1_S-1-1728,RR_ACC1_S-1-1-2D_Ord002,29,6,5,48.0,33.6,167.2,05:00:00,11:51:00,19.0,pattern_median,24.0,서울 1호선,서울 1호선(광운대-신창(순천향대))<하행>,1
P_7d3c64e48cfc249f,BR_TAGO_GGB227000019,BS_TAGO_GGB227000261,BS_TAGO_GGB227000260,BR_TAGO_GGB227000019_Ord002,68,57,56,20.0,20.0,20.0,04:31:33,23:01:04,20.0,pattern_median,10.0,9303,-,0
P_7d7b1007bede8c84,BR_TAGO_GGB230000179,BS_TAGO_GGB230001276,BS_TAGO_GGB230001210,BR_TAGO_GGB230000179_Ord002,33,69,68,15.0,15.0,15.0,05:30:00,22:30:00,15.0,pattern_median,7.5,G2100,-,0
P_7d9d02d993e00296,BR_1100_100100082,BS_1100_117000084,BS_1100_117000082,BR_1100_100100082_Ord001,104,127,126,9.0,9.0,9.0,04:00:00,22:50:00,9.0,pattern_median,4.5,507,-,0
P_7e593e835ef48263,BR_1100_106900002,BS_1100_106900021,BS_1100_106900023,BR_1100_106900002_Ord001,26,131,130,8.0,8.0,8.0,06:00:00,23:15:00,8.0,pattern_median,4.0,중랑02,-,0
P_7eb87cf981df8f22,BR_TAGO_GGB229000039,BS_TAGO_GGB111000934,BS_TAGO_GGB229001168,BR_TAGO_GGB229000039_Ord001,85,2,1,1020.0,1020.0,1020.0,06:30:00,23:30:00,13.0,pattern_median,510.0,567,-,0
P_7eb99ee4bdd69af6,BR_TAGO_GGB232000103,BS_TAGO_GGB118000501,BS_TAGO_GGB232000767,BR_TAGO_GGB232000103_Ord001,14,2,1,1090.0,1090.0,1090.0,05:40:00,23:50:00,10.0,pattern_median,545.0,7100,-,0
P_7ec9d31c6c609b31,BR_TAGO_GGB234000878,BS_TAGO_GGB101000264,BS_TAGO_GGB228001737,BR_TAGO_GGB234000878_Ord001,14,2,1,1075.0,1075.0,1075.0,05:55:00,23:50:00,73.0,pattern_median,537.5,8100,-,0
P_7ef0ec79836829c7,RR_ACC1_S-1-7-1D,RS_ACC1_S-1-2711,RS_ACC1_S-1-2745,RR_ACC1_S-1-7-1D_Ord210,35,1,0,4.5,,,23:48:00,23:48:00,4.5,route_median,2.25,서울 7호선,서울 7호선(석남(거북시장)-장암)<하행>,1
P_7f02ba45327e2726,BR_TAGO_GGB224000060,BS_TAGO_GGB116900242,BS_TAGO_GGB224000440,BR_TAGO_GGB224000060_Ord001,31,2,1,1000.0,1000.0,1000.0,06:50:00,23:30:00,10.0,pattern_median,500.0,27,-,0
P_7f27d1765d353ec1,BR_TAGO_GGB234000072,BS_TAGO_GGB104000064,BS_TAGO_GGB234001179,BR_TAGO_GGB234000072_Ord001,68,2,1,1110.0,1110.0,1110.0,05:00:00,23:30:00,12.0,pattern_median,555.0,13,-,0
P_7f296c04a7e3ce66,BR_TAGO_GGB219000015,BS_TAGO_GGB219000188,BS_TAGO_GGB219000137,BR_TAGO_GGB219000015_Ord002,99,17,16,70.0,70.0,70.0,05:00:00,23:00:00,70.0,pattern_median,35.0,921,-,0
P_7fa59fded7342a73,BR_1100_100100117,BS_1100_111000060,BS_1100_111000945,BR_1100_100100117_Ord001,103,101,100,11.0,11.0,11.0,04:00:00,22:20:00,11.0,pattern_median,5.5,752,-,0
P_7fb35af24a76678f,BR_1100_100100253,BS_1100_120000452,BS_1100_120000453,BR_1100_100100253_Ord001,75,136,135,8.0,8.0,8.0,05:00:00,23:00:00,8.0,pattern_median,4.0,5516,-,0
P_7fce0295fbeaaf9a,BR_TAGO_GGB233000373,BS_TAGO_GGB235000602,BS_TAGO_GGB121000003,BR_TAGO_GGB233000373_Ord001,16,1,0,18.0,,,06:10:00,06:10:00,,global_median,9.0,P9602(출근),-,0
P_7ff7d48ad958e6f3,BR_TAGO_GGB228000182,BS_TAGO_GGB228002026,BS_TAGO_GGB228002027,BR_TAGO_GGB228000182_Ord001,92,110,109,10.0,10.0,10.0,05:10:00,23:15:00,10.0,pattern_median,5.0,5003,-,0
P_80033410d87c2226,BR_TAGO_GGB210000027,BS_TAGO_GGB115000571,BS_TAGO_GGB224000440,BR_TAGO_GGB210000027_Ord001,78,2,1,1070.0,1070.0,1070.0,05:50:00,23:40:00,10.0,pattern_median,535.0,12,-,0
P_8008eec6cf299458,BR_TAGO_GGB207000026,BS_TAGO_GGB235001156,BS_TAGO_GGB235001155,BR_TAGO_GGB207000026_Ord002,165,54,53,20.0,20.0,20.0,05:00:00,22:30:00,20.0,pattern_median,10.0,133,-,0
P_801cf50f652c6cba,RR_ACC1_S-1-GC-1U,RS_ACC1_S-1-1319,RS_ACC1_S-1-1309,RR_ACC1_S-1-GC-1U_Ord007,11,1,0,21.0,,,07:04:00,07:04:00,21.0,route_median,10.5,경춘선,경춘선(청량리-춘천)<상행>,1
P_8031318b3f6623be,BR_TAGO_GGB200000145,BS_TAGO_GGB201000472,BS_TAGO_GGB201000268,BR_TAGO_GGB200000145_Ord002,56,55,54,20.0,20.0,20.0,05:25:00,23:30:00,20.0,pattern_median,10.0,3002,-,0
P_803dbbcbeeff92a4,BR_TAGO_GGB228000424,BS_TAGO_GGB228000683,BS_TAGO_GGB228002027,BR_TAGO_GGB228000424_Ord001,55,1,0,18.0,,,07:30:00,07:30:00,,global_median,9.0,5003(예약),-,0
P_804260ab3c247103,BR_1100_122900009,BS_1100_122000385,BS_1100_122000360,BR_1100_122900009_Ord001,43,74,73,14.0,14.0,14.0,06:00:00,23:00:00,14.0,pattern_median,7.0,강남10,-,0
P_8058ad44418ab114,BR_TAGO_GGB210000038,BS_TAGO_GGB212000379,BS_TAGO_GGB212000380,BR_TAGO_GGB210000038_Ord002,178,158,157,7.0,7.0,7.0,04:00:00,22:20:00,7.0,pattern_median,3.5,75,-,0
P_808bccd22bbfc67d,RR_ACC1_S-1-1-8D,RS_ACC1_S-1-1701,RS_ACC1_S-1-1728,RR_ACC1_S-1-1-8D_Ord012,13,1,0,33.0,,,14:00:00,14:00:00,33.0,route_median,16.5,서울 1호선,서울 1호선(청량리-신창(순천향대))(급행)<하행>,1
P_80a009ff65f69f95,BR_1100_100100084,BS_1100_117000130,BS_1100_117000131,BR_1100_100100084_Ord001,121,100,99,11.0,11.0,11.0,04:20:00,22:30:00,11.0,pattern_median,5.5,571,-,0
P_80a1c7dcdc4e2fbf,BR_1100_100100099,BS_1100_114000270,BS_1100_114000265,BR_1100_100100099_Ord001,115,126,125,9.0,9.0,9.0,04:00:00,22:40:00,9.0,pattern_median,4.5,652,-,0
P_80b63bd4c1e894c2,BR_TAGO_GGB229000061,BS_TAGO_GGB229001269,BS_TAGO_GGB229001168,BR_TAGO_GGB229000061_Ord002,80,73,72,15.0,15.0,15.0,05:00:00,23:00:00,15.0,pattern_median,7.5,2200,-,0
P_80d33db3d810e153,BR_1100_100100339,BS_1100_111000907,BS_1100_111000224,BR_1100_100100339_Ord001,89,112,111,10.0,10.0,10.0,04:30:00,22:55:00,10.0,pattern_median,5.0,7019,-,0
P_81008cf2756e0341,BR_TAGO_GGB234000075,BS_TAGO_GGB234000604,BS_TAGO_GGB234000605,BR_TAGO_GGB234000075_Ord002,121,72,71,15.0,15.0,15.0,04:42:00,22:25:00,15.0,pattern_median,7.5,500-2,-,0
P_810da4c00c9ad5c4,BR_TAGO_GGB200000316,BS_TAGO_GGB200000187,BS_TAGO_GGB121001315,BR_TAGO_GGB200000316_Ord001,12,10,9,10.0,9.6,10.0,06:26:00,07:54:00,10.0,pattern_median,5.0,7770(예비),-,0
P_8119c5d337d507c0,RR_ACC1_S-1-2-3U,RS_ACC1_S-1-0239,RS_ACC1_S-1-0211,RR_ACC1_S-1-2-3U_Ord005,115,1,0,5.5,,,05:30:00,05:30:00,5.5,route_median,2.75,서울 2호선,서울 2호선(본선)<외선>,1
P_8124094d012b6756,BR_TAGO_GGB234000882,BS_TAGO_GGB228001371,BS_TAGO_GGB228000349,BR_TAGO_GGB234000882_Ord002,96,106,105,10.0,10.0,10.0,05:00:00,22:30:00,10.0,pattern_median,5.0,1150,-,0
P_818ad20eb2ee0394,BR_TAGO_GGB235000115,BS_TAGO_GGB101000026,BS_TAGO_GGB235000133,BR_TAGO_GGB235000115_Ord001,16,2,1,1069.4333333333334,1069.4333333333334,1069.4333333333334,06:41:16,24:30:42,15.0,pattern_median,534.7166666666667,1101,-,0
P_818ad716ba7029b2,BR_1100_100900009,BS_1100_100900042,BS_1100_100000125,BR_1100_100900009_Ord001,16,118,117,9.0,9.0,9.0,06:00:00,23:30:00,9.0,pattern_median,4.5,종로12,-,0
P_81b70d2fffd384e6,BR_1100_111000009,BS_1100_111000128,BS_1100_111000291,BR_1100_111000009_Ord001,12,12,11,11.0,11.0,11.0,07:00:00,09:00:00,11.0,pattern_median,5.5,8771,-,0
P_81d402722d19325d,BR_TAGO_GGB204000070,BS_TAGO_GGB101000026,BS_TAGO_GGB206000011,BR_TAGO_GGB204000070_Ord001,27,2,1,1069.85,1069.85,1069.85,06:00:57,23:50:48,20.0,pattern_median,534.925,9007,-,0
P_820928f895c23d7d,BR_1100_110900005,BS_1100_110000183,BS_1100_110000184,BR_1100_110900005_Ord001,32,46,45,25.0,25.0,25.0,00:10:00,23:50:00,25.0,pattern_median,12.5,노원03,-,0
P_8215f82e1cae172b,BR_1100_100100155,BS_1100_110000380,BS_1100_110000236,BR_1100_100100155_Ord001,49,55,54,21.0,21.0,21.0,00:00:00,23:33:00,21.0,pattern_median,10.5,1140,-,0
P_821a5b9c42a1e366,BR_1100_100100286,BS_1100_117000123,BS_1100_117000138,BR_1100_100100286_Ord001,88,121,120,9.0,9.0,9.0,04:30:00,22:30:00,9.0,pattern_median,4.5,5712,-,0
P_8244eb483fa295ca,BR_TAGO_GGB235000080,BS_TAGO_GGB235001754,BS_TAGO_GGB235001754,BR_TAGO_GGB235000080_Ord002,80,16,15,60.0,60.0,60.0,06:30:00,21:30:00,60.0,pattern_median,30.0,19,-,0
P_82726455c4df3506,BR_1100_105900001,BS_1100_105900043,BS_1100_105900047,BR_1100_105900001_Ord001,36,78,77,14.0,14.0,14.0,00:00:00,23:44:00,14.0,pattern_median,7.0,동대문05,-,0
P_82a9502c5e3f7204,BR_TAGO_ICB165000215,BS_TAGO_ICB164000353,BS_TAGO_ICB164000499,BR_TAGO_ICB165000215_Ord002,45,73,72,15.0,15.0,15.0,05:00:00,23:00:00,15.0,pattern_median,7.5,M6405,-,0
P_82bf20627d277f86,BR_TAGO_GGB229000060,BS_TAGO_GGB218000494,BS_TAGO_GGB218000497,BR_TAGO_GGB229000060_Ord002,104,18,17,63.0,63.0,63.0,05:00:00,22:50:00,63.0,pattern_median,31.5,790,-,0
P_82d61d9ce2325079,RR_ACC1_S-1-1-1U,RS_ACC1_S-1-1701,RS_ACC1_S-1-1906,RR_ACC1_S-1-1-1U_Ord092,32,1,0,8.0,,,10:54:00,10:54:00,8.0,route_median,4.0,서울 1호선,서울 1호선(소요산-인천)<상행>,1
P_83136928a5b814a4,BR_TAGO_GGB224000064,BS_TAGO_GGB224001142,BS_TAGO_GGB224001143,BR_TAGO_GGB224000064_Ord001,16,30,29,30.0,30.0,30.0,06:00:00,20:30:00,30.0,pattern_median,15.0,시흥광역콜버스,-,0
P_831bd3b242c2cf50,BR_TAGO_GGB222000107,BS_TAGO_GGB222001626,BS_TAGO_GGB222000599,BR_TAGO_GGB222000107_Ord002,64,135,134,8.0,8.0,8.0,05:10:00,23:00:00,8.0,pattern_median,4.0,1001,-,0
P_835ae4edfce0ccf3,BR_TAGO_GGB229000263,BS_TAGO_GGB101000128,BS_TAGO_GGB229001168,BR_TAGO_GGB229000263_Ord001,71,2,1,1160.3166666666666,1160.3166666666666,1160.3166666666666,06:11:01,25:31:20,25.0,pattern_median,580.1583333333333,9709,-,0
P_837a888effdb196e,BR_1100_115900001,BS_1100_115900022,BS_1100_115000557,BR_1100_115900001_Ord001,30,88,87,12.0,12.0,12.0,05:50:00,23:10:00,12.0,pattern_median,6.0,강서04,-,0
P_837d8aa548a2d488,BR_TAGO_GGB233000265,BS_TAGO_GGB233001448,BS_TAGO_GGB233001713,BR_TAGO_GGB233000265_Ord002,18,71,70,15.0,15.0,15.0,05:30:00,22:50:00,15.0,pattern_median,7.5,4403,-,0
P_838f179ad70f9c9c,BR_TAGO_ICB165000303,BS_TAGO_ICB168001070,BS_TAGO_ICB168001069,BR_TAGO_ICB165000303_Ord001,80,33,32,35.0,35.0,35.0,05:00:00,23:40:00,35.0,pattern_median,17.5,9802,-,0
P_83905d49869162cd,BR_TAGO_GGB210000057,BS_TAGO_GGB212000379,BS_TAGO_GGB212000380,BR_TAGO_GGB210000057_Ord002,82,183,182,6.0,6.0,6.0,05:00:00,23:10:00,6.0,pattern_median,3.0,60-1,-,0
P_83982ed469cb9ee9,BR_TAGO_GGB227000038,BS_TAGO_GGB227000293,BS_TAGO_GGB227000190,BR_TAGO_GGB227000038_Ord002,60,73,72,15.0,15.0,15.0,05:00:00,23:00:00,15.0,pattern_median,7.5,3000,-,0
P_83a5d4284ea964b7,BR_TAGO_GGB210000069,BS_TAGO_GGB115000105,BS_TAGO_GGB210000330,BR_TAGO_GGB210000069_Ord001,34,2,1,1085.0,1085.0,1085.0,05:20:00,23:25:00,15.0,pattern_median,542.5,59-1,-,0
P_83c4ef2d9c48682f,RR_ACC1_S-1-3-1D,RS_ACC1_S-1-0310,RS_ACC1_S-1-0342,RR_ACC1_S-1-3-1D_Ord003,33,52,51,15.0,8.0,32.5,05:30:00,23:44:00,6.0,pattern_median,7.5,서울 3호선,서울 3호선(오금-대화)<하행>,1
P_83cbf258650035fd,BR_TAGO_GGB207000002,BS_TAGO_GGB207000395,BS_TAGO_GGB207000394,BR_TAGO_GGB207000002_Ord002,79,76,75,15.0,15.0,15.0,04:45:00,23:20:00,15.0,pattern_median,7.5,72-1,-,0
P_83e789184af9de2c,BR_1100_100100188,BS_1100_106000101,BS_1100_106000102,BR_1100_100100188_Ord001,62,87,86,13.0,13.0,13.0,04:20:00,22:50:00,13.0,pattern_median,6.5,2013,-,0
P_84377297aaf230f3,BR_TAGO_ICB165000245,BS_TAGO_ICB164000204,BS_TAGO_ICB164000340,BR_TAGO_ICB165000245_Ord001,55,48,47,23.0,23.0,23.0,05:00:00,23:00:00,23.0,pattern_median,11.5,9201,-,0
P_8442c31c6bb2e0f0,RR_ACC1_S-1-1-2U,RS_ACC1_S-1-1408,RS_ACC1_S-1-1701,RR_ACC1_S-1-1-2U_Ord044,36,3,2,113.5,31.5,195.5,18:27:00,22:14:00,17.5,pattern_median,56.75,서울 1호선,서울 1호선(광운대-신창(순천향대))<상행>,1
P_848073856bc2331b,RR_ACC1_S-1-2-3D,RS_ACC1_S-1-0211,RS_ACC1_S-1-0234,RR_ACC1_S-1-2-3D_Ord016,153,2,1,71.0,71.0,71.0,06:04:00,07:15:00,7.0,pattern_median,35.5,서울 2호선,서울 2호선(본선)<내선>,1
P_848cd59303b08793,BR_TAGO_GGB234000028,BS_TAGO_GGB110000655,BS_TAGO_GGB222000825,BR_TAGO_GGB234000028_Ord001,71,2,1,1053.5833333333333,1053.5833333333333,1053.5833333333333,06:17:55,23:51:30,15.0,pattern_median,526.7916666666666,10-5,-,0
P_84f1aa846d1bb01d,BR_TAGO_GGB234000136,BS_TAGO_GGB203000254,BS_TAGO_GGB203000253,BR_TAGO_GGB234000136_Ord002,55,72,71,15.0,15.0,15.0,05:15:00,23:00:00,15.0,pattern_median,7.5,1550,-,0
P_850000d8e2a16c3e,BR_1100_100100267,BS_1100_213000455,BS_1100_213000456,BR_1100_100100267_Ord001,82,139,138,8.0,8.0,8.0,04:20:00,22:40:00,8.0,pattern_median,4.0,5535,-,0
P_8516ed7e4799218a,BR_1100_100100087,BS_1100_114000271,BS_1100_114000267,BR_1100_100100087_Ord001,81,111,110,10.0,10.0,10.0,04:10:00,22:30:00,10.0,pattern_median,5.0,602,-,0
P_8517747fa93e7a5b,RR_ACC1_S-1-9-2D,RS_ACC1_S-1-4131,RS_ACC1_S-1-4101,RR_ACC1_S-1-9-2D_Ord005,31,1,0,11.0,,,05:30:00,05:30:00,11.0,route_median,5.5,서울 9호선,서울 9호선(개화-중앙보훈병원)<하행>,1
P_8526c84b728f0da3,RR_ACC1_S-1-AP-1U,RS_ACC1_S-1-4204,RS_ACC1_S-1-4201,RR_ACC1_S-1-AP-1U_Ord155,4,2,1,12.0,12.0,12.0,05:30:00,05:42:00,8.0,pattern_median,6.0,공항철도,공항철도(인천공항2터미널-서울역)<상행>,1
P_8564d1f5b0e9daee,BR_TAGO_GGB222000221,BS_TAGO_GGB222000755,BS_TAGO_GGB222000756,BR_TAGO_GGB222000221_Ord002,95,13,12,80.0,80.0,80.0,06:00:00,21:30:00,80.0,pattern_median,40.0,170,-,0
P_859d83bd9fa8ecad,RR_ACC1_S-1-1-1D,RS_ACC1_S-1-1919,RS_ACC1_S-1-1019,RR_ACC1_S-1-1-1D_Ord101,23,4,3,242.0,90.0,577.2,07:34:00,23:29:00,7.5,pattern_median,121.0,서울 1호선,서울 1호선(소요산-인천)<하행>,1
P_85a18a85dd134700,BR_1100_100100576,BS_1100_114000395,BS_1100_114000267,BR_1100_100100576_Ord001,121,64,63,17.0,17.0,17.0,04:00:00,21:40:00,17.0,pattern_median,8.5,6516,-,0
P_8606e80f92aa7416,BR_1100_111900006,BS_1100_111001126,BS_1100_111900001,BR_1100_111900006_Ord001,14,99,98,11.0,11.0,11.0,06:00:00,23:55:00,11.0,pattern_median,5.5,은평07,-,0
P_8630773845150d9d,BR_1100_107000006,BS_1100_233001614,BS_1100_121000012,BR_1100_107000006_Ord001,9,3,2,15.0,15.0,15.0,07:00:00,07:30:00,15.0,pattern_median,7.5,서울01,-,0
P_8647df839cb10eaf,BR_1100_119900024,BS_1100_119900298,BS_1100_119900086,BR_1100_119900024_Ord001,28,54,53,21.0,21.0,21.0,05:20:00,23:55:00,21.0,pattern_median,10.5,동작21,-,0
P_8667e85621f38dd8,RR_ACC1_S-1-7-1U,RS_ACC1_S-1-3763,RS_ACC1_S-1-2713,RR_ACC1_S-1-7-1U_Ord035,51,1,0,5.5,,,07:44:00,07:44:00,5.5,route_median,2.75,서울 7호선,서울 7호선(석남(거북시장)-장암)<상행>,1
P_86697ec47ce8f05f,BR_1100_101900002,BS_1100_101000012,BS_1100_102000134,BR_1100_101900002_Ord001,27,129,128,8.0,8.0,8.0,06:00:00,23:00:00,8.0,pattern_median,4.0,용산04,-,0
P_866cb7653c73f0c8,BR_TAGO_GGB229000041,BS_TAGO_GGB229000746,BS_TAGO_GGB229001168,BR_TAGO_GGB229000041_Ord002,149,69,68,15.0,15.0,15.0,05:00:00,22:00:00,15.0,pattern_median,7.5,150,-,0
P_866fbaf5ce9a8132,BR_TAGO_GGB222000004,BS_TAGO_GGB222000652,BS_TAGO_GGB222000653,BR_TAGO_GGB222000004_Ord002,170,145,144,8.0,8.0,8.0,04:37:34,23:50:40,8.0,pattern_median,4.0,202,-,0
P_86ef60283458d46d,BR_TAGO_GGB234000013,BS_TAGO_GGB203000049,BS_TAGO_GGB203000053,BR_TAGO_GGB234000013_Ord002,98,36,35,30.0,29.68,30.36,05:02:44,22:12:59,30.0,pattern_median,15.0,1007-1,-,0
P_86f1f00b3732913d,BR_TAGO_ICB161000015,BS_TAGO_ICB113000002,BS_TAGO_ICB164000644,BR_TAGO_ICB161000015_Ord001,17,2,1,890.0,890.0,890.0,05:10:00,20:00:00,30.0,pattern_median,445.0,M6751,-,0
P_8736ca332a061550,BR_TAGO_GGB234000313,BS_TAGO_GGB228001986,BS_TAGO_GGB228003584,BR_TAGO_GGB234000313_Ord002,153,17,16,67.0,67.0,67.0,04:55:00,22:41:00,67.0,pattern_median,33.5,1500-2,-,0
P_87674787c2d5bf69,BR_1100_109900005,BS_1100_109000179,BS_1100_109000403,BR_1100_109900005_Ord001,51,113,112,10.0,10.0,10.0,00:00:00,23:50:00,10.0,pattern_median,5.0,도봉09,-,0
P_87b2f3ccdf4c5263,BR_TAGO_GGB222000032,BS_TAGO_GGB222000796,BS_TAGO_GGB222000797,BR_TAGO_GGB222000032_Ord002,177,109,108,10.0,10.0,10.0,05:00:00,23:00:00,10.0,pattern_median,5.0,1-4,-,0
P_883740086a473025,BR_TAGO_GGB219000016,BS_TAGO_GGB219000188,BS_TAGO_GGB219000137,BR_TAGO_GGB219000016_Ord002,62,141,140,8.0,8.0,8.0,04:50:00,23:30:00,8.0,pattern_median,4.0,1200,-,0
P_8850acb00489a1ce,BR_TAGO_GGB219000005,BS_TAGO_GGB218001350,BS_TAGO_GGB218001344,BR_TAGO_GGB219000005_Ord002,131,14,13,80.0,80.0,80.0,05:00:00,22:30:00,80.0,pattern_median,40.0,82,-,0
P_88a989be868e9323,BR_TAGO_ICB165000152,BS_TAGO_ICB112000170,BS_TAGO_ICB167000391,BR_TAGO_ICB165000152_Ord001,23,2,1,1150.0,1150.0,1150.0,05:50:00,25:00:00,40.0,pattern_median,575.0,1500,-,0
P_88d697eb6e0be353,BR_1100_121900004,BS_1100_121900313,BS_1100_121900309,BR_1100_121900004_Ord001,39,40,39,25.0,25.0,25.0,06:00:00,22:00:00,25.0,pattern_median,12.5,서초20,-,0
P_88e4f4b1c11fbf0e,BR_1100_100100251,BS_1100_120000173,BS_1100_120000238,BR_1100_100100251_Ord001,44,99,98,11.0,11.0,11.0,05:30:00,23:30:00,11.0,pattern_median,5.5,5513,-,0
P_88e61168de23736e,BR_1100_100100259,BS_1100_120000233,BS_1100_120000110,BR_1100_100100259_Ord001,36,82,81,14.0,14.0,14.0,04:30:00,23:20:00,14.0,pattern_median,7.0,5523,-,0
P_88f3089dbdc0dae1,RR_ACC1_S-1-2-3D,RS_ACC1_S-1-0234,RS_ACC1_S-1-0211,RR_ACC1_S-1-2-3D_Ord032,193,2,1,723.5,723.5,723.5,05:50:00,17:53:30,7.0,pattern_median,361.75,서울 2호선,서울 2호선(본선)<내선>,1
P_891d5e49f106e7c1,BR_TAGO_GGB236000222,BS_TAGO_GGB236001099,BS_TAGO_GGB236000785,BR_TAGO_GGB236000222_Ord002,41,56,55,20.0,20.0,20.0,04:30:00,22:40:00,20.0,pattern_median,10.0,3006,-,0
P_8927487c1f34ce93,BR_TAGO_GGB234000016,BS_TAGO_GGB228000706,BS_TAGO_GGB228000707,BR_TAGO_GGB234000016_Ord002,52,215,214,5.0,5.0,5.0,04:40:00,22:30:00,5.0,pattern_median,2.5,1112,-,0
P_89472b35df47bad4,BR_TAGO_GGB207000101,BS_TAGO_GGB110000152,BS_TAGO_GGB207000330,BR_TAGO_GGB207000101_Ord001,35,2,1,1080.0,1080.0,1080.0,06:00:00,24:00:00,10.0,pattern_median,540.0,1-8,-,0
P_8969d4818d91ea85,RR_ACC1_S-1-2-3D,RS_ACC1_S-1-0211,RS_ACC1_S-1-0211,RR_ACC1_S-1-2-3D_Ord022,517,12,11,14.0,10.0,47.0,05:30:00,18:14:00,7.0,pattern_median,7.0,서울 2호선,서울 2호선(본선)<내선>,1
P_897c7b259e7e1edd,BR_1100_100100331,BS_1100_114000271,BS_1100_114000267,BR_1100_100100331_Ord001,68,67,66,17.0,17.0,17.0,04:30:00,23:00:00,17.0,pattern_median,8.5,6714,-,0
P_89950daf4d27b92d,BR_1100_100100007,BS_1100_110000093,BS_1100_110000109,BR_1100_100100007_Ord001,67,106,105,11.0,11.0,11.0,04:00:00,23:10:00,11.0,pattern_median,5.5,102,-,0
P_899601968816bf95,BR_TAGO_ICB168000005,BS_TAGO_ICB122000368,BS_TAGO_ICB163000215,BR_TAGO_ICB168000005_Ord001,15,2,1,1080.0,1080.0,1080.0,05:00:00,23:00:00,25.0,pattern_median,540.0,M6439,-,0
P_89f5b763d47b7dc5,BR_TAGO_GGB236000234,BS_TAGO_GGB236001099,BS_TAGO_GGB236000785,BR_TAGO_GGB236000234_Ord002,21,42,41,25.0,25.0,25.0,05:00:00,22:00:00,25.0,pattern_median,12.5,1403,-,0
P_8a056880829778eb,BR_TAGO_GGB208000014,BS_TAGO_GGB120000455,BS_TAGO_GGB225000429,BR_TAGO_GGB208000014_Ord001,69,2,1,1015.0,1015.0,1015.0,06:25:00,23:20:00,10.0,pattern_median,507.5,20,-,0
P_8a1315b3a1662039,BR_TAGO_GGB234001244,BS_TAGO_GGB219000706,BS_TAGO_GGB219000705,BR_TAGO_GGB234001244_Ord002,59,44,43,25.0,25.0,25.0,05:00:00,22:45:00,25.0,pattern_median,12.5,9600,-,0
P_8a1d6a49d5cd045e,BR_TAGO_ICB165000381,BS_TAGO_ICB165000725,BS_TAGO_ICB165000861,BR_TAGO_ICB165000381_Ord002,33,28,27,40.0,40.0,40.0,05:00:00,23:10:00,40.0,pattern_median,20.0,M6724,-,0
P_8a2521d6a41a1b96,BR_TAGO_GGB200000327,BS_TAGO_GGB201000182,BS_TAGO_GGB201000242,BR_TAGO_GGB200000327_Ord001,7,34,33,30.0,30.0,30.0,06:40:00,23:00:00,30.0,pattern_median,15.0,수원MDRT,-,0
P_8a2cc22b02ebb28b,RR_ACC1_S-1-1-4U,RS_ACC1_S-1-1749,RS_ACC1_S-1-1019,RR_ACC1_S-1-1-4U_Ord004,40,31,30,29.0,17.400000000000002,56.000000000000014,05:36:00,22:09:00,19.0,pattern_median,14.5,서울 1호선,서울 1호선(광운대-서동탄)<상행>,1
P_8a43bf9f55778841,BR_1100_107900008,BS_1100_107900246,BS_1100_107900169,BR_1100_107900008_Ord001,31,161,160,7.0,7.0,7.0,05:20:00,23:55:00,7.0,pattern_median,3.5,성북01,-,0
P_8a4fd8ff4f6ae95b,BR_TAGO_GGB234001622,BS_TAGO_GGB233001754,BS_TAGO_GGB233001753,BR_TAGO_GGB234001622_Ord002,22,217,216,5.0,5.0,5.0,05:00:00,23:00:00,5.0,pattern_median,2.5,M4137,-,0
P_8a55c5097b871f63,BR_TAGO_GGB234001715,BS_TAGO_GGB207000234,BS_TAGO_GGB104000139,BR_TAGO_GGB234001715_Ord001,7,2,1,30.0,30.0,30.0,07:00:00,07:30:00,30.0,pattern_median,15.0,P9404(출근),-,0
P_8a6838cea79f2267,BR_1100_100100301,BS_1100_114000395,BS_1100_114000267,BR_1100_100100301_Ord001,69,81,80,14.0,14.0,14.0,04:10:00,22:50:00,14.0,pattern_median,7.0,6623,-,0
P_8ae8acb395c5f059,BR_TAGO_GGB234001710,BS_TAGO_GGB123000002,BS_TAGO_GGB228001851,BR_TAGO_GGB234001710_Ord001,16,2,1,30.0,30.0,30.0,18:15:00,18:45:00,30.0,pattern_median,15.0,P9243(퇴근),-,0
P_8b37c6e0b885a627,BR_TAGO_GGB208000066,BS_TAGO_GGB121000970,BS_TAGO_GGB213000405,BR_TAGO_GGB208000066_Ord001,9,2,1,1070.0,1070.0,1070.0,06:00:00,23:50:00,10.0,pattern_median,535.0,G9633,-,0
P_8b3f5471c5426da4,RR_ACC1_S-1-4-2D,RS_ACC1_S-1-0409,RS_ACC1_S-1-1762,RR_ACC1_S-1-4-2D_Ord019,48,98,97,10.0,6.5,15.100000000000007,05:36:00,22:36:00,6.25,pattern_median,5.0,서울 4호선,서울 4호선(안산-오이도)<하행>,1
P_8b6c659a85ebc627,BR_1100_100100030,BS_1100_108000014,BS_1100_108000016,BR_1100_100100030_Ord001,94,163,162,7.0,7.0,7.0,04:00:00,22:50:00,7.0,pattern_median,3.5,151,-,0
P_8b742044910fb57e,BR_1100_100100587,BS_1100_111001112,BS_1100_111001113,BR_1100_100100587_Ord001,67,78,77,15.0,15.0,15.0,03:50:00,23:00:00,15.0,pattern_median,7.5,705,-,0
P_8b8fecfbe4932edc,BR_1100_113900003,BS_1100_113900230,BS_1100_113900127,BR_1100_113900003_Ord001,24,138,137,8.0,8.0,8.0,00:00:00,23:52:00,8.0,pattern_median,4.0,마포12,-,0
P_8b95e4e725237f93,BR_TAGO_GGB227000003,BS_TAGO_GGB204000136,BS_TAGO_GGB227000062,BR_TAGO_GGB227000003_Ord001,86,2,1,1120.0,1120.0,1120.0,04:40:00,23:20:00,45.0,pattern_median,560.0,30,-,0
P_8ba0dd2ef488899b,BR_1100_100100149,BS_1100_110000200,BS_1100_110000203,BR_1100_100100149_Ord001,48,95,94,12.0,12.0,12.0,05:00:00,23:40:00,12.0,pattern_median,6.0,1133,-,0
P_8bfd3ab6a8914ccd,BR_TAGO_ICB168000047,BS_TAGO_ICB168001143,BS_TAGO_ICB168001144,BR_TAGO_ICB168000047_Ord002,85,36,35,31.0,31.0,31.0,04:30:00,22:30:00,31.0,pattern_median,15.5,86,-,0
P_8c034aa46f8c9618,BR_TAGO_GGB232000118,BS_TAGO_GGB232000037,BS_TAGO_GGB232000038,BR_TAGO_GGB232000118_Ord002,32,57,56,20.0,20.0,20.0,04:20:00,23:00:00,20.0,pattern_median,10.0,G6005,-,0
P_8c04d2238d16e57c,BR_TAGO_GGB234001697,BS_TAGO_GGB121000005,BS_TAGO_GGB214002035,BR_TAGO_GGB234001697_Ord055,14,1,0,20.0,,,24:24:45,24:24:45,20.0,route_median,10.0,6600,-,0
P_8c6d7e707733a798,BR_1100_100100076,BS_1100_208000037,BS_1100_117000082,BR_1100_100100076_Ord001,83,128,127,9.0,9.0,9.0,04:00:00,23:00:00,9.0,pattern_median,4.5,500,-,0
P_8ce69aaa3e0d4145,BR_TAGO_GGB204000073,BS_TAGO_GGB204000308,BS_TAGO_GGB204000283,BR_TAGO_GGB204000073_Ord001,43,2,1,1023.7833333333333,1023.7833333333333,1023.7833333333333,06:08:22,23:12:09,12.0,pattern_median,511.89166666666665,315,-,0
P_8cfc6c2fd0cc0cde,RR_ACC1_S-1-7-1U,RS_ACC1_S-1-2752,RS_ACC1_S-1-2731,RR_ACC1_S-1-7-1U_Ord198,22,1,0,5.5,,,23:42:30,23:42:30,5.5,route_median,2.75,서울 7호선,서울 7호선(석남(거북시장)-장암)<상행>,1
P_8d23b34392a2ec1b,BR_TAGO_GGB228000388,BS_TAGO_GGB228000183,BS_TAGO_GGB228000180,BR_TAGO_GGB228000388_Ord002,58,40,39,10.0,10.0,10.0,05:30:00,11:55:00,10.0,pattern_median,5.0,5000A,-,0
P_8d2850bc11f2b2e7,BR_1100_100100223,BS_1100_124000344,BS_1100_124000207,BR_1100_100100223_Ord001,84,104,103,11.0,11.0,11.0,04:30:00,23:20:00,11.0,pattern_median,5.5,3411,-,0
P_8db9ffa11f4fe693,BR_TAGO_GGB213000017,BS_TAGO_GGB208000064,BS_TAGO_GGB224001094,BR_TAGO_GGB213000017_Ord001,68,2,1,1065.0,1065.0,1065.0,06:15:00,24:00:00,10.0,pattern_median,532.5,2,-,0
P_8dfaa4d0ae10867d,RR_ACC1_S-1-SL-1D,RS_ACC1_S-1-6006,RS_ACC1_S-1-6011,RR_ACC1_S-1-SL-1D_Ord008,6,10,9,7.0,7.0,140.4000000000001,06:43:00,17:56:00,7.0,pattern_median,3.5,신림선,신림선(관악산(서울대)-샛강)<하행>,1
P_8e026d495b4f3478,RR_ACC1_S-1-AP-1U,RS_ACC1_S-1-4215,RS_ACC1_S-1-4204,RR_ACC1_S-1-AP-1U_Ord102,11,1,0,8.0,,,23:50:00,23:50:00,8.0,route_median,4.0,공항철도,공항철도(인천공항2터미널-서울역)<상행>,1
P_8e2da1099ef79e69,BR_TAGO_GGB204000013,BS_TAGO_GGB206000167,BS_TAGO_GGB206000121,BR_TAGO_GGB204000013_Ord002,116,69,68,15.0,15.0,15.0,05:00:52,22:01:43,15.0,pattern_median,7.5,60,-,0
P_8e3b62ffded10a7a,BR_1100_100100047,BS_1100_106000101,BS_1100_106000102,BR_1100_100100047_Ord001,121,183,182,6.0,6.0,6.0,04:10:00,22:20:00,6.0,pattern_median,3.0,271,-,0
P_8e4326addf8424c5,BR_1100_108900010,BS_1100_108900216,BS_1100_108900042,BR_1100_108900010_Ord001,31,182,181,6.0,6.0,6.0,00:00:00,23:54:00,6.0,pattern_median,3.0,도봉02,-,0
P_8e4789eaaeb8340e,BR_1100_100100478,BS_1100_123000197,BS_1100_123000337,BR_1100_100100478_Ord001,39,144,143,8.0,8.0,8.0,04:30:00,23:30:00,8.0,pattern_median,4.0,3317,-,0
P_8e779b9b5e8e2f13,RR_ACC1_S-1-KP-1D,RS_ACC1_S-1-4920,RS_ACC1_S-1-4929,RR_ACC1_S-1-KP-1D_Ord146,10,85,84,13.833333333333334,4.600000000000002,18.0,05:26:00,24:26:27,5.716666666666667,pattern_median,6.916666666666667,김포도시철도,김포도시철도(김포공항-양촌)<하행>,1
P_8e86de4375cac10f,BR_TAGO_GGB219000006,BS_TAGO_GGB118000019,BS_TAGO_GGB218001344,BR_TAGO_GGB219000006_Ord001,43,2,1,1054.8166666666666,1054.8166666666666,1054.8166666666666,05:57:56,23:32:45,6.0,pattern_median,527.4083333333333,1082,-,0
P_8e92132995a8f985,BR_1100_110900004,BS_1100_110900074,BS_1100_110900120,BR_1100_110900004_Ord001,13,73,72,15.0,15.0,15.0,06:00:00,23:55:00,15.0,pattern_median,7.5,노원01,-,0
P_8eb6f4b75acc0899,BR_TAGO_GGB236000050,BS_TAGO_GGB236000596,BS_TAGO_GGB236001142,BR_TAGO_GGB236000050_Ord002,112,32,31,35.0,35.0,35.0,05:00:00,23:00:00,35.0,pattern_median,17.5,11,-,0
P_8eb9c1de5e1e3a08,BR_1100_100100549,BS_1100_110000327,BS_1100_110000387,BR_1100_100100549_Ord001,121,112,111,10.0,10.0,10.0,04:00:00,22:30:00,10.0,pattern_median,5.0,100,-,0
P_8f1382ef7e39944b,BR_1100_116000004,BS_1100_116000195,BS_1100_116000194,BR_1100_116000004_Ord001,100,75,74,15.0,15.0,15.0,04:00:00,22:30:00,15.0,pattern_median,7.5,660,-,0
P_8f20549ec7309381,BR_1100_100100511,BS_1100_219001178,BS_1100_219000688,BR_1100_100100511_Ord001,101,67,66,17.0,17.0,17.0,04:30:00,23:00:00,17.0,pattern_median,8.5,760,-,0
P_8f292286e2ed2410,BR_TAGO_GGB234000050,BS_TAGO_GGB221000046,BS_TAGO_GGB221000047,BR_TAGO_GGB234000050_Ord002,65,185,184,6.0,6.0,6.0,04:10:00,22:35:00,6.0,pattern_median,3.0,1650,-,0
P_8f4e8d6726521302,BR_TAGO_GGB228000418,BS_TAGO_GGB228001736,BS_TAGO_GGB228001737,BR_TAGO_GGB228000418_Ord002,53,2,1,60.0,60.0,60.0,00:01:00,01:01:00,60.0,pattern_median,30.0,1101N,-,0
P_8f58df48efd62579,BR_1100_100100057,BS_1100_123000660,BS_1100_123000436,BR_1100_100100057_Ord001,91,190,189,6.0,6.0,6.0,04:00:00,22:50:00,6.0,pattern_median,3.0,360,-,0
P_8f6c0c839f02c8cd,BR_TAGO_ICB165000381,BS_TAGO_ICB112900226,BS_TAGO_ICB165000861,BR_TAGO_ICB165000381_Ord001,16,2,1,1090.0,1090.0,1090.0,06:20:00,24:30:00,40.0,pattern_median,545.0,M6724,-,0
P_8f8248da20a8fc92,BR_TAGO_GGB207000070,BS_TAGO_GGB236001248,BS_TAGO_GGB236001247,BR_TAGO_GGB207000070_Ord002,71,122,121,10.0,10.0,10.0,03:35:52,23:40:52,10.0,pattern_median,5.0,3100,-,0
P_8f83f6e2ed40e392,RR_ACC1_S-1-9-2D,RS_ACC1_S-1-4113,RS_ACC1_S-1-4101,RR_ACC1_S-1-9-2D_Ord002,13,1,0,11.0,,,05:30:00,05:30:00,11.0,route_median,5.5,서울 9호선,서울 9호선(개화-중앙보훈병원)<하행>,1
P_8f895bd66e7ad30a,RR_ACC1_S-1-4-4D,RS_ACC1_S-1-0405,RS_ACC1_S-1-0426,RR_ACC1_S-1-4-4D_Ord078,21,1,0,14.0,,,24:08:00,24:08:00,14.0,route_median,7.0,서울 4호선,서울 4호선(진접-사당)<하행>,1
P_8fe9a64eb122ec93,BR_1100_100100348,BS_1100_218000604,BS_1100_218000603,BR_1100_100100348_Ord001,41,99,98,12.0,12.0,12.0,00:00:00,23:54:00,12.0,pattern_median,6.0,7711,-,0
P_900417e068d0e17b,BR_1100_116900001,BS_1100_116900122,BS_1100_116900123,BR_1100_116900001_Ord001,13,109,108,10.0,10.0,10.0,00:00:00,23:50:00,10.0,pattern_median,5.0,구로13,-,0
P_904ca29983ed0728,BR_TAGO_ICB165000162,BS_TAGO_ICB168000984,BS_TAGO_ICB168001028,BR_TAGO_ICB165000162_Ord001,81,23,22,50.0,50.0,50.0,05:00:00,23:30:00,50.0,pattern_median,25.0,9300,-,0
P_908b8086c1969975,BR_TAGO_GGB234001271,BS_TAGO_GGB203000254,BS_TAGO_GGB203000253,BR_TAGO_GGB234001271_Ord002,49,55,54,20.0,20.0,20.0,05:10:00,23:10:00,20.0,pattern_median,10.0,1570,-,0
P_90befa6199fb2fe2,BR_TAGO_GGB227000043,BS_TAGO_GGB227000188,BS_TAGO_GGB123000042,BR_TAGO_GGB227000043_Ord001,24,1,0,15.0,,,06:00:00,06:00:00,15.0,route_median,7.5,35,-,0
P_90eeeae17597f659,BR_1100_100100154,BS_1100_110000389,BS_1100_110000132,BR_1100_100100154_Ord001,72,97,96,12.0,12.0,12.0,04:30:00,23:40:00,12.0,pattern_median,6.0,1139,-,0
P_90ffb5de7a7bf362,RR_ACC1_S-1-SL-1U,RS_ACC1_S-1-6011,RS_ACC1_S-1-6001,RR_ACC1_S-1-SL-1U_Ord001,11,192,191,7.0,3.0,9.0,05:30:00,24:44:00,7.0,pattern_median,3.5,신림선,신림선(관악산(서울대)-샛강)<상행>,1
P_918c7b82acd6fcda,BR_3100_241408006,BS_TAGO_GGB277104747,BS_TAGO_GGB277104747,BR_3100_241408006_Ord001,30,35,34,30.0,30.0,30.0,06:00:00,23:00:00,30.0,pattern_median,15.0,미사-01,-,0
P_91ad87dededccf0e,BR_1100_119900020,BS_1100_119900073,BS_1100_119000052,BR_1100_119900020_Ord001,35,90,89,12.0,12.0,12.0,06:00:00,23:40:00,12.0,pattern_median,6.0,동작03,-,0
P_91e7b7f5f51ebdfa,BR_TAGO_GGB218000125,BS_TAGO_GGB219000412,BS_TAGO_GGB219000400,BR_TAGO_GGB218000125_Ord001,81,16,15,75.0,75.0,75.0,04:40:00,22:50:00,75.0,pattern_median,37.5,75,-,0
P_91ff32784c524b8c,BR_TAGO_GGB236000050,BS_TAGO_GGB104000064,BS_TAGO_GGB236001142,BR_TAGO_GGB236000050_Ord001,55,2,1,1093.7333333333333,1093.7333333333333,1093.7333333333333,06:07:38,24:21:22,35.0,pattern_median,546.8666666666667,11,-,0
P_923f091e06954f12,BR_1100_100100151,BS_1100_110000384,BS_1100_110000383,BR_1100_100100151_Ord001,39,77,76,15.0,15.0,15.0,00:00:00,23:45:00,15.0,pattern_median,7.5,1136,-,0
P_924001c36fad28cd,RR_ACC1_S-1-3-1U,RS_ACC1_S-1-0342,RS_ACC1_S-1-0326,RR_ACC1_S-1-3-1U_Ord206,17,1,0,6.0,,,24:27:00,24:27:00,6.0,route_median,3.0,서울 3호선,서울 3호선(오금-대화)<상행>,1
P_927f57786aebcd52,BR_TAGO_GGB234000040,BS_TAGO_GGB228001181,BS_TAGO_GGB228001182,BR_TAGO_GGB234000040_Ord002,117,69,68,15.0,15.0,15.0,05:00:00,22:00:00,15.0,pattern_median,7.5,119,-,0
P_927fe61c3e451e6b,BR_1100_108900001,BS_1100_108900004,BS_1100_108000102,BR_1100_108900001_Ord001,49,102,101,11.0,11.0,11.0,00:00:00,23:50:00,11.0,pattern_median,5.5,강북11,-,0
P_92841d5bb7a9baaa,BR_1100_123000013,BS_1100_123000660,BS_1100_123000436,BR_1100_123000013_Ord001,153,10,9,28.0,28.0,261.80000000000024,00:26:00,23:58:00,28.0,pattern_median,14.0,N73,-,0
P_9291a46b403c483f,BR_TAGO_GGB233000321,BS_TAGO_GGB233003122,BS_TAGO_GGB233003123,BR_TAGO_GGB233000321_Ord002,43,156,155,7.0,7.0,7.0,05:00:00,23:00:00,7.0,pattern_median,3.5,6008,-,0
P_92f0e882c890df61,BR_TAGO_ICB165000151,BS_TAGO_ICB163000215,BS_TAGO_ICB163000215,BR_TAGO_ICB165000151_Ord002,48,39,38,30.0,30.0,30.0,05:00:00,24:00:00,30.0,pattern_median,15.0,1400,-,0
P_9327e2e6ecf16d45,BR_1100_123000011,BS_1100_111001112,BS_1100_111001113,BR_1100_123000011_Ord001,61,95,94,12.0,12.0,12.0,04:30:00,23:20:00,12.0,pattern_median,6.0,708,-,0
P_939f11f1513ee384,BR_1100_100900012,BS_1100_100000180,BS_1100_112000089,BR_1100_100900012_Ord001,18,61,60,17.0,17.0,17.0,06:00:00,23:00:00,17.0,pattern_median,8.5,서대문08,-,0
P_93fa1aec9bb7f8be,BR_TAGO_GGB222000177,BS_TAGO_GGB110000646,BS_TAGO_GGB222000653,BR_TAGO_GGB222000177_Ord001,42,2,1,1105.0,1105.0,1105.0,05:53:11,24:18:11,20.0,pattern_median,552.5,105,-,0
P_9402c9e4c0cf9afa,BR_TAGO_GGB207000100,BS_TAGO_GGB109000020,BS_TAGO_GGB207000617,BR_TAGO_GGB207000100_Ord001,35,2,1,1070.0,1070.0,1070.0,05:55:00,23:45:00,15.0,pattern_median,535.0,56,-,0
P_9404119277043e2d,BR_1100_100100359,BS_1100_219001178,BS_1100_219000688,BR_1100_100100359_Ord001,109,74,73,15.0,15.0,15.0,04:00:00,22:10:00,15.0,pattern_median,7.5,7728,-,0
P_94385fd57c1b2f69,BR_3100_241274004,BS_TAGO_GGB213000216,BS_TAGO_GGB213000216,BR_3100_241274004_Ord001,43,71,70,15.0,15.0,15.0,05:45:00,23:11:00,15.0,pattern_median,7.5,1-3,-,0
P_94597f7f8fa2510f,BR_1100_100100070,BS_1100_226000109,BS_1100_226000070,BR_1100_100100070_Ord001,125,109,108,10.0,10.0,10.0,04:20:00,22:20:00,10.0,pattern_median,5.0,441,-,0
P_94650c727182fb37,BR_1100_100100018,BS_1100_108000194,BS_1100_108000199,BR_1100_100100018_Ord001,87,140,139,8.0,8.0,8.0,04:20:00,22:50:00,8.0,pattern_median,4.0,130,-,0
P_9478cd05b2a64e87,BR_1100_100100158,BS_1100_110000308,BS_1100_110000676,BR_1100_100100158_Ord001,70,61,60,19.0,19.0,19.0,04:30:00,23:20:00,19.0,pattern_median,9.5,1143,-,0
P_94ccfd232be8c45f,BR_TAGO_GGB228000174,BS_TAGO_GGB228000191,BS_TAGO_GGB228000192,BR_TAGO_GGB228000174_Ord002,79,68,67,10.0,10.0,10.0,12:05:00,23:10:00,10.0,pattern_median,5.0,5000B,-,0
P_94d3a9aa46f00268,RR_ACC1_S-1-6-1,RS_ACC1_S-1-2640,RS_ACC1_S-1-2648,RR_ACC1_S-1-6-1_Ord001,363,1,0,8.5,,,05:30:00,05:30:00,8.5,route_median,4.25,서울 6호선,서울 6호선(신내-응암),1
P_94d5b5f8ae88f3cc,BR_TAGO_GGB207000080,BS_TAGO_GGB104000064,BS_TAGO_GGB221000155,BR_TAGO_GGB207000080_Ord001,39,2,1,929.9833333333333,929.9833333333333,929.9833333333333,07:02:33,22:32:32,20.0,pattern_median,464.9916666666667,78,-,0
P_952b0fd81f1671d0,BR_1100_100100110,BS_1100_113000180,BS_1100_113000181,BR_1100_100100110_Ord001,75,127,126,9.0,9.0,9.0,03:50:00,22:40:00,9.0,pattern_median,4.5,710,-,0
P_953a3b044e7c6e20,BR_1100_121900016,BS_1100_220000018,BS_1100_220000011,BR_1100_121900016_Ord001,45,211,210,5.0,5.0,5.0,06:00:00,23:30:00,5.0,pattern_median,2.5,서초18,-,0
P_95562b1ba12700d5,BR_TAGO_GGB222000082,BS_TAGO_GGB222000652,BS_TAGO_GGB222000653,BR_TAGO_GGB222000082_Ord002,172,19,18,60.0,60.0,60.0,04:30:33,22:30:33,60.0,pattern_median,30.0,10,-,0
P_958c67245f1d61ff,BR_1100_100100449,BS_1100_111000907,BS_1100_111000224,BR_1100_100100449_Ord001,77,52,51,22.0,22.0,22.0,04:30:00,23:00:00,22.0,pattern_median,11.0,7013A,-,0
P_95a4e44b372b94b4,BR_1100_100100462,BS_1100_111000907,BS_1100_111000315,BR_1100_100100462_Ord001,58,115,114,10.0,10.0,10.0,04:30:00,23:30:00,10.0,pattern_median,5.0,7715,-,0
P_95a8e7690cb65ad5,BR_TAGO_GGB219000026,BS_TAGO_GGB219000366,BS_TAGO_GGB219000193,BR_TAGO_GGB219000026_Ord002,47,18,17,62.86666666666667,62.24,63.593333333333334,05:05:24,22:51:10,62.86666666666667,pattern_median,31.433333333333334,9700,-,0
P_95d55b5ec47016ce,BR_TAGO_GGB234000136,BS_TAGO_GGB121000117,BS_TAGO_GGB203000253,BR_TAGO_GGB234000136_Ord001,26,2,1,1070.0,1070.0,1070.0,06:10:00,24:00:00,15.0,pattern_median,535.0,1550,-,0
P_95e58801cf426358,BR_1100_120900007,BS_1100_120900082,BS_1100_120000166,BR_1100_120900007_Ord001,36,101,100,11.0,11.0,11.0,05:25:00,23:44:00,11.0,pattern_median,5.5,관악08,-,0
P_95ea0907f2492870,BR_1100_105900005,BS_1100_105900002,BS_1100_107900123,BR_1100_105900005_Ord001,35,102,101,11.0,11.0,11.0,00:00:00,23:50:00,11.0,pattern_median,5.5,성북21,-,0
P_9645f822df61289a,BR_TAGO_GGB222000009,BS_TAGO_GGB104000064,BS_TAGO_GGB222000653,BR_TAGO_GGB222000009_Ord001,82,2,1,1154.6833333333334,1154.6833333333334,1154.6833333333334,05:52:00,25:06:41,13.0,pattern_median,577.3416666666667,9,-,0
P_965538498749c0d2,RR_ACC1_S-1-3-1U,RS_ACC1_S-1-0339,RS_ACC1_S-1-1958,RR_ACC1_S-1-3-1U_Ord064,41,8,7,57.0,15.3,243.20000000000016,05:30:00,18:19:30,6.0,pattern_median,28.5,서울 3호선,서울 3호선(오금-대화)<상행>,1
P_96906e6125fd1fc3,BR_1100_111900004,BS_1100_111900111,BS_1100_111900024,BR_1100_111900004_Ord001,25,63,62,18.0,18.0,18.0,05:00:00,23:40:00,18.0,pattern_median,9.0,은평04,-,0
P_9690c3cf015fb668,BR_TAGO_GGB200000324,BS_TAGO_GGB120000060,BS_TAGO_GGB201000405,BR_TAGO_GGB200000324_Ord001,30,1,0,18.0,,,18:40:00,18:40:00,,global_median,9.0,7800(퇴근예약),-,0
P_96a595363e54cba9,BR_1100_100100234,BS_1100_120000671,BS_1100_120000061,BR_1100_100100234_Ord001,71,144,143,8.0,8.0,8.0,04:00:00,23:00:00,8.0,pattern_median,4.0,4212,-,0
P_96bdaa56b139e767,BR_TAGO_GGB204000060,BS_TAGO_GGB205000227,BS_TAGO_GGB205000226,BR_TAGO_GGB204000060_Ord002,117,52,51,20.0,20.0,20.0,05:00:00,21:50:00,20.0,pattern_median,10.0,103,-,0
P_96db9017bedf4ac7,BR_1100_100100037,BS_1100_110000387,BS_1100_110000328,BR_1100_100100037_Ord001,104,114,113,10.0,10.0,10.0,04:00:00,22:45:00,10.0,pattern_median,5.0,172,-,0
P_9705245c12f302ac,BR_TAGO_GGB229000060,BS_TAGO_GGB101000332,BS_TAGO_GGB218000497,BR_TAGO_GGB229000060_Ord001,49,2,1,999.1,999.1,999.1,06:13:14,22:52:20,63.0,pattern_median,499.55,790,-,0
P_97174612e817a423,BR_TAGO_GGB234001660,BS_TAGO_GGB214002018,BS_TAGO_GGB214002018,BR_TAGO_GGB234001660_Ord002,18,107,106,10.0,10.0,10.0,05:30:00,23:05:00,10.0,pattern_median,5.0,M5438,-,0
P_971afdbda1899703,BR_TAGO_GGB234000875,BS_TAGO_GGB101000114,BS_TAGO_GGB203000287,BR_TAGO_GGB234000875_Ord001,9,2,1,1060.0666666666666,1060.0666666666666,1060.0666666666666,06:01:27,23:41:31,67.0,pattern_median,530.0333333333333,M4101,-,0
P_971f3e9dc92729c3,RR_ACC1_S-1-SD-6D,RS_ACC1_S-1-1013,RS_ACC1_S-1-1762,RR_ACC1_S-1-SD-6D_Ord001,49,2,1,26.0,26.0,26.0,21:51:00,22:17:00,26.0,pattern_median,13.0,수인분당선,수인분당선(왕십리-오이도)<하행>,1
P_9747c204608de560,BR_3100_241461002,BS_TAGO_GGB232000703,BS_TAGO_GGB232000703,BR_3100_241461002_Ord001,29,30,29,30.0,30.0,30.0,07:45:00,22:00:00,30.0,pattern_median,15.0,16,-,0
P_97527e50a766fcca,BR_TAGO_GGB228000401,BS_TAGO_GGB121000011,BS_TAGO_GGB228001818,BR_TAGO_GGB228000401_Ord001,9,2,1,40.0,40.0,40.0,18:40:00,19:20:00,40.0,pattern_median,20.0,P9201(퇴근),-,0
P_9789ac8f9740f580,BR_TAGO_GGB213000015,BS_TAGO_GGB213000231,BS_TAGO_GGB213000231,BR_TAGO_GGB213000015_Ord002,30,73,72,15.0,15.0,15.0,05:30:00,23:20:00,15.0,pattern_median,7.5,3001,-,0
P_9808da6b396c12da,BR_1100_100100291,BS_1100_114000124,BS_1100_114000201,BR_1100_100100291_Ord001,89,58,57,20.0,20.0,20.0,04:00:00,23:00:00,20.0,pattern_median,10.0,6511,-,0
P_983ecab106cf56bc,BR_1100_107900016,BS_1100_107900344,BS_1100_107900355,BR_1100_107900016_Ord001,16,87,86,13.0,13.0,13.0,00:05:00,23:52:00,13.0,pattern_median,6.5,성북14-2,-,0
P_98555f06999ae1dc,BR_1100_119900005,BS_1100_119000288,BS_1100_121000530,BR_1100_119900005_Ord001,23,71,70,15.0,15.0,15.0,06:00:00,23:30:00,15.0,pattern_median,7.5,서초16,-,0
P_985ee1c1fbadeb11,BR_1100_100900002,BS_1100_100900047,BS_1100_100000069,BR_1100_100900002_Ord001,36,68,67,15.0,15.0,15.0,05:50:00,22:30:00,15.0,pattern_median,7.5,종로13,-,0
P_98716a22f816cf18,RR_ACC1_S-1-1-4U,RS_ACC1_S-1-1749,RS_ACC1_S-1-0159,RR_ACC1_S-1-1-4U_Ord044,32,4,3,291.0,130.2,478.2,07:20:00,22:26:00,19.0,pattern_median,145.5,서울 1호선,서울 1호선(광운대-서동탄)<상행>,1
P_987c532966d51e32,BR_TAGO_GGB229000273,BS_TAGO_GGB229000564,BS_TAGO_GGB229000567,BR_TAGO_GGB229000273_Ord002,47,44,43,25.0,25.0,25.0,05:00:00,23:00:00,25.0,pattern_median,12.5,7101,-,0
P_98b0fa8d2cf318ec,RR_ACC1_S-1-AP-1U,RS_ACC1_S-1-4209,RS_ACC1_S-1-4201,RR_ACC1_S-1-AP-1U_Ord103,8,52,51,15.0,12.0,28.0,05:30:00,21:09:30,8.0,pattern_median,7.5,공항철도,공항철도(인천공항2터미널-서울역)<상행>,1
P_98b56b12912724ab,BR_1100_115000010,BS_1100_115000321,BS_1100_115000320,BR_1100_115000010_Ord001,165,9,8,28.0,25.3,387.09999999999974,00:08:00,23:40:00,28.0,pattern_median,14.0,N64,-,0
P_98b680d46f31d6aa,BR_1100_110900003,BS_1100_110900004,BS_1100_110900022,BR_1100_110900003_Ord001,30,74,73,15.0,15.0,15.0,05:40:00,23:45:00,15.0,pattern_median,7.5,노원05,-,0
P_98da1b1bcfd3fd52,RR_ACC1_S-1-GTXA-1D,RS_ACC1_S-1-7001,RS_ACC1_S-1-7004,RR_ACC1_S-1-GTXA-1D_Ord001,3,52,51,20.0,14.0,34.5,05:45:00,24:39:00,20.0,pattern_median,10.0,GTX-A,GTX-A(동탄-수서)<하행>,1
P_98e849f968a6a95f,BR_TAGO_GGB228000418,BS_TAGO_GGB121000007,BS_TAGO_GGB228001737,BR_TAGO_GGB228000418_Ord001,24,2,1,60.6,60.6,60.6,01:01:43,02:02:19,60.0,pattern_median,30.3,1101N,-,0
P_98f56232cb8ae557,BR_TAGO_GGB221000032,BS_TAGO_GGB107000057,BS_TAGO_GGB221000217,BR_TAGO_GGB221000032_Ord001,23,2,1,1055.0,1055.0,1055.0,06:05:00,23:40:00,11.0,pattern_median,527.5,75,-,0
P_992a42061b0b4ce6,RR_ACC1_S-1-1-5D,RS_ACC1_S-1-1003,RS_ACC1_S-1-1811,RR_ACC1_S-1-1-5D_Ord003,16,67,66,12.0,6.5,33.5,05:35:00,22:53:00,8.0,pattern_median,6.0,서울 1호선,서울 1호선(용산-동인천)(급행)<하행>,1
P_9942926a55a66d6e,BR_1100_103900010,BS_1100_103900217,BS_1100_103900218,BR_1100_103900010_Ord001,28,51,50,21.0,21.0,21.0,05:59:00,23:20:00,21.0,pattern_median,10.5,성동13,-,0
P_99b0cb9689b2d671,BR_TAGO_GGB232000117,BS_TAGO_GGB232000622,BS_TAGO_GGB232000621,BR_TAGO_GGB232000117_Ord002,26,58,57,20.0,20.0,20.0,04:20:00,23:20:00,20.0,pattern_median,10.0,G6004,-,0
P_99b77c468c8c5712,BR_1100_124000010,BS_1100_123000209,BS_1100_123000043,BR_1100_124000010_Ord001,14,12,11,11.0,11.0,11.0,07:20:00,09:20:00,11.0,pattern_median,5.5,8331,-,0
P_99c09908adeba884,BR_TAGO_GGB240000007,BS_TAGO_GGB240000076,BS_TAGO_GGB240000072,BR_TAGO_GGB240000007_Ord002,178,2,1,310.0,310.0,310.0,10:30:00,15:40:00,112.21666666666667,pattern_median,155.0,2000-1,-,0
P_99d4e26368cc89e3,BR_TAGO_GGB234000002,BS_TAGO_GGB206000405,BS_TAGO_GGB206000170,BR_TAGO_GGB234000002_Ord002,58,34,33,35.0,35.0,35.0,04:50:00,24:00:00,35.0,pattern_median,17.5,9000,-,0
P_99e7a22e8ab7152c,BR_TAGO_GGB236000190,BS_TAGO_GGB121000012,BS_TAGO_GGB236000521,BR_TAGO_GGB236000190_Ord001,34,2,1,1165.0,1165.0,1165.0,06:10:00,25:35:00,40.0,pattern_median,582.5,3600,-,0
P_99ebc672ea413061,BR_1100_121900006,BS_1100_121900008,BS_1100_121900155,BR_1100_121900006_Ord001,36,69,68,15.0,15.0,15.0,06:00:00,22:50:00,15.0,pattern_median,7.5,서초11,-,0
P_9a0a9cabd4239ee9,BR_TAGO_GGB210000003,BS_TAGO_GGB210000525,BS_TAGO_GGB212000380,BR_TAGO_GGB210000003_Ord001,42,2,1,1130.0,1130.0,1130.0,05:00:00,23:50:00,8.0,pattern_median,565.0,50-1,-,0
P_9a25fd8aa62a8f22,BR_1100_124000040,BS_1100_124000459,BS_1100_124000002,BR_1100_124000040_Ord001,41,10,9,19.0,17.8,19.0,06:30:00,09:15:00,19.0,pattern_median,9.5,8332,-,0
P_9a31a1b344a3166d,BR_TAGO_GGB234001245,BS_TAGO_GGB101000334,BS_TAGO_GGB233001713,BR_TAGO_GGB234001245_Ord001,8,2,1,1070.3333333333333,1070.3333333333333,1070.3333333333333,06:04:23,23:54:43,5.0,pattern_median,535.1666666666666,M4108,-,0
P_9aff0bf7b45e96b1,BR_1100_117900001,BS_1100_117900120,BS_1100_117000040,BR_1100_117900001_Ord001,38,102,101,11.0,11.0,11.0,05:10:00,23:42:00,11.0,pattern_median,5.5,금천05,-,0
P_9b0aa5f9528826c7,BR_TAGO_GGB204000159,BS_TAGO_GGB205000033,BS_TAGO_GGB205000186,BR_TAGO_GGB204000159_Ord002,80,52,51,20.0,20.0,20.0,05:00:00,22:00:00,20.0,pattern_median,10.0,342,-,0
P_9b271319f99f85f8,BR_TAGO_GGB204000139,BS_TAGO_GGB204000284,BS_TAGO_GGB204000283,BR_TAGO_GGB204000139_Ord002,106,71,70,15.0,15.0,15.0,04:50:00,22:20:00,15.0,pattern_median,7.5,231,-,0
P_9b351e39d95df0c3,RR_ACC1_S-1-GC-1U,RS_ACC1_S-1-1317,RS_ACC1_S-1-1309,RR_ACC1_S-1-GC-1U_Ord001,9,5,4,54.5,15.2,545.3000000000001,05:12:00,19:35:00,21.0,pattern_median,27.25,경춘선,경춘선(청량리-춘천)<상행>,1
P_9b44d74f316d9ae6,RR_ACC1_S-1-KJ-8D,RS_ACC1_S-1-1284,RS_ACC1_S-1-1219,RR_ACC1_S-1-KJ-8D_Ord001,38,1,0,180.0,,,18:16:00,18:16:00,180.0,route_median,90.0,경의중앙선,경의중앙선(문산-용문)(급행)<하행>,1
P_9b46a354405e5f22,BR_1100_100100255,BS_1100_120000198,BS_1100_120000422,BR_1100_100100255_Ord001,30,76,75,14.0,14.0,14.0,06:00:00,23:25:00,14.0,pattern_median,7.0,5519,-,0
P_9b4a4f9691f9be81,BR_1100_100100607,BS_1100_219000131,BS_1100_219000130,BR_1100_100100607_Ord001,61,95,94,12.0,12.0,12.0,04:50:00,23:30:00,12.0,pattern_median,6.0,9711,-,0
P_9b5b70807f4e4ba1,BR_1100_108900008,BS_1100_108900154,BS_1100_108900154,BR_1100_108900008_Ord001,40,113,112,10.0,10.0,10.0,05:17:00,23:50:00,10.0,pattern_median,5.0,강북05,-,0
P_9b71e61122ad9388,RR_ACC1_S-1-KJ-2U,RS_ACC1_S-1-1014,RS_ACC1_S-1-1275,RR_ACC1_S-1-KJ-2U_Ord071,24,1,0,13.0,,,20:56:00,20:56:00,13.0,route_median,6.5,경의중앙선,경의중앙선(문산-지평)<상행>,1
P_9b771891c22d9bc7,RR_ACC1_S-1-4-2U,RS_ACC1_S-1-1759,RS_ACC1_S-1-0409,RR_ACC1_S-1-4-2U_Ord002,45,16,15,35.0,13.8,146.0,05:08:00,20:32:30,7.0,pattern_median,17.5,서울 4호선,서울 4호선(안산-오이도)<상행>,1
P_9b9e0a5ae825fcab,RR_ACC1_S-1-1-4U,RS_ACC1_S-1-1749,RS_ACC1_S-1-0158,RR_ACC1_S-1-1-4U_Ord007,35,8,7,129.0,39.8,246.20000000000002,06:17:00,22:53:00,19.0,pattern_median,64.5,서울 1호선,서울 1호선(광운대-서동탄)<상행>,1
P_9bc23e9fe26be3de,BR_TAGO_GGB229000041,BS_TAGO_GGB115000298,BS_TAGO_GGB229001168,BR_TAGO_GGB229000041_Ord001,73,2,1,1020.0,1020.0,1020.0,06:10:00,23:10:00,15.0,pattern_median,510.0,150,-,0
P_9be97fbefa68a618,RR_ACC1_S-1-7-1U,RS_ACC1_S-1-3763,RS_ACC1_S-1-2719,RR_ACC1_S-1-7-1U_Ord199,45,1,0,5.5,,,23:28:00,23:28:00,5.5,route_median,2.75,서울 7호선,서울 7호선(석남(거북시장)-장암)<상행>,1
P_9bfebe82c8040772,BR_TAGO_GGB210000036,BS_TAGO_GGB118000511,BS_TAGO_GGB212000230,BR_TAGO_GGB210000036_Ord001,56,2,1,1100.0,1100.0,1100.0,05:50:00,24:10:00,10.0,pattern_median,550.0,70-3,-,0
P_9c0c98b6ea268ab5,BR_TAGO_GGB234001241,BS_TAGO_GGB219000179,BS_TAGO_GGB121000009,BR_TAGO_GGB234001241_Ord001,12,1,0,10.0,,,06:00:00,06:00:00,10.0,route_median,5.0,M7412,-,0
P_9c0e137a33b7f14d,BR_TAGO_ICB165000154,BS_TAGO_ICB163000166,BS_TAGO_ICB163000104,BR_TAGO_ICB165000154_Ord002,70,41,40,28.0,28.0,28.0,04:40:00,23:20:00,28.0,pattern_median,14.0,1601,-,0
P_9c2a3eecea139c24,RR_ACC1_S-1-5-2D,RS_ACC1_S-1-2518,RS_ACC1_S-1-2561,RR_ACC1_S-1-5-2D_Ord007,39,1,0,11.5,,,05:37:00,05:37:00,11.5,route_median,5.75,서울 5호선,서울 5호선(방화-마천)<하행>,1
P_9c402f1b2154b398,BR_1100_110900007,BS_1100_110900003,BS_1100_110900041,BR_1100_110900007_Ord001,25,153,152,7.0,7.0,7.0,05:55:00,23:39:00,7.0,pattern_median,3.5,노원08,-,0
P_9c52496800145a9b,BR_TAGO_GGB234001138,BS_TAGO_GGB233001214,BS_TAGO_GGB233001213,BR_TAGO_GGB234001138_Ord002,64,31,30,35.0,35.0,35.0,05:10:00,22:30:00,35.0,pattern_median,17.5,1551,-,0
P_9c78572681c2669c,BR_1100_100100360,BS_1100_111000907,BS_1100_111000002,BR_1100_100100360_Ord001,74,112,111,10.0,10.0,10.0,04:30:00,23:00:00,10.0,pattern_median,5.0,7730,-,0
P_9cc3f08b49a1b592,BR_1100_100100299,BS_1100_114000271,BS_1100_114000267,BR_1100_100100299_Ord001,56,94,93,12.0,12.0,12.0,05:00:00,23:30:00,12.0,pattern_median,6.0,6617,-,0
P_9cfa2fbb636d87e9,BR_TAGO_GGB217000013,BS_TAGO_GGB217000188,BS_TAGO_GGB217000188,BR_TAGO_GGB217000013_Ord002,137,56,55,20.0,20.0,20.0,04:55:00,23:20:00,20.0,pattern_median,10.0,320,-,0
P_9d1b35075163c50a,RR_ACC1_S-1-KJ-2U,RS_ACC1_S-1-1210,RS_ACC1_S-1-1275,RR_ACC1_S-1-KJ-2U_Ord066,35,1,0,13.0,,,19:23:00,19:23:00,13.0,route_median,6.5,경의중앙선,경의중앙선(문산-지평)<상행>,1
P_9d95569346db0959,BR_TAGO_GGB204000070,BS_TAGO_GGB206000010,BS_TAGO_GGB206000011,BR_TAGO_GGB204000070_Ord002,55,55,54,20.0,20.0,20.0,05:00:00,22:50:00,20.0,pattern_median,10.0,9007,-,0
P_9da760f126de0fb7,BR_1100_115000012,BS_1100_115000321,BS_1100_115000320,BR_1100_115000012_Ord001,99,44,43,26.0,26.0,26.0,04:20:00,22:50:00,26.0,pattern_median,13.0,6633,-,0
P_9da886785c45e072,BR_TAGO_GGB233000337,BS_TAGO_GGB123000611,BS_TAGO_GGB233001713,BR_TAGO_GGB233000337_Ord001,16,2,1,49.0,49.0,49.0,17:36:00,18:25:00,49.0,pattern_median,24.5,P9301(퇴근),-,0
P_9da8f46f4a574126,BR_TAGO_GGB213000017,BS_TAGO_GGB224001093,BS_TAGO_GGB224001094,BR_TAGO_GGB213000017_Ord002,138,108,107,10.0,10.0,10.0,05:10:00,22:55:00,10.0,pattern_median,5.0,2,-,0
P_9ddd55299550b48e,RR_ACC1_S-1-7-1D,RS_ACC1_S-1-2711,RS_ACC1_S-1-2737,RR_ACC1_S-1-7-1D_Ord208,27,1,0,4.5,,,23:23:00,23:23:00,4.5,route_median,2.25,서울 7호선,서울 7호선(석남(거북시장)-장암)<하행>,1
P_9e159d0f28fac417,BR_1100_113000003,BS_1100_113000202,BS_1100_113000450,BR_1100_113000003_Ord001,15,51,50,16.0,16.0,16.0,06:30:00,19:54:00,16.0,pattern_median,8.0,8762,-,0
P_9e1c803fdf7fce63,BR_1100_100100495,BS_1100_115000037,BS_1100_115000036,BR_1100_100100495_Ord001,79,75,74,15.0,15.0,15.0,04:30:00,22:50:00,15.0,pattern_median,7.5,672,-,0
P_9e30025ec5d3b651,BR_TAGO_ICB165000160,BS_TAGO_ICB163000510,BS_TAGO_ICB121000920,BR_TAGO_ICB165000160_Ord001,29,1,0,20.0,,,06:20:00,06:20:00,20.0,route_median,10.0,9100,-,0
P_9e7c3948decdbefe,RR_ACC1_S-1-1-1D,RS_ACC1_S-1-1701,RS_ACC1_S-1-1812,RR_ACC1_S-1-1-1D_Ord001,21,7,6,72.0,21.0,247.0,05:00:00,16:20:00,7.5,pattern_median,36.0,서울 1호선,서울 1호선(소요산-인천)<하행>,1
P_9e8da13473065ba7,BR_TAGO_GGB222000026,BS_TAGO_GGB104000064,BS_TAGO_GGB239000429,BR_TAGO_GGB222000026_Ord001,80,2,1,1039.95,1039.95,1039.95,06:22:27,23:42:24,25.0,pattern_median,519.975,93,-,0
P_9e9783dabaffdd82,BR_1100_100100591,BS_1100_124000001,BS_1100_124000002,BR_1100_100100591_Ord001,95,11,10,30.0,28.0,142.9999999999996,00:10:00,23:40:00,30.0,pattern_median,15.0,N30,-,0
P_9eb1b1a91618f01e,BR_TAGO_GGB222000078,BS_TAGO_GGB222000796,BS_TAGO_GGB222000797,BR_TAGO_GGB222000078_Ord002,85,43,42,25.0,25.0,25.0,05:00:00,22:30:00,25.0,pattern_median,12.5,1200,-,0
P_9ec5c4881e8c7984,BR_1100_100100199,BS_1100_104000097,BS_1100_104000116,BR_1100_100100199_Ord001,61,77,76,15.0,15.0,15.0,04:30:00,23:20:00,15.0,pattern_median,7.5,2222,-,0
P_9f49c738bfcf7ff0,BR_TAGO_GGB222000210,BS_TAGO_GGB222001932,BS_TAGO_GGB222000591,BR_TAGO_GGB222000210_Ord002,17,109,108,10.0,10.0,10.0,05:25:23,23:20:26,10.0,pattern_median,5.0,M2353,-,0
P_9f5efa5c42b1101a,BR_TAGO_ICB165000052,BS_TAGO_ICB168001259,BS_TAGO_ICB168001345,BR_TAGO_ICB165000052_Ord002,87,66,65,17.0,17.0,17.0,05:00:00,23:20:00,17.0,pattern_median,8.5,78,-,0
P_9f7aaa7280f00333,RR_ACC1_S-1-7-1D,RS_ACC1_S-1-2731,RS_ACC1_S-1-3763,RR_ACC1_S-1-7-1D_Ord005,33,1,0,4.5,,,05:31:00,05:31:00,4.5,route_median,2.25,서울 7호선,서울 7호선(석남(거북시장)-장암)<하행>,1
P_9f86e48d036ecd6f,BR_TAGO_GGB234000035,BS_TAGO_GGB104000064,BS_TAGO_GGB222000268,BR_TAGO_GGB234000035_Ord001,47,2,1,1050.1,1050.1,1050.1,06:11:52,23:41:58,35.0,pattern_median,525.05,15,-,0
P_9fc39359327ca571,BR_1100_122900005,BS_1100_122900078,BS_1100_122900077,BR_1100_122900005_Ord001,45,98,97,11.0,11.0,11.0,05:30:00,23:10:00,11.0,pattern_median,5.5,강남06,-,0
P_9fcb9616918d79cc,BR_TAGO_GGB229000032,BS_TAGO_GGB207000432,BS_TAGO_GGB207000339,BR_TAGO_GGB229000032_Ord002,116,22,21,50.0,50.0,50.0,05:00:00,22:20:00,50.0,pattern_median,25.0,34,-,0
P_9fd92e0d79253643,RR_ACC1_S-1-KJ-3U,RS_ACC1_S-1-1251,RS_ACC1_S-1-1284,RR_ACC1_S-1-KJ-3U_Ord001,13,8,7,72.0,57.6,111.8,11:34:00,21:11:00,72.0,pattern_median,36.0,경의중앙선,경의중앙선(문산-서울역)(급행)<상행>,1
P_9fec3559d7bb73b3,RR_ACC1_S-1-3-1U,RS_ACC1_S-1-0342,RS_ACC1_S-1-0316,RR_ACC1_S-1-3-1U_Ord205,27,1,0,6.0,,,24:08:30,24:08:30,6.0,route_median,3.0,서울 3호선,서울 3호선(오금-대화)<상행>,1
P_9fee73ef21cc4d12,RR_ACC1_S-1-6-1,RS_ACC1_S-1-2648,RS_ACC1_S-1-2640,RR_ACC1_S-1-6-1_Ord037,221,1,0,8.5,,,17:42:00,17:42:00,8.5,route_median,4.25,서울 6호선,서울 6호선(신내-응암),1
P_a00769a2a1160a8a,BR_1100_121900008,BS_1100_121900135,BS_1100_121900191,BR_1100_121900008_Ord001,28,56,55,18.0,18.0,18.0,06:00:00,22:30:00,18.0,pattern_median,9.0,서초02,-,0
P_a0117efae1a696db,BR_1100_100100051,BS_1100_123000586,BS_1100_123000585,BR_1100_100100051_Ord001,100,140,139,8.0,8.0,8.0,04:00:00,22:30:00,8.0,pattern_median,4.0,301,-,0
P_a03c2a1cd2f99f4c,BR_TAGO_GGB227000019,BS_TAGO_GGB122000742,BS_TAGO_GGB227000260,BR_TAGO_GGB227000019_Ord001,34,2,1,1112.1333333333334,1112.1333333333334,1112.1333333333334,05:31:52,24:04:00,20.0,pattern_median,556.0666666666667,9303,-,0
P_a063e3a5144ae165,BR_TAGO_GGB234000882,BS_TAGO_GGB101000026,BS_TAGO_GGB228000349,BR_TAGO_GGB234000882_Ord001,48,2,1,1050.3,1050.3,1050.3,06:11:02,23:41:20,10.0,pattern_median,525.15,1150,-,0
P_a07a5b080d0c5cba,BR_TAGO_GGB232000006,BS_TAGO_GGB112000054,BS_TAGO_GGB168000673,BR_TAGO_GGB232000006_Ord001,61,2,1,1115.2666666666667,1115.2666666666667,1115.2666666666667,05:41:09,24:16:25,10.0,pattern_median,557.6333333333333,1002,-,0
P_a0931ef728bd546a,BR_TAGO_GGB228000393,BS_TAGO_GGB228001736,BS_TAGO_GGB228001737,BR_TAGO_GGB228000393_Ord002,98,35,34,30.0,30.0,30.0,05:00:00,22:00:00,30.0,pattern_median,15.0,7007-1,-,0
P_a0b514fa6f2077b4,RR_ACC1_S-1-7-1U,RS_ACC1_S-1-2719,RS_ACC1_S-1-2711,RR_ACC1_S-1-7-1U_Ord001,9,1,0,5.5,,,05:30:00,05:30:00,5.5,route_median,2.75,서울 7호선,서울 7호선(석남(거북시장)-장암)<상행>,1
P_a0bab6d580f2b2b0,BR_TAGO_GGB229000023,BS_TAGO_GGB101000128,BS_TAGO_GGB229001199,BR_TAGO_GGB229000023_Ord001,74,2,1,1139.8166666666666,1139.8166666666666,1139.8166666666666,06:11:23,25:11:12,25.0,pattern_median,569.9083333333333,9710,-,0
P_a0e080c5e2220650,BR_TAGO_GGB219000015,BS_TAGO_GGB113000088,BS_TAGO_GGB219000137,BR_TAGO_GGB219000015_Ord001,49,2,1,1080.0,1080.0,1080.0,06:15:00,24:15:00,70.0,pattern_median,540.0,921,-,0
P_a0fbdef44d04f358,BR_TAGO_GGB234000079,BS_TAGO_GGB234000604,BS_TAGO_GGB234000605,BR_TAGO_GGB234000079_Ord002,104,109,108,10.0,10.0,10.0,04:35:00,22:30:00,10.0,pattern_median,5.0,500-1,-,0
P_a1164892a7bf130f,BR_TAGO_GGB227000003,BS_TAGO_GGB227000094,BS_TAGO_GGB227000062,BR_TAGO_GGB227000003_Ord002,165,25,24,45.0,45.0,45.0,04:00:00,21:40:00,45.0,pattern_median,22.5,30,-,0
P_a1508da1c1749f14,BR_1100_116900005,BS_1100_116900249,BS_1100_116900111,BR_1100_116900005_Ord001,30,46,45,24.0,24.0,24.0,05:45:00,23:30:00,24.0,pattern_median,12.0,구로14,-,0
P_a1643ba4e5508c87,BR_TAGO_GGB208000026,BS_TAGO_GGB225000180,BS_TAGO_GGB225000181,BR_TAGO_GGB208000026_Ord002,142,72,71,15.0,15.0,15.0,04:40:00,22:20:00,15.0,pattern_median,7.5,917,-,0
P_a166863eadfc5ccb,BR_1100_100100044,BS_1100_106000319,BS_1100_106000467,BR_1100_100100044_Ord001,136,121,120,9.0,9.0,9.0,04:00:00,22:00:00,9.0,pattern_median,4.5,262,-,0
P_a1a83abf49162cc1,RR_ACC1_S-1-6-1,RS_ACC1_S-1-2643,RS_ACC1_S-1-2648,RR_ACC1_S-1-6-1_Ord010,136,1,0,8.5,,,05:32:00,05:32:00,8.5,route_median,4.25,서울 6호선,서울 6호선(신내-응암),1
P_a1abfb75cd43d978,RR_ACC1_S-1-1-1D,RS_ACC1_S-1-1919,RS_ACC1_S-1-1806,RR_ACC1_S-1-1-1D_Ord071,56,1,0,7.5,,,06:58:00,06:58:00,7.5,route_median,3.75,서울 1호선,서울 1호선(소요산-인천)<하행>,1
P_a1c5837b137405bb,RR_ACC1_S-1-5-1U,RS_ACC1_S-1-2554,RS_ACC1_S-1-2511,RR_ACC1_S-1-5-1U_Ord001,44,12,11,23.0,8.0,36.5,05:30:00,18:21:30,13.0,pattern_median,11.5,서울 5호선,서울 5호선(방화-하남풍산)<상행>,1
P_a1d9887388bad6d0,BR_TAGO_GGB213000011,BS_TAGO_GGB118000198,BS_TAGO_GGB213000402,BR_TAGO_GGB213000011_Ord001,41,2,1,1090.0,1090.0,1090.0,05:50:00,24:00:00,10.0,pattern_median,545.0,11-2,-,0
P_a1eb2d497ea04e20,BR_TAGO_GGB233000125,BS_TAGO_GGB233002226,BS_TAGO_GGB233002213,BR_TAGO_GGB233000125_Ord002,82,28,27,40.0,40.0,40.0,04:50:00,22:40:00,40.0,pattern_median,20.0,1008,-,0
P_a1f9c638ec0fc5f3,BR_TAGO_GGB210000002,BS_TAGO_GGB212000011,BS_TAGO_GGB212000106,BR_TAGO_GGB210000002_Ord002,107,223,222,5.0,5.0,5.0,05:00:00,23:30:00,5.0,pattern_median,2.5,12-1,-,0
P_a25c3718267b049f,BR_TAGO_GGB229000097,BS_TAGO_GGB118000511,BS_TAGO_GGB229001663,BR_TAGO_GGB229000097_Ord001,30,2,1,1075.0,1075.0,1075.0,06:15:00,24:10:00,10.0,pattern_median,537.5,9030,-,0
P_a25e577528b15324,BR_TAGO_ICB168000005,BS_TAGO_ICB163000215,BS_TAGO_ICB163000215,BR_TAGO_ICB168000005_Ord002,32,44,43,25.0,25.0,25.0,05:00:00,23:00:00,25.0,pattern_median,12.5,M6439,-,0
P_a29674f0316faf4e,BR_1100_117000002,BS_1100_117000132,BS_1100_117000920,BR_1100_117000002_Ord001,154,8,7,35.0,31.0,503.0000000000004,00:15:00,23:40:00,35.0,pattern_median,17.5,N51,-,0
P_a2a37c719755f92f,BR_TAGO_GGB239000110,BS_TAGO_GGB105000028,BS_TAGO_GGB239000607,BR_TAGO_GGB239000110_Ord001,87,2,1,1110.0,1110.0,1110.0,06:40:00,25:10:00,60.0,pattern_median,555.0,1330-2,-,0
P_a2b842c6482e46ef,BR_1100_100100190,BS_1100_106000319,BS_1100_106000467,BR_1100_100100190_Ord001,82,141,140,8.0,8.0,8.0,04:30:00,23:10:00,8.0,pattern_median,4.0,2015,-,0
P_a2b8d4344e2fd0a7,BR_TAGO_GGB204000029,BS_TAGO_GGB205000218,BS_TAGO_GGB205000216,BR_TAGO_GGB204000029_Ord002,110,35,34,30.0,30.0,30.0,05:00:00,22:00:00,30.0,pattern_median,15.0,200,-,0
P_a306ded014dcef85,BR_1100_100100053,BS_1100_205000233,BS_1100_205000234,BR_1100_100100053_Ord001,106,123,122,9.0,9.0,9.0,04:00:00,22:20:00,9.0,pattern_median,4.5,303,-,0
P_a32108f5caabc8c7,RR_ACC1_S-1-GC-1D,RS_ACC1_S-1-1309,RS_ACC1_S-1-1329,RR_ACC1_S-1-GC-1D_Ord002,21,36,35,25.0,17.8,52.6,05:10:00,23:16:00,23.0,pattern_median,12.5,경춘선,경춘선(청량리-춘천)<하행>,1
P_a3653dd97e874587,BR_1100_100100081,BS_1100_120000043,BS_1100_120000042,BR_1100_100100081_Ord001,99,78,77,14.0,14.0,14.0,04:30:00,22:30:00,14.0,pattern_median,7.0,506,-,0
P_a36dd90184c413de,RR_ACC1_S-1-3-1U,RS_ACC1_S-1-0342,RS_ACC1_S-1-0310,RR_ACC1_S-1-3-1U_Ord011,33,58,57,12.0,8.5,27.7,07:06:00,23:53:00,6.0,pattern_median,6.0,서울 3호선,서울 3호선(오금-대화)<상행>,1
P_a38700f77fcec95b,BR_TAGO_GGB216000046,BS_TAGO_GGB118000070,BS_TAGO_GGB233003144,BR_TAGO_GGB216000046_Ord001,32,2,1,1084.0166666666667,1084.0166666666667,1084.0166666666667,07:13:25,25:17:26,10.0,pattern_median,542.0083333333333,5609,-,0
P_a3d0a04e4c9270e1,RR_ACC1_S-1-3-1D,RS_ACC1_S-1-0310,RS_ACC1_S-1-0339,RR_ACC1_S-1-3-1D_Ord078,30,15,14,29.75,8.0,93.65000000000002,08:11:30,24:02:00,6.0,pattern_median,14.875,서울 3호선,서울 3호선(오금-대화)<하행>,1
P_a3ff54921a2afb30,BR_TAGO_GGB212000003,BS_TAGO_GGB118000074,BS_TAGO_GGB211000169,BR_TAGO_GGB212000003_Ord001,39,2,1,1125.0,1125.0,1125.0,05:10:00,23:55:00,5.0,pattern_median,562.5,10,-,0
P_a405a1892a49dff3,BR_3100_241312019,BS_TAGO_GGB218000600,BS_TAGO_GGB218000599,BR_3100_241312019_Ord001,25,35,34,30.0,30.0,30.0,05:50:00,22:30:00,30.0,pattern_median,15.0,054,-,0
P_a44444210c138db5,BR_TAGO_GGB229000263,BS_TAGO_GGB229000746,BS_TAGO_GGB229001168,BR_TAGO_GGB229000263_Ord002,142,48,47,25.0,25.0,25.0,04:50:00,24:25:00,25.0,pattern_median,12.5,9709,-,0
P_a445e11a393766c6,BR_TAGO_GGB235000092,BS_TAGO_GGB235000117,BS_TAGO_GGB235000133,BR_TAGO_GGB235000092_Ord002,22,73,72,15.0,14.951666666666666,15.014999999999999,05:06:00,22:56:02,15.0,pattern_median,7.5,G1300,-,0
P_a44e5ed42baa8f0f,BR_1100_116900013,BS_1100_116900097,BS_1100_116900194,BR_1100_116900013_Ord001,19,155,154,7.0,7.0,7.0,05:45:00,23:40:00,7.0,pattern_median,3.5,구로01,-,0
P_a45a4bdc3f39b702,BR_TAGO_GGB210000049,BS_TAGO_GGB211000305,BS_TAGO_GGB211000305,BR_TAGO_GGB210000049_Ord002,127,95,94,12.0,12.0,12.0,05:00:00,23:45:00,12.0,pattern_median,6.0,56-1,-,0
P_a45bbeee56cf326f,BR_1100_123900002,BS_1100_123900039,BS_1100_123900042,BR_1100_123900002_Ord001,28,50,49,21.0,21.0,21.0,06:00:00,23:00:00,21.0,pattern_median,10.5,송파02,-,0
P_a469b51bd18303ff,RR_ACC1_S-1-SD-5D,RS_ACC1_S-1-1013,RS_ACC1_S-1-1891,RR_ACC1_S-1-SD-5D_Ord001,62,43,42,22.0,11.1,36.9,05:29:00,21:33:00,22.0,pattern_median,11.0,수인분당선,수인분당선(왕십리-인천)<하행>,1
P_a46ba317f2b0396b,BR_1100_116900014,BS_1100_116900107,BS_1100_116900194,BR_1100_116900014_Ord001,20,121,120,9.0,9.0,9.0,05:45:00,23:40:00,9.0,pattern_median,4.5,구로02,-,0
P_a46e159fc49c0562,BR_TAGO_GGB234001286,BS_TAGO_GGB101000333,BS_TAGO_GGB203000286,BR_TAGO_GGB234001286_Ord001,9,2,1,1060.4,1060.4,1060.4,06:16:43,23:57:07,20.0,pattern_median,530.2,M5115,-,0
P_a482ae053bad3f58,BR_TAGO_GGB229000017,BS_TAGO_GGB118000019,BS_TAGO_GGB219000645,BR_TAGO_GGB229000017_Ord001,33,2,1,1084.8666666666666,1084.8666666666666,1084.8666666666666,05:37:56,23:42:48,70.0,pattern_median,542.4333333333333,830,-,0
P_a4b0c8d835d5f08f,BR_TAGO_GGB227000036,BS_TAGO_GGB227000261,BS_TAGO_GGB227000260,BR_TAGO_GGB227000036_Ord002,90,89,88,12.0,12.0,12.0,05:02:02,22:31:48,12.0,pattern_median,6.0,87,-,0
P_a4b33ad31fb7f28b,BR_1100_100100048,BS_1100_106000089,BS_1100_106000090,BR_1100_100100048_Ord001,94,184,183,6.0,6.0,6.0,04:15:00,22:30:00,6.0,pattern_median,3.0,272,-,0
P_a4b9270265047c05,BR_3100_241312020,BS_TAGO_GGB218001003,BS_TAGO_GGB218001003,BR_3100_241312020_Ord001,26,23,22,45.0,45.0,45.0,06:00:00,22:25:00,45.0,pattern_median,22.5,064,-,0
P_a4c52177810d6b38,BR_TAGO_GGB212000003,BS_TAGO_GGB211000301,BS_TAGO_GGB211000169,BR_TAGO_GGB212000003_Ord002,75,226,225,5.0,5.0,5.0,04:30:00,23:15:00,5.0,pattern_median,2.5,10,-,0
P_a4cb4b8fe8bb3ccb,RR_ACC1_S-1-1-1D,RS_ACC1_S-1-1006,RS_ACC1_S-1-1812,RR_ACC1_S-1-1-1D_Ord062,23,2,1,21.0,21.0,21.0,05:05:00,05:26:00,7.5,pattern_median,10.5,서울 1호선,서울 1호선(소요산-인천)<하행>,1
P_a4e8f801c313f6b8,RR_ACC1_S-1-6-1,RS_ACC1_S-1-2614,RS_ACC1_S-1-2648,RR_ACC1_S-1-6-1_Ord009,106,1,0,8.5,,,05:32:00,05:32:00,8.5,route_median,4.25,서울 6호선,서울 6호선(신내-응암),1
P_a5078fcdb5c1a82a,BR_TAGO_GGB227000040,BS_TAGO_GGB227000261,BS_TAGO_GGB227000260,BR_TAGO_GGB227000040_Ord002,40,56,55,20.0,20.0,20.0,05:00:54,23:20:54,20.0,pattern_median,10.0,9304,-,0
P_a509ace79024f0c9,BR_TAGO_GGB234001742,BS_TAGO_GGB121000005,BS_TAGO_GGB214002018,BR_TAGO_GGB234001742_Ord001,12,2,1,1080.65,1080.65,1080.65,06:44:01,24:44:40,10.0,pattern_median,540.325,5401,-,0
P_a5371a8a703889f5,BR_1100_100100592,BS_1100_109000406,BS_1100_109000408,BR_1100_100100592_Ord001,131,11,10,25.0,23.5,142.99999999999957,00:15:00,23:50:00,25.0,pattern_median,12.5,N16,-,0
P_a53b4a96de925e98,BR_TAGO_GGB207000026,BS_TAGO_GGB108000004,BS_TAGO_GGB235001155,BR_TAGO_GGB207000026_Ord001,82,2,1,1031.4666666666667,1031.4666666666667,1031.4666666666667,06:44:41,23:56:09,20.0,pattern_median,515.7333333333333,133,-,0
P_a569de4804e4bd2a,BR_1100_100100406,BS_1100_229001697,BS_1100_229001663,BR_1100_100100406_Ord001,50,31,30,40.0,40.0,40.0,00:20:00,23:40:00,40.0,pattern_median,20.0,9714,-,0
P_a58b8b3acc6cfebc,BR_1100_112900007,BS_1100_112900005,BS_1100_112900146,BR_1100_112900007_Ord001,32,57,56,18.0,18.0,18.0,06:00:00,22:45:00,18.0,pattern_median,9.0,서대문06,-,0
P_a5cdd6da7a5656bf,BR_1100_100100021,BS_1100_109000068,BS_1100_109000228,BR_1100_100100021_Ord001,106,126,125,9.0,9.0,9.0,04:00:00,22:45:00,9.0,pattern_median,4.5,142,-,0
P_a5fe50b8013d2878,BR_1100_100100228,BS_1100_123000337,BS_1100_123000198,BR_1100_100100228_Ord001,64,95,94,12.0,12.0,12.0,04:40:00,23:30:00,12.0,pattern_median,6.0,3416,-,0
P_a5ff3aa48a7ce4f3,BR_TAGO_GGB210000109,BS_TAGO_GGB211000298,BS_TAGO_GGB211000298,BR_TAGO_GGB210000109_Ord002,41,45,44,23.0,23.0,23.0,05:10:00,22:00:00,23.0,pattern_median,11.5,99,-,0
P_a60e3f9f976006f0,BR_TAGO_GGB234001708,BS_TAGO_GGB121000007,BS_TAGO_GGB223000295,BR_TAGO_GGB234001708_Ord001,23,2,1,960.7,960.7,960.7,07:02:40,23:03:22,70.0,pattern_median,480.35,1552,-,0
P_a6450edad1cd704f,RR_ACC1_S-1-9-2U,RS_ACC1_S-1-4120,RS_ACC1_S-1-4138,RR_ACC1_S-1-9-2U_Ord003,19,1,0,11.0,,,05:30:00,05:30:00,11.0,route_median,5.5,서울 9호선,서울 9호선(개화-중앙보훈병원)<상행>,1
P_a651139a640d0f85,BR_TAGO_GGB234000995,BS_TAGO_GGB233001448,BS_TAGO_GGB121000009,BR_TAGO_GGB234000995_Ord001,9,1,0,40.0,,,06:00:00,06:00:00,40.0,route_median,20.0,M4403,-,0
P_a697a56fe215bb99,BR_TAGO_GGB234000041,BS_TAGO_GGB222000800,BS_TAGO_GGB222000799,BR_TAGO_GGB234000041_Ord002,199,33,32,30.0,30.0,30.0,05:20:00,21:20:00,30.0,pattern_median,15.0,330-1,-,0
P_a6bc5491a9c5da14,BR_TAGO_GGB233000355,BS_TAGO_GGB201000430,BS_TAGO_GGB101000006,BR_TAGO_GGB233000355_Ord001,10,2,1,30.0,30.0,30.0,06:40:00,07:10:00,30.0,pattern_median,15.0,P9110(출근),-,0
P_a6d64347d21705b2,BR_TAGO_GGB228000174,BS_TAGO_GGB101000026,BS_TAGO_GGB228000192,BR_TAGO_GGB228000174_Ord001,38,2,1,629.1,629.1,629.1,13:51:36,24:20:42,10.0,pattern_median,314.55,5000B,-,0
P_a6f0fa409df35137,BR_TAGO_GGB222000111,BS_TAGO_GGB104000064,BS_TAGO_GGB222000653,BR_TAGO_GGB222000111_Ord001,84,2,1,969.65,969.65,969.65,06:22:47,22:32:26,60.0,pattern_median,484.825,9-1,-,0
P_a7131b8f6b910b04,BR_TAGO_GGB218000105,BS_TAGO_GGB113000199,BS_TAGO_GGB219000668,BR_TAGO_GGB218000105_Ord001,13,2,1,1140.4833333333333,1140.4833333333333,1140.4833333333333,06:31:53,25:32:22,8.0,pattern_median,570.2416666666667,M7731,-,0
P_a736d695a0829802,BR_1100_100100586,BS_1100_115000321,BS_1100_115000320,BR_1100_100100586_Ord001,130,11,10,20.0,20.0,20.5,00:00:00,03:25:00,20.0,pattern_median,10.0,N26,-,0
P_a769d8d9e46f1d01,BR_1100_118900004,BS_1100_118900004,BS_1100_118900121,BR_1100_118900004_Ord001,35,86,85,12.0,12.0,12.0,06:00:00,23:00:00,12.0,pattern_median,6.0,영등포02,-,0
P_a77be19514a8bb05,BR_1100_111000014,BS_1100_111001112,BS_1100_111001113,BR_1100_111000014_Ord001,79,90,89,13.0,13.0,13.0,04:00:00,23:20:00,13.0,pattern_median,6.5,761,-,0
P_a7b128120031da1c,BR_1100_117900008,BS_1100_117900113,BS_1100_117900148,BR_1100_117900008_Ord001,30,279,278,4.0,4.0,4.0,05:20:00,23:50:00,4.0,pattern_median,2.0,금천01,-,0
P_a82f7b3ccd013065,BR_1100_100100450,BS_1100_111000907,BS_1100_111000224,BR_1100_100100450_Ord001,79,113,112,10.0,10.0,10.0,04:30:00,23:10:00,10.0,pattern_median,5.0,7011,-,0
P_a84713f950a57304,BR_TAGO_GGB210000013,BS_TAGO_GGB115000571,BS_TAGO_GGB211000220,BR_TAGO_GGB210000013_Ord001,53,2,1,1115.0,1115.0,1115.0,05:25:00,24:00:00,13.0,pattern_median,557.5,3,-,0
P_a8741c80dde2c8f9,BR_1100_100100258,BS_1100_120000233,BS_1100_120000110,BR_1100_100100258_Ord001,54,87,86,13.0,13.0,13.0,05:00:00,23:30:00,13.0,pattern_median,6.5,5522B호암,-,0
P_a8795d30ca597b3e,RR_ACC1_S-1-5-2U,RS_ACC1_S-1-2561,RS_ACC1_S-1-2541,RR_ACC1_S-1-5-2U_Ord096,16,2,1,51.0,51.0,51.0,23:38:00,24:29:00,13.0,pattern_median,25.5,서울 5호선,서울 5호선(방화-마천)<상행>,1
P_a8a730f6cfd69058,BR_1100_122900010,BS_1100_122900074,BS_1100_122900089,BR_1100_122900010_Ord001,24,52,51,20.0,20.0,20.0,06:00:00,23:01:00,20.0,pattern_median,10.0,강남06-2,-,0
P_a8f85b195d62211b,BR_TAGO_ICB165000146,BS_TAGO_ICB112000170,BS_TAGO_ICB168001069,BR_TAGO_ICB165000146_Ord001,35,2,1,1120.0,1120.0,1120.0,06:10:00,24:50:00,30.0,pattern_median,560.0,1100,-,0
P_a901539342788e7c,BR_TAGO_GGB222000009,BS_TAGO_GGB222000652,BS_TAGO_GGB222000653,BR_TAGO_GGB222000009_Ord002,172,90,89,13.0,13.0,13.0,04:30:36,23:40:45,13.0,pattern_median,6.5,9,-,0
P_a906f802acc71d36,RR_ACC1_S-1-2-3D,RS_ACC1_S-1-0211,RS_ACC1_S-1-0202,RR_ACC1_S-1-2-3D_Ord037,207,1,0,7.0,,,17:44:00,17:44:00,7.0,route_median,3.5,서울 2호선,서울 2호선(본선)<내선>,1
P_a90b5ebeef7bfaa1,BR_TAGO_GGB212000001,BS_TAGO_GGB212000232,BS_TAGO_GGB212000230,BR_TAGO_GGB212000001_Ord002,154,289,288,4.0,4.0,4.0,03:50:00,23:00:00,4.0,pattern_median,2.0,88,-,0
P_a90eadef0410eea2,BR_TAGO_GGB222000181,BS_TAGO_GGB107000057,BS_TAGO_GGB221000047,BR_TAGO_GGB222000181_Ord137,33,1,0,8.0,,,23:50:00,23:50:00,8.0,route_median,4.0,76,-,0
P_a913053e2b842d13,BR_1100_107900006,BS_1100_107900284,BS_1100_107900182,BR_1100_107900006_Ord001,23,104,103,11.0,11.0,11.0,00:01:00,23:50:00,11.0,pattern_median,5.5,성북09,-,0
P_a91510b5700e2a73,RR_ACC1_S-1-KJ-2D,RS_ACC1_S-1-1003,RS_ACC1_S-1-1210,RR_ACC1_S-1-KJ-2D_Ord068,19,1,0,13.0,,,20:15:00,20:15:00,13.0,route_median,6.5,경의중앙선,경의중앙선(문산-지평)<하행>,1
P_a94cedf40f35b609,RR_ACC1_S-1-SB-1U,RS_ACC1_S-1-4312,RS_ACC1_S-1-0327,RR_ACC1_S-1-SB-1U_Ord002,9,2,1,9.35,9.35,9.35,05:30:00,05:39:21,7.0,pattern_median,4.675,신분당선,신분당선(광교(경기대)-신사)<상행>,1
P_a97795cfb0285337,BR_1100_100100279,BS_1100_225000180,BS_1100_225000181,BR_1100_100100279_Ord001,120,123,122,9.0,9.0,9.0,04:00:00,22:20:00,9.0,pattern_median,4.5,5623,-,0
P_a980ec4858043d79,BR_1100_119900003,BS_1100_119000288,BS_1100_121000530,BR_1100_119900003_Ord001,12,54,53,20.0,20.0,20.0,06:00:00,23:30:00,20.0,pattern_median,10.0,서초05,-,0
P_a9944be7a108c4ef,BR_TAGO_GGB200000325,BS_TAGO_GGB121000971,BS_TAGO_GGB201000447,BR_TAGO_GGB200000325_Ord001,9,2,1,1069.4833333333333,1069.4833333333333,1069.4833333333333,06:45:29,24:34:58,20.0,pattern_median,534.7416666666667,M5443,-,0
P_a9a67cdcb236e779,BR_TAGO_GGB213000016,BS_TAGO_GGB208000037,BS_TAGO_GGB213000070,BR_TAGO_GGB213000016_Ord001,37,2,1,1094.6833333333334,1094.6833333333334,1094.6833333333334,05:46:29,24:01:10,6.0,pattern_median,547.3416666666667,101,-,0
P_a9ae2ce53af3e7d2,BR_TAGO_GGB222000075,BS_TAGO_GGB222000652,BS_TAGO_GGB222000653,BR_TAGO_GGB222000075_Ord002,139,136,135,8.0,8.0,8.0,04:55:34,22:55:43,8.0,pattern_median,4.0,2000,-,0
P_a9c2363db9193983,BR_3100_241461005,BS_TAGO_GGB232000703,BS_TAGO_GGB232000703,BR_3100_241461005_Ord001,15,6,5,117.0,117.0,117.0,07:30:00,17:15:00,117.0,pattern_median,58.5,16-1,-,0
P_a9db981ff46f1b4d,BR_TAGO_GGB208000068,BS_TAGO_GGB208000108,BS_TAGO_GGB208000099,BR_TAGO_GGB208000068_Ord001,18,57,56,20.0,20.0,20.0,04:50:00,23:30:00,20.0,pattern_median,10.0,M5556,-,0
P_aa1e666474c5ac7d,RR_ACC1_S-1-1-3U,RS_ACC1_S-1-1750,RS_ACC1_S-1-1006,RR_ACC1_S-1-1-3U_Ord001,7,20,19,57.0,34.8,73.0,06:30:00,23:39:00,57.0,pattern_median,28.5,서울 1호선,서울 1호선(영등포-광명)<상행>,1
P_aa5ed09652925811,BR_1100_110900002,BS_1100_110900001,BS_1100_110900031,BR_1100_110900002_Ord001,29,73,72,15.0,15.0,15.0,05:50:00,23:50:00,15.0,pattern_median,7.5,노원11,-,0
P_aa8f0fdc04d6dee5,RR_ACC1_S-1-1-4U,RS_ACC1_S-1-1716,RS_ACC1_S-1-1019,RR_ACC1_S-1-1-4U_Ord001,39,4,3,139.0,43.8,490.2,05:02:00,17:19:00,19.0,pattern_median,69.5,서울 1호선,서울 1호선(광운대-서동탄)<상행>,1
P_aac9930003a6d814,RR_ACC1_S-1-2-3U,RS_ACC1_S-1-0211,RS_ACC1_S-1-0202,RR_ACC1_S-1-2-3U_Ord038,225,1,0,5.5,,,17:12:00,17:12:00,5.5,route_median,2.75,서울 2호선,서울 2호선(본선)<외선>,1
P_aafe0d9fdc4c5ebd,BR_TAGO_GGB234001290,BS_TAGO_GGB121000007,BS_TAGO_GGB233001213,BR_TAGO_GGB234001290_Ord001,33,2,1,1039.95,1039.95,1039.95,06:32:38,23:52:35,30.0,pattern_median,519.975,1551B,-,0
P_ab059dc8691d2916,BR_1100_100100218,BS_1100_123000171,BS_1100_123000170,BR_1100_100100218_Ord001,90,65,64,17.0,17.0,17.0,04:30:00,22:40:00,17.0,pattern_median,8.5,3220,-,0
P_ab26077d6e5c04fb,RR_ACC1_S-1-SD-10D,RS_ACC1_S-1-1014,RS_ACC1_S-1-1862,RR_ACC1_S-1-SD-10D_Ord001,25,6,5,119.0,74.0,211.2,07:48:00,19:04:00,119.0,pattern_median,59.5,수인분당선,수인분당선(청량리-죽전)<하행>,1
P_ab34c859df9240be,BR_TAGO_GGB210000009,BS_TAGO_GGB116000449,BS_TAGO_GGB210000467,BR_TAGO_GGB210000009_Ord001,34,2,1,1110.6666666666667,1110.6666666666667,1110.6666666666667,05:31:06,24:01:46,9.0,pattern_median,555.3333333333334,52,-,0
P_ab3586a9d3cd684c,RR_ACC1_S-1-9-2U,RS_ACC1_S-1-4125,RS_ACC1_S-1-4138,RR_ACC1_S-1-9-2U_Ord002,14,1,0,11.0,,,05:30:00,05:30:00,11.0,route_median,5.5,서울 9호선,서울 9호선(개화-중앙보훈병원)<상행>,1
P_ab845d377782574b,BR_TAGO_GGB200000326,BS_TAGO_GGB201000448,BS_TAGO_GGB121000921,BR_TAGO_GGB200000326_Ord001,11,2,1,90.0,90.0,90.0,06:20:24,07:50:24,90.0,pattern_median,45.0,M5443(예약),-,0
P_abdb7d38c80e6f20,BR_TAGO_ICB165000164,BS_TAGO_ICB168001259,BS_TAGO_ICB168001345,BR_TAGO_ICB165000164_Ord002,76,57,56,20.0,20.0,20.0,05:00:00,23:40:00,20.0,pattern_median,10.0,9501,-,0
P_abe912d5d8d04217,BR_TAGO_GGB234001695,BS_TAGO_GGB122000096,BS_TAGO_GGB234001048,BR_TAGO_GGB234001695_Ord001,17,2,1,1050.0,1050.0,1050.0,06:10:00,23:40:00,15.0,pattern_median,525.0,G3202,-,0
P_abf1fc6216dd060e,BR_1100_100100265,BS_1100_225000180,BS_1100_225000181,BR_1100_100100265_Ord001,110,138,137,8.0,8.0,8.0,04:20:00,22:30:00,8.0,pattern_median,4.0,5531,-,0
P_ac0dd2fe8bf3f8a0,BR_1100_100100358,BS_1100_219000698,BS_1100_219000699,BR_1100_100100358_Ord001,108,93,92,12.0,12.0,12.0,04:30:00,22:50:00,12.0,pattern_median,6.0,7727,-,0
P_ac38df9ff697f531,BR_3100_241408002,BS_TAGO_GGB227000086,BS_TAGO_GGB227000073,BR_3100_241408002_Ord001,85,18,17,60.0,60.0,60.0,05:30:00,22:20:00,60.0,pattern_median,30.0,3,-,0
P_ac4b9ebc9ce34949,BR_1100_109900007,BS_1100_109900104,BS_1100_109900050,BR_1100_109900007_Ord001,20,94,93,12.0,12.0,12.0,00:08:00,23:54:00,12.0,pattern_median,6.0,도봉03,-,0
P_ac6c4463c0bc3bd8,RR_ACC1_S-1-SB-1U,RS_ACC1_S-1-4311,RS_ACC1_S-1-0327,RR_ACC1_S-1-SB-1U_Ord102,8,1,0,7.0,,,17:13:21,17:13:21,7.0,route_median,3.5,신분당선,신분당선(광교(경기대)-신사)<상행>,1
P_ac8169d7df22e6fb,RR_ACC1_S-1-4-1U,RS_ACC1_S-1-1762,RS_ACC1_S-1-0409,RR_ACC1_S-1-4-1U_Ord001,42,4,3,17.0,14.6,43.4,06:42:00,08:03:00,17.0,pattern_median,8.5,서울 4호선,서울 4호선(당고개-오이도)(급행)<상행>,1
P_acdd82d2a230edef,BR_TAGO_GGB234000042,BS_TAGO_GGB104000064,BS_TAGO_GGB228003584,BR_TAGO_GGB234000042_Ord001,59,2,1,1040.0,1040.0,1040.0,06:30:00,23:50:00,20.0,pattern_median,520.0,1113,-,0
P_acde650e6aaffa02,BR_TAGO_GGB233000258,BS_TAGO_GGB233002472,BS_TAGO_GGB233002471,BR_TAGO_GGB233000258_Ord001,51,36,35,30.0,30.0,30.0,05:15:00,22:50:00,30.0,pattern_median,15.0,8156,-,0
P_acfad0d4850a15b6,BR_TAGO_GGB232000071,BS_TAGO_GGB112000170,BS_TAGO_GGB232000809,BR_TAGO_GGB232000071_Ord001,13,2,1,1119.4333333333334,1119.4333333333334,1119.4333333333334,05:43:50,24:23:16,15.0,pattern_median,559.7166666666667,M6117,-,0
P_ad1e44550288161d,BR_1100_119900018,BS_1100_119900082,BS_1100_119900082,BR_1100_119900018_Ord001,21,89,88,12.0,12.0,12.0,05:45:00,23:17:00,12.0,pattern_median,6.0,동작07,-,0
P_ad3bd2b9bfa944e6,RR_ACC1_S-1-8-1U,RS_ACC1_S-1-2827,RS_ACC1_S-1-2815,RR_ACC1_S-1-8-1U_Ord146,14,1,0,8.5,,,24:35:00,24:35:00,8.5,route_median,4.25,서울 8호선,서울 8호선(모란-암사)<상행>,1
P_ad3e8c0ec0a934bf,BR_TAGO_GGB210000037,BS_TAGO_GGB211000219,BS_TAGO_GGB211000220,BR_TAGO_GGB210000037_Ord002,92,110,109,10.0,10.0,10.0,04:50:00,23:00:00,10.0,pattern_median,5.0,71,-,0
P_ad4e420020cb43fd,RR_ACC1_S-1-1-1U,RS_ACC1_S-1-1812,RS_ACC1_S-1-1701,RR_ACC1_S-1-1-1U_Ord043,21,7,6,37.0,17.5,354.0,10:06:00,23:43:00,8.0,pattern_median,18.5,서울 1호선,서울 1호선(소요산-인천)<상행>,1
P_adcedddccfce2b75,RR_ACC1_S-1-1-1U,RS_ACC1_S-1-1019,RS_ACC1_S-1-1906,RR_ACC1_S-1-1-1U_Ord105,10,3,2,316.5,141.7,491.3,06:29:00,17:02:00,8.0,pattern_median,158.25,서울 1호선,서울 1호선(소요산-인천)<상행>,1
P_ae2647711d242a37,RR_ACC1_S-1-7-1D,RS_ACC1_S-1-2711,RS_ACC1_S-1-2731,RR_ACC1_S-1-7-1D_Ord211,21,1,0,4.5,,,24:04:00,24:04:00,4.5,route_median,2.25,서울 7호선,서울 7호선(석남(거북시장)-장암)<하행>,1
P_ae30e43a0e81d165,BR_TAGO_GGB232000067,BS_TAGO_GGB232000764,BS_TAGO_GGB232000776,BR_TAGO_GGB232000067_Ord002,128,113,112,10.0,10.0,10.0,04:00:00,22:40:00,10.0,pattern_median,5.0,388,-,0
P_ae4fbd28b3dcdcf9,BR_1100_119900019,BS_1100_119900077,BS_1100_119900003,BR_1100_119900019_Ord001,11,133,132,8.0,8.0,8.0,06:00:00,23:30:00,8.0,pattern_median,4.0,동작09,-,0
P_ae53f1efc81ae7ae,BR_TAGO_GGB236000063,BS_TAGO_GGB236001170,BS_TAGO_GGB236001170,BR_TAGO_GGB236000063_Ord002,95,30,29,35.0,35.0,35.0,04:40:00,21:40:00,35.0,pattern_median,17.5,1386,-,0
P_ae5d11fc86670ff8,BR_TAGO_GGB200000297,BS_TAGO_GGB203000068,BS_TAGO_GGB101000006,BR_TAGO_GGB200000297_Ord001,10,2,1,30.0,30.0,30.0,07:20:00,07:50:00,30.0,pattern_median,15.0,8800예약,-,0
P_ae6cfee3166d12e7,BR_1100_102900003,BS_1100_102900009,BS_1100_102900086,BR_1100_102900003_Ord001,24,77,76,13.0,13.0,13.0,06:00:00,22:30:00,13.0,pattern_median,6.5,용산01,-,0
P_ae75588444819cd3,BR_1100_116900018,BS_1100_116000381,BS_1100_116900218,BR_1100_116900018_Ord001,34,108,107,10.0,10.0,10.0,06:00:00,23:50:00,10.0,pattern_median,5.0,양천04,-,0
P_aea3564ae88df547,RR_ACC1_S-1-1-1U,RS_ACC1_S-1-0150,RS_ACC1_S-1-1906,RR_ACC1_S-1-1-1U_Ord136,24,2,1,20.0,20.0,20.0,05:24:00,05:44:00,8.0,pattern_median,10.0,서울 1호선,서울 1호선(소요산-인천)<상행>,1
P_aea3bd8e46f8342d,BR_TAGO_GGB218000001,BS_TAGO_GGB218000494,BS_TAGO_GGB218000497,BR_TAGO_GGB218000001_Ord002,147,88,87,12.0,12.0,12.0,05:00:00,22:20:00,12.0,pattern_median,6.0,85,-,0
P_aeb63741185219c9,BR_1100_100100089,BS_1100_114000270,BS_1100_114000265,BR_1100_100100089_Ord001,85,88,87,13.0,13.0,13.0,04:00:00,22:50:00,13.0,pattern_median,6.5,604,-,0
P_aeef7fcfd40eed9c,BR_TAGO_GGB232000025,BS_TAGO_GGB232000629,BS_TAGO_GGB232000529,BR_TAGO_GGB232000025_Ord002,139,93,92,12.0,12.0,12.0,04:10:00,22:30:00,12.0,pattern_median,6.0,60-3,-,0
P_aef36c8306b590a6,RR_ACC1_S-1-2-3D,RS_ACC1_S-1-0202,RS_ACC1_S-1-0211,RR_ACC1_S-1-2-3D_Ord001,139,1,0,7.0,,,05:30:00,05:30:00,7.0,route_median,3.5,서울 2호선,서울 2호선(본선)<내선>,1
P_af2e874f3bd1e04c,RR_ACC1_S-1-SD-2U,RS_ACC1_S-1-1873,RS_ACC1_S-1-1014,RR_ACC1_S-1-SD-2U_Ord001,30,1,0,18.0,,,08:05:00,08:05:00,,global_median,9.0,수인분당선,수인분당선(청량리-고색)(급행)<상행>,1
P_af3cb02e52ad1af6,BR_TAGO_GGB229000028,BS_TAGO_GGB229001697,BS_TAGO_GGB229001663,BR_TAGO_GGB229000028_Ord002,120,73,72,15.0,15.0,15.0,05:00:00,23:00:00,15.0,pattern_median,7.5,200,-,0
P_af3d625ddcbbba67,BR_TAGO_GGB200000274,BS_TAGO_GGB201000118,BS_TAGO_GGB201000199,BR_TAGO_GGB200000274_Ord002,38,59,58,15.0,15.0,15.0,07:00:00,21:30:00,15.0,pattern_median,7.5,3008,-,0
P_af43f4bd24daa637,BR_1100_112900002,BS_1100_112900261,BS_1100_112900261,BR_1100_112900002_Ord001,19,103,102,10.0,10.0,10.0,06:00:00,23:00:00,10.0,pattern_median,5.0,서대문12,-,0
P_af4d11334d3b6a55,BR_TAGO_GGB210000014,BS_TAGO_GGB212000379,BS_TAGO_GGB212000380,BR_TAGO_GGB210000014_Ord002,112,219,218,5.0,5.0,5.0,05:00:00,23:10:00,5.0,pattern_median,2.5,5,-,0
P_af60f50c050c8d1c,BR_1100_100100219,BS_1100_123000660,BS_1100_123000436,BR_1100_100100219_Ord001,42,144,143,8.0,8.0,8.0,04:25:00,23:25:00,8.0,pattern_median,4.0,3313,-,0
P_af7fc1e55234ca23,RR_ACC1_S-1-6-1,RS_ACC1_S-1-2632,RS_ACC1_S-1-2648,RR_ACC1_S-1-6-1_Ord003,445,2,1,6.0,6.0,6.0,05:30:00,05:36:00,8.5,pattern_median,3.0,서울 6호선,서울 6호선(신내-응암),1
P_af854c14fc704d84,BR_1100_101000005,BS_1100_100000365,BS_1100_100000398,BR_1100_101000005_Ord001,40,5,4,70.0,70.0,833.0000000000002,00:40:00,23:30:00,70.0,pattern_median,35.0,심야A21,-,0
P_afa17c271b15027a,BR_1100_104000010,BS_1100_106000319,BS_1100_106000467,BR_1100_104000010_Ord001,87,69,68,16.0,16.0,16.0,04:30:00,22:40:00,16.0,pattern_median,8.0,2416,-,0
P_afc8c2a48d49c004,BR_1100_120900005,BS_1100_120900077,BS_1100_120900178,BR_1100_120900005_Ord001,29,160,159,7.0,7.0,7.0,05:20:00,23:50:00,7.0,pattern_median,3.5,관악01,-,0
P_aff4e51af94eef4e,BR_1100_100900005,BS_1100_100900040,BS_1100_100900012,BR_1100_100900005_Ord001,31,154,153,7.0,7.0,7.0,05:50:00,23:40:00,7.0,pattern_median,3.5,종로08,-,0
P_b016c3ce69849bd2,BR_TAGO_GGB232000135,BS_TAGO_GGB232000813,BS_TAGO_GGB115000162,BR_TAGO_GGB232000135_Ord001,13,4,3,30.0,30.0,30.0,05:30:00,07:00:00,30.0,pattern_median,15.0,G6003A,-,0
P_b07de30b166ad5bd,BR_1100_100100023,BS_1100_108000194,BS_1100_108000199,BR_1100_100100023_Ord001,99,139,138,8.0,8.0,8.0,04:30:00,22:50:00,8.0,pattern_median,4.0,144,-,0
P_b0a8a139bb18edc0,BR_3100_241410005,BS_TAGO_GGB277104747,BS_TAGO_GGB277104747,BR_3100_241410005_Ord001,31,35,34,30.0,30.0,30.0,06:00:00,23:00:00,30.0,pattern_median,15.0,미사-01,-,0
P_b0c7e22b837b7645,RR_ACC1_S-1-SD-9D,RS_ACC1_S-1-1014,RS_ACC1_S-1-1873,RR_ACC1_S-1-SD-9D_Ord001,38,1,0,18.0,,,16:56:00,16:56:00,,global_median,9.0,수인분당선,수인분당선(청량리-고색)<하행>,1
P_b0f97438d654ea88,BR_TAGO_GGB224000060,BS_TAGO_GGB224000545,BS_TAGO_GGB224000440,BR_TAGO_GGB224000060_Ord002,68,102,101,10.0,10.0,10.0,06:00:00,22:45:00,10.0,pattern_median,5.0,27,-,0
P_b11537ab0be3d246,BR_TAGO_GGB208000019,BS_TAGO_GGB119000302,BS_TAGO_GGB208000096,BR_TAGO_GGB208000019_Ord001,41,2,1,1087.7333333333333,1087.7333333333333,1087.7333333333333,04:46:14,22:53:58,8.0,pattern_median,543.8666666666667,9,-,0
P_b155164da79b251f,BR_1100_112900004,BS_1100_112900141,BS_1100_112900138,BR_1100_112900004_Ord001,29,163,162,7.0,7.0,7.0,00:05:00,23:58:00,7.0,pattern_median,3.5,서대문03,-,0
P_b17748496ea698b3,BR_TAGO_GGB208000016,BS_TAGO_GGB118000124,BS_TAGO_GGB226000070,BR_TAGO_GGB208000016_Ord001,73,2,1,1070.0,1070.0,1070.0,06:00:00,23:50:00,12.0,pattern_median,535.0,5,-,0
P_b19cbc4d4ff70cec,BR_1100_100100263,BS_1100_117000130,BS_1100_117000131,BR_1100_100100263_Ord001,82,93,92,12.0,12.0,12.0,04:30:00,22:50:00,12.0,pattern_median,6.0,5528,-,0
P_b1d4e4d8e6caae79,BR_TAGO_GGB210000039,BS_TAGO_GGB210000634,BS_TAGO_GGB210000633,BR_TAGO_GGB210000039_Ord002,99,82,81,15.0,15.0,15.0,05:10:00,25:20:00,15.0,pattern_median,7.5,700,-,0
P_b1ea7e1620ee89cf,BR_TAGO_GGB240000008,BS_TAGO_GGB240000076,BS_TAGO_GGB240000072,BR_TAGO_GGB240000008_Ord001,65,1,0,18.0,,,06:50:00,06:50:00,,global_median,9.0,2000-2,-,0
P_b20f773ea4270adb,BR_1100_100100086,BS_1100_115000321,BS_1100_115000320,BR_1100_100100086_Ord001,76,95,94,12.0,12.0,12.0,04:00:00,22:50:00,12.0,pattern_median,6.0,601,-,0
P_b26222846272bb13,BR_1100_112900009,BS_1100_112900180,BS_1100_112900137,BR_1100_112900009_Ord001,25,114,113,9.0,9.0,9.0,06:00:00,22:55:00,9.0,pattern_median,4.5,서대문05,-,0
P_b2660ab511fa0a50,BR_TAGO_GGB219000013,BS_TAGO_GGB219000412,BS_TAGO_GGB219000400,BR_TAGO_GGB219000013_Ord002,40,119,118,10.0,10.0,10.0,04:25:00,24:00:00,10.0,pattern_median,5.0,1000,-,0
P_b2669fa261d730e7,BR_TAGO_GGB218000010,BS_TAGO_GGB229001251,BS_TAGO_GGB229001271,BR_TAGO_GGB218000010_Ord002,77,138,137,8.0,8.0,8.0,04:30:00,22:40:00,8.0,pattern_median,4.0,1500,-,0
P_b280f3eb88e28457,BR_1100_100100083,BS_1100_225000180,BS_1100_225000181,BR_1100_100100083_Ord001,94,84,83,14.0,14.0,14.0,00:05:00,23:53:00,14.0,pattern_median,7.0,540,-,0
P_b295b1ada5c448a5,RR_ACC1_S-1-8-1U,RS_ACC1_S-1-2818,RS_ACC1_S-1-2811,RR_ACC1_S-1-8-1U_Ord002,8,1,0,8.5,,,05:37:00,05:37:00,8.5,route_median,4.25,서울 8호선,서울 8호선(모란-암사)<상행>,1
P_b29af9f3e3562252,BR_1100_100100344,BS_1100_111001112,BS_1100_111001113,BR_1100_100100344_Ord001,108,77,76,15.0,15.0,15.0,04:10:00,23:00:00,15.0,pattern_median,7.5,7211,-,0
P_b2b760fd69364db6,BR_TAGO_GGB218000010,BS_TAGO_GGB118000019,BS_TAGO_GGB229001271,BR_TAGO_GGB218000010_Ord001,38,2,1,1095.8333333333333,1095.8333333333333,1095.8333333333333,05:41:54,23:57:44,8.0,pattern_median,547.9166666666666,1500,-,0
P_b2de0843540a5550,BR_1100_100100392,BS_1100_206000498,BS_1100_206000335,BR_1100_100100392_Ord001,120,76,75,15.0,15.0,15.0,04:00:00,22:40:00,15.0,pattern_median,7.5,9408,-,0
P_b2e2a4bc47901f32,BR_TAGO_ICB161000004,BS_TAGO_ICB164000626,BS_TAGO_ICB164000644,BR_TAGO_ICB161000004_Ord002,46,48,47,25.0,25.0,25.0,05:00:00,24:30:00,25.0,pattern_median,12.5,M6450,-,0
P_b308f47eb1c113e1,RR_ACC1_S-1-1-4D,RS_ACC1_S-1-1701,RS_ACC1_S-1-1749,RR_ACC1_S-1-1-4D_Ord001,18,3,2,475.25,143.05,807.45,05:56:00,21:46:30,19.0,pattern_median,237.625,서울 1호선,서울 1호선(광운대-서동탄)<하행>,1
P_b310a715b3a5d1f8,BR_1100_100100043,BS_1100_107000238,BS_1100_107000244,BR_1100_100100043_Ord001,119,113,112,10.0,10.0,10.0,03:50:00,22:30:00,10.0,pattern_median,5.0,261,-,0
P_b310b18a08a7e83d,BR_TAGO_GGB218000116,BS_TAGO_GGB218000365,BS_TAGO_GGB218000364,BR_TAGO_GGB218000116_Ord002,98,156,155,7.0,7.0,7.0,05:01:05,23:01:06,7.0,pattern_median,3.5,730,-,0
P_b314082b55afcd3b,BR_1100_100100148,BS_1100_110000384,BS_1100_110000383,BR_1100_100100148_Ord001,65,145,144,8.0,8.0,8.0,04:30:00,23:40:00,8.0,pattern_median,4.0,1132,-,0
P_b35e1716a85e78e7,BR_1100_115900006,BS_1100_115900214,BS_1100_115900062,BR_1100_115900006_Ord001,41,98,97,11.0,11.0,11.0,05:50:00,23:30:00,11.0,pattern_median,5.5,강서01,-,0
P_b377ca5290f2577d,BR_1100_110000006,BS_1100_110000093,BS_1100_110000109,BR_1100_110000006_Ord001,26,12,11,15.0,15.0,15.0,06:30:00,09:15:00,15.0,pattern_median,7.5,8112,-,0
P_b38b6889e7d8f29e,BR_TAGO_GGB227000035,BS_TAGO_GGB227000094,BS_TAGO_GGB227000062,BR_TAGO_GGB227000035_Ord002,115,73,72,15.0,15.0,15.0,04:30:00,22:20:00,15.0,pattern_median,7.5,9202,-,0
P_b3a732b56b7fe36b,BR_1100_103900009,BS_1100_101900020,BS_1100_101900018,BR_1100_103900009_Ord001,24,90,89,12.0,12.0,12.0,05:50:00,23:35:00,12.0,pattern_median,6.0,성동12,-,0
P_b3b12259a9daf8d4,BR_TAGO_GGB232000131,BS_TAGO_GGB232001119,BS_TAGO_GGB232001119,BR_TAGO_GGB232000131_Ord002,7,12,11,10.0,10.0,10.0,06:30:00,08:20:00,10.0,pattern_median,5.0,70D,-,0
P_b3dac05a8eaba1b2,BR_TAGO_GGB232000006,BS_TAGO_GGB168000561,BS_TAGO_GGB168000673,BR_TAGO_GGB232000006_Ord002,122,111,110,10.0,10.0,10.0,04:20:00,22:40:00,10.0,pattern_median,5.0,1002,-,0
P_b3df18e4752da616,BR_TAGO_GGB210000060,BS_TAGO_GGB210000472,BS_TAGO_GGB212000380,BR_TAGO_GGB210000060_Ord001,43,2,1,1135.9333333333334,1135.9333333333334,1135.9333333333334,04:51:11,23:47:07,6.0,pattern_median,567.9666666666667,23,-,0
P_b3e26db90c935360,BR_TAGO_GGB204000007,BS_TAGO_GGB205000233,BS_TAGO_GGB205000234,BR_TAGO_GGB204000007_Ord002,117,71,70,15.0,15.0,15.0,05:00:00,22:30:00,15.0,pattern_median,7.5,357,-,0
P_b40ca6d77d5f9c5b,BR_TAGO_GGB208000017,BS_TAGO_GGB209000076,BS_TAGO_GGB209000053,BR_TAGO_GGB208000017_Ord002,98,216,215,5.0,5.0,5.0,04:35:00,22:30:00,5.0,pattern_median,2.5,51,-,0
P_b43949dbf81b83bf,BR_1100_100100596,BS_1100_121000289,BS_1100_121000299,BR_1100_100100596_Ord001,104,93,92,12.0,12.0,12.0,04:10:00,22:30:00,12.0,pattern_median,6.0,400,-,0
P_b46bb4e3599e1efb,BR_1100_108900007,BS_1100_108900017,BS_1100_108900184,BR_1100_108900007_Ord001,35,185,184,6.0,6.0,6.0,05:20:00,23:45:00,6.0,pattern_median,3.0,강북06,-,0
P_b477cfb33702ada3,BR_TAGO_GGB227000043,BS_TAGO_GGB227000188,BS_TAGO_GGB227000238,BR_TAGO_GGB227000043_Ord002,48,73,72,15.0,15.0,15.0,05:20:00,23:20:00,15.0,pattern_median,7.5,35,-,0
P_b490290da81c5b3e,RR_ACC1_S-1-5-1U,RS_ACC1_S-1-2566,RS_ACC1_S-1-2511,RR_ACC1_S-1-5-1U_Ord002,49,86,85,13.0,8.0,15.800000000000004,05:30:00,23:23:00,13.0,pattern_median,6.5,서울 5호선,서울 5호선(방화-하남풍산)<상행>,1
P_b49083ab6efdea91,BR_1100_108900006,BS_1100_108900151,BS_1100_108900015,BR_1100_108900006_Ord001,36,122,121,9.0,9.0,9.0,05:30:00,23:35:00,9.0,pattern_median,4.5,강북01,-,0
P_b4da208fb635003c,RR_ACC1_S-1-SD-7D,RS_ACC1_S-1-1013,RS_ACC1_S-1-1873,RR_ACC1_S-1-SD-7D_Ord001,37,41,40,24.5,7.9,46.0,05:13:00,22:51:00,24.5,pattern_median,12.25,수인분당선,수인분당선(왕십리-고색)<하행>,1
P_b511c9246ec33750,BR_TAGO_GGB228000423,BS_TAGO_GGB228000683,BS_TAGO_GGB228000192,BR_TAGO_GGB228000423_Ord001,45,1,0,18.0,,,07:20:00,07:20:00,,global_median,9.0,5005(예약),-,0
P_b519146fc9532b91,BR_TAGO_GGB234001708,BS_TAGO_GGB223000294,BS_TAGO_GGB223000295,BR_TAGO_GGB234001708_Ord002,47,15,14,70.0,70.0,70.0,05:50:00,21:50:00,70.0,pattern_median,35.0,1552,-,0
P_b575fc948b2be3dd,BR_TAGO_GGB222000027,BS_TAGO_GGB222000824,BS_TAGO_GGB222000825,BR_TAGO_GGB222000027_Ord002,120,36,35,30.0,30.0,30.0,04:45:00,22:10:00,30.0,pattern_median,15.0,97,-,0
P_b58d23eec8c33aa6,RR_ACC1_S-1-8-1U,RS_ACC1_S-1-2827,RS_ACC1_S-1-2811,RR_ACC1_S-1-8-1U_Ord003,18,143,142,8.5,5.0,10.0,05:30:00,24:28:00,8.5,pattern_median,4.25,서울 8호선,서울 8호선(모란-암사)<상행>,1
P_b591c2dc7070fd13,BR_TAGO_GGB232000075,BS_TAGO_GGB232000810,BS_TAGO_GGB121000009,BR_TAGO_GGB232000075_Ord001,13,1,0,20.0,,,05:50:00,05:50:00,20.0,route_median,10.0,M6427,-,0
P_b59238e32dcd9cf6,BR_TAGO_GGB204000059,BS_TAGO_GGB206000853,BS_TAGO_GGB206000659,BR_TAGO_GGB204000059_Ord002,74,58,57,19.0,19.0,19.0,04:40:00,22:30:00,19.0,pattern_median,9.5,9507,-,0
P_b5a88cb484ae9942,RR_ACC1_S-1-1-1D,RS_ACC1_S-1-1915,RS_ACC1_S-1-1019,RR_ACC1_S-1-1-1D_Ord102,19,3,2,420.0,96.0,744.0,08:29:00,22:29:00,7.5,pattern_median,210.0,서울 1호선,서울 1호선(소요산-인천)<하행>,1
P_b5b60fae82a3c998,RR_ACC1_S-1-5-3D,RS_ACC1_S-1-2511,RS_ACC1_S-1-2531,RR_ACC1_S-1-5-3D_Ord003,21,1,0,22.0,,,24:15:00,24:15:00,22.0,route_median,11.0,서울 5호선,서울 5호선(방화-강동)<하행>,1
P_b5c333f075dcd68c,BR_TAGO_GGB233000339,BS_TAGO_GGB123000611,BS_TAGO_GGB233003126,BR_TAGO_GGB233000339_Ord001,29,2,1,20.0,20.0,20.0,17:25:00,17:45:00,20.0,pattern_median,10.0,P9302(퇴근),-,0
P_b65f7fd79fc44c37,BR_1100_100100165,BS_1100_222000625,BS_1100_222001626,BR_1100_100100165_Ord001,76,93,92,12.0,12.0,12.0,04:30:00,22:50:00,12.0,pattern_median,6.0,1155,-,0
P_b66709cf7b6c2850,BR_TAGO_GGB232000128,BS_TAGO_GGB232001107,BS_TAGO_GGB232001107,BR_TAGO_GGB232000128_Ord002,6,2,1,113.0,113.0,113.0,06:33:00,08:26:00,56.5,pattern_median,56.5,70A,-,0
P_b67abf05c0318738,BR_TAGO_GGB207000004,BS_TAGO_GGB207000395,BS_TAGO_GGB207000394,BR_TAGO_GGB207000004_Ord002,35,109,108,10.0,10.0,10.0,05:30:00,23:30:00,10.0,pattern_median,5.0,10-1,-,0
P_b6f368173b5a0d55,BR_TAGO_GGB200000262,BS_TAGO_GGB203000125,BS_TAGO_GGB228000723,BR_TAGO_GGB200000262_Ord002,22,37,36,24.0,24.0,24.0,06:36:00,20:44:00,24.0,pattern_median,12.0,G5100,-,0
P_b726882b66b0036f,BR_1100_100100290,BS_1100_114000124,BS_1100_114000201,BR_1100_100100290_Ord001,117,94,93,12.0,12.0,12.0,03:45:00,22:15:00,12.0,pattern_median,6.0,6411,-,0
P_b72a30f7621df762,BR_1100_100100248,BS_1100_117000130,BS_1100_117000131,BR_1100_100100248_Ord001,102,92,91,12.0,12.0,12.0,04:20:00,22:30:00,12.0,pattern_median,6.0,5012,-,0
P_b750f69c8755c5f2,RR_ACC1_S-1-9-2U,RS_ACC1_S-1-4101,RS_ACC1_S-1-4131,RR_ACC1_S-1-9-2U_Ord126,31,1,0,11.0,,,23:51:20,23:51:20,11.0,route_median,5.5,서울 9호선,서울 9호선(개화-중앙보훈병원)<상행>,1
P_b75a32b393e1c761,RR_ACC1_S-1-KJ-6U,RS_ACC1_S-1-1208,RS_ACC1_S-1-1284,RR_ACC1_S-1-KJ-6U_Ord001,31,1,0,18.0,,,18:20:00,18:20:00,,global_median,9.0,경의중앙선,경의중앙선(문산-덕소)(급행)<상행>,1
P_b791ab15b9867dd5,RR_ACC1_S-1-5-3D,RS_ACC1_S-1-2511,RS_ACC1_S-1-2518,RR_ACC1_S-1-5-3D_Ord004,8,1,0,22.0,,,24:37:00,24:37:00,22.0,route_median,11.0,서울 5호선,서울 5호선(방화-강동)<하행>,1
P_b79e6f2e55668204,BR_TAGO_ICB165000215,BS_TAGO_ICB164000353,BS_TAGO_ICB121000920,BR_TAGO_ICB165000215_Ord001,23,1,0,15.0,,,06:10:00,06:10:00,15.0,route_median,7.5,M6405,-,0
P_b7d6990bc32a8c08,BR_TAGO_GGB233000322,BS_TAGO_GGB233003132,BS_TAGO_GGB233003126,BR_TAGO_GGB233000322_Ord002,33,37,36,30.0,30.0,30.0,05:10:00,22:50:00,30.0,pattern_median,15.0,G6009,-,0
P_b7e8720ff0431384,BR_TAGO_ICB161000015,BS_TAGO_ICB164000626,BS_TAGO_ICB164000644,BR_TAGO_ICB161000015_Ord002,35,31,30,30.0,30.0,30.0,05:10:00,20:00:00,30.0,pattern_median,15.0,M6751,-,0
P_b86facadc1968d41,BR_TAGO_GGB204000081,BS_TAGO_GGB121000007,BS_TAGO_GGB228001182,BR_TAGO_GGB204000081_Ord001,38,2,1,1059.3666666666666,1059.3666666666666,1059.3666666666666,06:22:35,24:01:57,10.0,pattern_median,529.6833333333333,1151,-,0
P_b884aec2aff37ba9,BR_TAGO_GGB234001159,BS_TAGO_GGB101000114,BS_TAGO_GGB206000215,BR_TAGO_GGB234001159_Ord001,8,2,1,1099.9333333333334,1099.9333333333334,1099.9333333333334,05:21:35,23:41:31,8.0,pattern_median,549.9666666666667,M4102,-,0
P_b89173c5976ad850,BR_1100_116900006,BS_1100_116900277,BS_1100_116900280,BR_1100_116900006_Ord001,46,64,63,17.0,17.0,17.0,05:45:00,23:30:00,17.0,pattern_median,8.5,구로07,-,0
P_b8e748dc36cb9e57,BR_TAGO_GGB228000404,BS_TAGO_GGB228003083,BS_TAGO_GGB101000148,BR_TAGO_GGB228000404_Ord001,13,2,1,10.0,10.0,10.0,06:40:00,06:50:00,10.0,pattern_median,5.0,P9211(출근),-,0
P_b90571ac2c244812,BR_TAGO_GGB232000134,BS_TAGO_GGB232000664,BS_TAGO_GGB115000315,BR_TAGO_GGB232000134_Ord001,16,6,5,20.0,14.0,20.0,05:30:00,07:00:00,20.0,pattern_median,10.0,8600A,-,0
P_b937e9742b6837f7,BR_1100_108900003,BS_1100_108900152,BS_1100_108900047,BR_1100_108900003_Ord001,25,141,140,8.0,8.0,8.0,00:00:00,23:52:00,8.0,pattern_median,4.0,강북03,-,0
P_b9539f2b4c1684ec,BR_1100_112900013,BS_1100_112900007,BS_1100_112900029,BR_1100_112900013_Ord001,17,62,61,17.0,17.0,17.0,06:00:00,23:15:00,17.0,pattern_median,8.5,서대문09소,-,0
P_b978ade6d73e36db,BR_1100_100100068,BS_1100_122000246,BS_1100_122000343,BR_1100_100100068_Ord001,86,163,162,7.0,7.0,7.0,04:10:00,23:00:00,7.0,pattern_median,3.5,420,-,0
P_b9f9c72b42c9d084,RR_ACC1_S-1-1-1U,RS_ACC1_S-1-1019,RS_ACC1_S-1-1915,RR_ACC1_S-1-1-1U_Ord101,19,4,3,23.0,20.6,51.0,05:25:00,07:06:00,8.0,pattern_median,11.5,서울 1호선,서울 1호선(소요산-인천)<상행>,1
P_ba06f0a62bc7f751,BR_1100_100100553,BS_1100_123000660,BS_1100_123000436,BR_1100_100100553_Ord001,97,94,93,12.0,12.0,12.0,04:00:00,22:30:00,12.0,pattern_median,6.0,350,-,0
P_ba165380bc270eab,BR_TAGO_GGB234001511,BS_TAGO_GGB222000824,BS_TAGO_GGB222000825,BR_TAGO_GGB234001511_Ord002,29,52,51,20.0,20.0,20.0,05:50:00,22:50:00,20.0,pattern_median,10.0,1000-1,-,0
P_ba6529822f460c3b,BR_TAGO_GGB213000002,BS_TAGO_GGB213000052,BS_TAGO_GGB117000021,BR_TAGO_GGB213000002_Ord001,26,1,0,15.0,,,05:30:00,05:30:00,15.0,route_median,7.5,21,-,0
P_ba6c5d720e4b593d,RR_ACC1_S-1-7-1D,RS_ACC1_S-1-2737,RS_ACC1_S-1-3763,RR_ACC1_S-1-7-1D_Ord003,27,1,0,4.5,,,05:30:00,05:30:00,4.5,route_median,2.25,서울 7호선,서울 7호선(석남(거북시장)-장암)<하행>,1
P_ba8e4088da676f5e,BR_TAGO_GGB222000082,BS_TAGO_GGB110000655,BS_TAGO_GGB222000653,BR_TAGO_GGB222000082_Ord001,84,2,1,1080.3666666666666,1080.3666666666666,1080.3666666666666,05:44:24,23:44:46,60.0,pattern_median,540.1833333333333,10,-,0
P_baa5884763016c17,BR_1100_122900002,BS_1100_122900052,BS_1100_122000260,BR_1100_122900002_Ord001,45,108,107,10.0,10.0,10.0,05:40:00,23:30:00,10.0,pattern_median,5.0,강남05,-,0
P_baedfe07caf752e4,BR_1100_100100318,BS_1100_115000321,BS_1100_115000320,BR_1100_100100318_Ord001,68,78,77,14.0,14.0,14.0,04:40:00,22:30:00,14.0,pattern_median,7.0,6645,-,0
P_bb195d4b405fa34c,BR_TAGO_GGB200000274,BS_TAGO_GGB121000920,BS_TAGO_GGB201000199,BR_TAGO_GGB200000274_Ord001,19,2,1,870.0,870.0,870.0,08:00:00,22:30:00,15.0,pattern_median,435.0,3008,-,0
P_bb2a70cc62aa2b9f,BR_TAGO_GGB234000878,BS_TAGO_GGB228001736,BS_TAGO_GGB228001737,BR_TAGO_GGB234000878_Ord002,27,16,15,73.0,73.0,73.0,05:00:00,23:01:00,73.0,pattern_median,36.5,8100,-,0
P_bb316b1d0bc20411,BR_TAGO_GGB234001711,BS_TAGO_GGB207000109,BS_TAGO_GGB104000139,BR_TAGO_GGB234001711_Ord001,9,2,1,30.0,30.0,30.0,07:00:00,07:30:00,30.0,pattern_median,15.0,P9401(출근),-,0
P_bb578e3db0a57dcf,BR_TAGO_GGB200000108,BS_TAGO_GGB201000448,BS_TAGO_GGB201000447,BR_TAGO_GGB200000108_Ord002,65,181,180,6.0,6.0,6.0,05:30:45,23:30:45,6.0,pattern_median,3.0,3003,-,0
P_bb85b31ef23c58e6,BR_TAGO_GGB228000184,BS_TAGO_GGB228000191,BS_TAGO_GGB228000192,BR_TAGO_GGB228000184_Ord002,111,105,104,10.0,10.0,10.0,05:40:00,23:00:00,10.0,pattern_median,5.0,5600,-,0
P_bbaac4b96525fabe,BR_TAGO_GGB232000116,BS_TAGO_GGB232000349,BS_TAGO_GGB232000001,BR_TAGO_GGB232000116_Ord002,29,46,45,25.0,25.0,25.0,04:30:00,23:20:00,25.0,pattern_median,12.5,G6002,-,0
P_bbb923ba17749173,BR_1100_100100583,BS_1100_108000196,BS_1100_108000365,BR_1100_100100583_Ord001,86,140,139,8.0,8.0,8.0,04:00:00,22:30:00,8.0,pattern_median,4.0,121,-,0
P_bbe2fe9d9a811021,BR_TAGO_GGB222000076,BS_TAGO_GGB222001122,BS_TAGO_GGB121000088,BR_TAGO_GGB222000076_Ord001,46,1,0,15.0,,,06:30:00,06:30:00,15.0,route_median,7.5,7007,-,0
P_bc3a7a20e042d4ad,BR_TAGO_GGB232000090,BS_TAGO_GGB113000416,BS_TAGO_GGB232000662,BR_TAGO_GGB232000090_Ord001,11,2,1,1130.0,1130.0,1130.0,05:15:00,24:05:00,15.0,pattern_median,565.0,G6000,-,0
P_bc6231fd8ce2bee1,BR_1100_100100171,BS_1100_107000274,BS_1100_107000275,BR_1100_100100171_Ord001,29,188,187,6.0,6.0,6.0,05:00:00,23:40:00,6.0,pattern_median,3.0,1164,-,0
P_bc882cc3922950b8,BR_TAGO_ICB165000154,BS_TAGO_ICB112000170,BS_TAGO_ICB163000104,BR_TAGO_ICB165000154_Ord001,35,2,1,1120.0,1120.0,1120.0,06:10:00,24:50:00,28.0,pattern_median,560.0,1601,-,0
P_bc93120e33d7fb62,RR_ACC1_S-1-1-5U,RS_ACC1_S-1-1804,RS_ACC1_S-1-1003,RR_ACC1_S-1-1-5U_Ord001,10,1,0,9.0,,,05:32:00,05:32:00,9.0,route_median,4.5,서울 1호선,서울 1호선(용산-동인천)(급행)<상행>,1
P_bc9d90d1cfb4c114,RR_ACC1_S-1-7-1U,RS_ACC1_S-1-2737,RS_ACC1_S-1-2711,RR_ACC1_S-1-7-1U_Ord004,27,1,0,5.5,,,05:38:00,05:38:00,5.5,route_median,2.75,서울 7호선,서울 7호선(석남(거북시장)-장암)<상행>,1
P_bce254bf46226a68,BR_TAGO_GGB222000074,BS_TAGO_GGB222000796,BS_TAGO_GGB222000797,BR_TAGO_GGB222000074_Ord002,124,55,54,20.0,20.0,20.0,05:00:00,23:00:00,20.0,pattern_median,10.0,1100,-,0
P_bcefbda111848388,RR_ACC1_S-1-1-1D,RS_ACC1_S-1-0158,RS_ACC1_S-1-1701,RR_ACC1_S-1-1-1D_Ord087,18,2,1,42.0,42.0,42.0,22:27:00,23:09:00,7.5,pattern_median,21.0,서울 1호선,서울 1호선(소요산-인천)<하행>,1
P_bcefc5fbee0dda95,BR_TAGO_GGB234001138,BS_TAGO_GGB121000001,BS_TAGO_GGB233001213,BR_TAGO_GGB234001138_Ord001,30,2,1,1040.0,1040.0,1040.0,06:20:00,23:40:00,35.0,pattern_median,520.0,1551,-,0
P_bd2bb73b9043ec28,BR_TAGO_GGB233000326,BS_TAGO_GGB233000576,BS_TAGO_GGB233000575,BR_TAGO_GGB233000326_Ord002,51,22,21,50.0,50.0,50.0,05:30:00,22:30:00,50.0,pattern_median,25.0,1006,-,0
P_bd63440973945109,RR_ACC1_S-1-KJ-2D,RS_ACC1_S-1-1271,RS_ACC1_S-1-1219,RR_ACC1_S-1-KJ-2D_Ord006,39,1,0,13.0,,,05:48:00,05:48:00,13.0,route_median,6.5,경의중앙선,경의중앙선(문산-지평)<하행>,1
P_bdd660de0d09bc81,BR_1100_100100220,BS_1100_123000354,BS_1100_123000355,BR_1100_100100220_Ord001,69,113,112,10.0,10.0,10.0,04:40:00,23:20:00,10.0,pattern_median,5.0,3314,-,0
P_bddb6210caac3b03,BR_TAGO_GGB239000135,BS_TAGO_GGB105000016,BS_TAGO_GGB239000270,BR_TAGO_GGB239000135_Ord001,107,2,1,660.0,660.0,660.0,08:50:00,19:50:00,160.0,pattern_median,330.0,1330-3,-,0
P_bdfa6fe78eb0d0a7,BR_1100_100100272,BS_1100_120000447,BS_1100_120000110,BR_1100_100100272_Ord001,64,114,113,10.0,10.0,10.0,04:10:00,23:00:00,10.0,pattern_median,5.0,5615,-,0
P_be2e966c1da9a791,BR_TAGO_GGB234000009,BS_TAGO_GGB123000004,BS_TAGO_GGB234000467,BR_TAGO_GGB234000009_Ord001,60,2,1,1029.0,1029.0,1029.0,06:22:20,23:31:20,10.0,pattern_median,514.5,32,-,0
P_be4c343be1e488b3,BR_1100_112900015,BS_1100_112900003,BS_1100_112900182,BR_1100_112900015_Ord001,17,52,51,20.0,20.0,20.0,06:00:00,23:00:00,20.0,pattern_median,10.0,서대문02소,-,0
P_be4c88e77dac232c,BR_1100_121900011,BS_1100_121900335,BS_1100_121900178,BR_1100_121900011_Ord001,21,86,85,12.0,12.0,12.0,06:00:00,23:00:00,12.0,pattern_median,6.0,서초07,-,0
P_be87b86f59217b91,BR_TAGO_GGB229000010,BS_TAGO_GGB229001443,BS_TAGO_GGB229001627,BR_TAGO_GGB229000010_Ord002,241,53,52,20.0,20.0,20.0,05:15:00,22:30:00,20.0,pattern_median,10.0,30,-,0
P_be8c7a183885359b,RR_ACC1_S-1-5-1D,RS_ACC1_S-1-2511,RS_ACC1_S-1-2566,RR_ACC1_S-1-5-1D_Ord005,49,91,90,13.0,7.0,14.0,05:30:00,23:12:00,13.0,pattern_median,6.5,서울 5호선,서울 5호선(방화-하남풍산)<하행>,1
P_bee0470eec744358,BR_TAGO_GGB221000032,BS_TAGO_GGB221000217,BS_TAGO_GGB221000217,BR_TAGO_GGB221000032_Ord002,50,97,96,11.0,11.0,11.0,05:30:00,23:05:00,11.0,pattern_median,5.5,75,-,0
P_befacfa5af9b5f51,RR_ACC1_S-1-4-2U,RS_ACC1_S-1-1762,RS_ACC1_S-1-0419,RR_ACC1_S-1-4-2U_Ord161,38,1,0,7.0,,,23:29:00,23:29:00,7.0,route_median,3.5,서울 4호선,서울 4호선(안산-오이도)<상행>,1
P_bf0a489f102ae3cf,BR_TAGO_GGB234000148,BS_TAGO_GGB203000254,BS_TAGO_GGB203000253,BR_TAGO_GGB234000148_Ord002,57,37,36,30.0,30.0,30.0,05:10:00,23:00:00,30.0,pattern_median,15.0,5500-2,-,0
P_bf2a7e74edba2b05,BR_TAGO_GGB234000034,BS_TAGO_GGB227000094,BS_TAGO_GGB227000062,BR_TAGO_GGB234000034_Ord002,127,107,106,10.0,10.0,10.0,04:50:00,22:30:00,10.0,pattern_median,5.0,16,-,0
P_bf7bea5ca9395b94,BR_1100_100100078,BS_1100_213000455,BS_1100_213000456,BR_1100_100100078_Ord001,89,79,78,14.0,14.0,14.0,04:15:00,22:20:00,14.0,pattern_median,7.0,503,-,0
P_bf9fcf6e0c77ad54,BR_TAGO_GGB200000289,BS_TAGO_GGB202000020,BS_TAGO_GGB122000742,BR_TAGO_GGB200000289_Ord001,12,2,1,35.0,35.0,35.0,07:20:00,07:55:00,35.0,pattern_median,17.5,3002예약,-,0
P_bfe5b217b5e0e32c,BR_TAGO_GGB219000016,BS_TAGO_GGB101000332,BS_TAGO_GGB219000137,BR_TAGO_GGB219000016_Ord001,30,2,1,1129.6166666666666,1129.6166666666666,1129.6166666666666,05:52:05,24:41:42,8.0,pattern_median,564.8083333333333,1200,-,0
P_c00d234d985604fa,BR_TAGO_GGB222000072,BS_TAGO_GGB222000267,BS_TAGO_GGB222000268,BR_TAGO_GGB222000072_Ord002,89,39,38,30.0,30.0,30.0,04:40:22,23:40:35,30.0,pattern_median,15.0,166,-,0
P_c034ebe62b4a1eb3,BR_TAGO_GGB222000105,BS_TAGO_GGB222000757,BS_TAGO_GGB222000092,BR_TAGO_GGB222000105_Ord002,17,110,109,10.0,10.0,10.0,05:00:00,23:05:00,10.0,pattern_median,5.0,M2316,-,0
P_c04901f83054ffa8,BR_TAGO_GGB227000017,BS_TAGO_GGB123000004,BS_TAGO_GGB227000338,BR_TAGO_GGB227000017_Ord001,30,2,1,1080.2,1080.2,1080.2,05:51:41,23:51:53,8.0,pattern_median,540.1,31,-,0
P_c0816bacd2e7af97,RR_ACC1_S-1-9-2U,RS_ACC1_S-1-4101,RS_ACC1_S-1-4120,RR_ACC1_S-1-9-2U_Ord128,20,1,0,11.0,,,24:17:00,24:17:00,11.0,route_median,5.5,서울 9호선,서울 9호선(개화-중앙보훈병원)<상행>,1
P_c089df8cc02eb1e9,BR_1100_121900014,BS_1100_121000081,BS_1100_121000071,BR_1100_121900014_Ord001,11,74,73,14.0,14.0,14.0,06:00:00,23:00:00,14.0,pattern_median,7.0,서초22,-,0
P_c08eda1eda3a66ec,BR_TAGO_GGB234001736,BS_TAGO_GGB234001278,BS_TAGO_GGB234001279,BR_TAGO_GGB234001736_Ord002,33,71,70,15.0,15.0,15.0,05:00:00,22:30:00,15.0,pattern_median,7.5,3302,-,0
P_c090e60535e674e7,BR_1100_113900017,BS_1100_113900315,BS_1100_113900314,BR_1100_113900017_Ord001,20,23,22,11.0,11.0,11.0,06:00:00,10:00:00,11.0,pattern_median,5.5,마포18-1,-,0
P_c0a7a4007a81d43f,BR_TAGO_GGB234000072,BS_TAGO_GGB234001178,BS_TAGO_GGB234001179,BR_TAGO_GGB234000072_Ord002,137,91,90,12.0,12.0,12.0,05:00:00,23:00:00,12.0,pattern_median,6.0,13,-,0
P_c0e50a27ff9988eb,BR_1100_115900004,BS_1100_115900089,BS_1100_115900092,BR_1100_115900004_Ord001,71,82,81,13.0,13.0,13.0,05:40:00,23:10:00,13.0,pattern_median,6.5,강서03,-,0
P_c0fc0f836d5f7177,BR_TAGO_GGB216000089,BS_TAGO_GGB224000540,BS_TAGO_GGB121000166,BR_TAGO_GGB216000089_Ord001,7,1,0,10.0,,,05:30:00,05:30:00,10.0,route_median,5.0,6501,-,0
P_c0fce6fc326a1ab7,BR_1100_121900001,BS_1100_121900002,BS_1100_121900169,BR_1100_121900001_Ord001,49,103,102,10.0,10.0,10.0,06:00:00,23:00:00,10.0,pattern_median,5.0,서초21,-,0
P_c1269838838cae58,BR_TAGO_GGB232000073,BS_TAGO_GGB112000170,BS_TAGO_GGB232000626,BR_TAGO_GGB232000073_Ord001,23,2,1,1100.1166666666666,1100.1166666666666,1100.1166666666666,06:01:21,24:21:28,25.0,pattern_median,550.0583333333333,1004,-,0
P_c1298282ca1478b5,BR_TAGO_GGB204000146,BS_TAGO_GGB204000143,BS_TAGO_GGB204000142,BR_TAGO_GGB204000146_Ord002,82,60,59,16.0,16.0,16.0,06:30:00,22:15:00,16.0,pattern_median,8.0,누리2,-,0
P_c16e95943f38b393,BR_1100_105900006,BS_1100_105900028,BS_1100_105900005,BR_1100_105900006_Ord001,21,133,132,8.0,8.0,8.0,06:00:00,23:30:00,8.0,pattern_median,4.0,동대문03,-,0
P_c1826a4062300245,BR_1100_107900012,BS_1100_107900273,BS_1100_107900277,BR_1100_107900012_Ord001,29,73,72,15.0,15.0,15.0,05:40:00,23:40:00,15.0,pattern_median,7.5,성북06,-,0
P_c19ff474e0f82d19,BR_1100_106900001,BS_1100_106900019,BS_1100_106900004,BR_1100_106900001_Ord001,18,44,43,25.0,25.0,25.0,06:00:00,23:50:00,25.0,pattern_median,12.5,중랑01,-,0
P_c1b549c1dcf4c3a2,BR_TAGO_GGB222000105,BS_TAGO_GGB222000757,BS_TAGO_GGB123000611,BR_TAGO_GGB222000105_Ord001,9,1,0,10.0,,,05:55:00,05:55:00,10.0,route_median,5.0,M2316,-,0
P_c1c14bca3b198427,BR_1100_113900015,BS_1100_113900284,BS_1100_113900309,BR_1100_113900015_Ord001,40,185,184,6.0,6.0,6.0,05:25:00,23:45:00,6.0,pattern_median,3.0,마포09,-,0
P_c1c8424f873bb583,BR_1100_100100451,BS_1100_114000395,BS_1100_114000267,BR_1100_100100451_Ord001,101,99,98,11.0,11.0,11.0,04:30:00,22:20:00,11.0,pattern_median,5.5,6716,-,0
P_c1ef2bd4d9b640d7,BR_TAGO_GGB229000017,BS_TAGO_GGB219000644,BS_TAGO_GGB219000645,BR_TAGO_GGB229000017_Ord002,67,17,16,70.0,70.0,70.0,04:30:00,22:30:00,70.0,pattern_median,35.0,830,-,0
P_c26d379b9caa76a0,BR_TAGO_GGB222000002,BS_TAGO_GGB222001616,BS_TAGO_GGB222001259,BR_TAGO_GGB222000002_Ord002,143,79,78,15.0,15.0,15.0,04:20:35,23:50:42,15.0,pattern_median,7.5,707,-,0
P_c28120a88d557186,BR_1100_100100363,BS_1100_111000907,BS_1100_111000224,BR_1100_100100363_Ord001,62,100,99,11.0,11.0,11.0,05:05:00,23:10:00,11.0,pattern_median,5.5,7737,-,0
P_c2da75c09d0dcb94,BR_1100_100100297,BS_1100_114000271,BS_1100_114000267,BR_1100_100100297_Ord001,90,74,73,15.0,15.0,15.0,04:30:00,22:40:00,15.0,pattern_median,7.5,6614,-,0
P_c2f138166b9d68a3,BR_TAGO_GGB221000040,BS_TAGO_GGB104000111,BS_TAGO_GGB221000162,BR_TAGO_GGB221000040_Ord001,44,2,1,955.0,955.0,955.0,06:55:00,22:50:00,10.0,pattern_median,477.5,680,-,0
P_c30150b1756a486f,BR_1100_100100009,BS_1100_108000106,BS_1100_108000107,BR_1100_100100009_Ord001,65,146,145,8.0,8.0,8.0,04:00:00,23:15:00,8.0,pattern_median,4.0,104,-,0
P_c32ba753c35f6365,BR_TAGO_GGB204000012,BS_TAGO_GGB204000308,BS_TAGO_GGB206000121,BR_TAGO_GGB204000012_Ord001,37,2,1,1055.9166666666667,1055.9166666666667,1055.9166666666667,05:51:58,23:27:53,7.0,pattern_median,527.9583333333334,50,-,0
P_c366cdd76ecde134,BR_1100_104000009,BS_1100_207000427,BS_1100_207000330,BR_1100_104000009_Ord001,116,51,50,22.0,22.0,22.0,04:10:00,22:20:00,22.0,pattern_median,11.0,111,-,0
P_c3794e24fa79d05a,BR_TAGO_GGB234001619,BS_TAGO_GGB233003132,BS_TAGO_GGB233003126,BR_TAGO_GGB234001619_Ord002,22,108,107,10.0,10.0,10.0,05:20:00,23:10:00,10.0,pattern_median,5.0,M4434,-,0
P_c390ed013552e7df,BR_TAGO_GGB232000007,BS_TAGO_GGB118000019,BS_TAGO_GGB232000529,BR_TAGO_GGB232000007_Ord001,33,2,1,1100.0,1100.0,1100.0,06:00:00,24:20:00,15.0,pattern_median,550.0,8000,-,0
P_c395b235068bae48,BR_TAGO_GGB200000115,BS_TAGO_GGB228001174,BS_TAGO_GGB228000708,BR_TAGO_GGB200000115_Ord002,35,188,187,6.0,6.0,6.0,05:30:00,24:10:00,6.0,pattern_median,3.0,5100,-,0
P_c3a61f53f9cff77f,BR_TAGO_GGB234000002,BS_TAGO_GGB101000026,BS_TAGO_GGB206000170,BR_TAGO_GGB234000002_Ord001,28,2,1,1139.7666666666667,1139.7666666666667,1139.7666666666667,06:00:59,25:00:45,35.0,pattern_median,569.8833333333333,9000,-,0
P_c3a78af1e9033ed7,BR_1100_100100574,BS_1100_225000180,BS_1100_225000181,BR_1100_100100574_Ord001,123,73,72,16.0,16.0,16.0,04:10:00,23:20:00,16.0,pattern_median,8.0,541,-,0
P_c3dfe66976899d4a,BR_1100_111000010,BS_1100_111001112,BS_1100_111001113,BR_1100_111000010_Ord001,92,115,114,10.0,10.0,10.0,04:00:00,23:00:00,10.0,pattern_median,5.0,7734,-,0
P_c41d05c7c1b1ba9b,BR_1100_124900002,BS_1100_124900138,BS_1100_124900138,BR_1100_124900002_Ord001,64,96,95,11.0,11.0,11.0,05:30:00,22:50:00,11.0,pattern_median,5.5,강동01,-,0
P_c4254062f120d1d1,BR_1100_100100112,BS_1100_112000202,BS_1100_112000091,BR_1100_100100112_Ord001,89,139,138,8.0,8.0,8.0,04:20:00,22:40:00,8.0,pattern_median,4.0,721,-,0
P_c434749a564fd930,RR_ACC1_S-1-1-4D,RS_ACC1_S-1-1701,RS_ACC1_S-1-1716,RR_ACC1_S-1-1-4D_Ord015,17,1,0,19.0,,,10:43:00,10:43:00,19.0,route_median,9.5,서울 1호선,서울 1호선(광운대-서동탄)<하행>,1
P_c4524306edd67546,BR_1100_117900002,BS_1100_213000443,BS_1100_213000366,BR_1100_117900002_Ord001,29,141,140,8.0,8.0,8.0,00:00:00,23:52:00,8.0,pattern_median,4.0,금천04,-,0
P_c460798a764df14a,RR_ACC1_S-1-KJ-2D,RS_ACC1_S-1-1003,RS_ACC1_S-1-1220,RR_ACC1_S-1-KJ-2D_Ord004,29,1,0,13.0,,,05:47:00,05:47:00,13.0,route_median,6.5,경의중앙선,경의중앙선(문산-지평)<하행>,1
P_c462ad766a3be5d5,BR_1100_108000001,BS_1100_120000156,BS_1100_120000007,BR_1100_108000001_Ord001,24,12,11,11.0,11.0,11.0,07:00:00,09:00:00,11.0,pattern_median,5.5,8551,-,0
P_c47fe22d2e40f1ed,BR_1100_100100353,BS_1100_111001112,BS_1100_111001113,BR_1100_100100353_Ord001,48,90,89,13.0,13.0,13.0,04:30:00,23:50:00,13.0,pattern_median,6.5,7722,-,0
P_c4cd2d9899661d70,BR_TAGO_GGB222000027,BS_TAGO_GGB123000033,BS_TAGO_GGB222000825,BR_TAGO_GGB222000027_Ord001,58,2,1,1045.0,1045.0,1045.0,06:05:00,23:30:00,30.0,pattern_median,522.5,97,-,0
P_c4d3009b83ece32e,BR_TAGO_GGB234001743,BS_TAGO_GGB234000454,BS_TAGO_GGB234000455,BR_TAGO_GGB234001743_Ord001,12,23,22,40.0,40.0,40.0,06:20:00,21:00:00,40.0,pattern_median,20.0,신현양재MDRT,-,0
P_c4d4a759bad27939,BR_3100_241350004,BS_TAGO_GGB277104731,BS_TAGO_GGB110000650,BR_3100_241350004_Ord001,52,7,6,165.0,165.0,180.0,06:00:00,23:00:00,165.0,pattern_median,82.5,85-1,-,0
P_c5357493a3a73ab1,BR_1100_110900008,BS_1100_110000183,BS_1100_110000184,BR_1100_110900008_Ord001,25,49,48,23.0,23.0,23.0,00:00:00,23:36:00,23.0,pattern_median,11.5,노원13,-,0
P_c58a8fb695e1c84b,BR_TAGO_GGB207000009,BS_TAGO_GGB104000064,BS_TAGO_GGB207000394,BR_TAGO_GGB207000009_Ord001,71,2,1,1095.2666666666667,1095.2666666666667,1095.2666666666667,05:51:42,24:06:58,8.0,pattern_median,547.6333333333333,1-1,-,0
P_c58ebf83d01afa19,BR_1100_100100246,BS_1100_122000241,BS_1100_122000343,BR_1100_100100246_Ord001,56,117,116,10.0,10.0,10.0,04:00:00,23:20:00,10.0,pattern_median,5.0,4432,-,0
P_c593e8a73c598a09,BR_TAGO_GGB232000061,BS_TAGO_GGB169000096,BS_TAGO_GGB169000096,BR_TAGO_GGB232000061_Ord002,84,120,119,9.0,9.0,9.0,04:10:00,22:00:00,9.0,pattern_median,4.5,3000,-,0
P_c596f8ca09312dd4,BR_1100_100100026,BS_1100_110000384,BS_1100_110000383,BR_1100_100100026_Ord001,114,122,121,9.0,9.0,9.0,04:00:00,22:10:00,9.0,pattern_median,4.5,147,-,0
P_c5b008ea0048f294,BR_TAGO_GGB233000371,BS_TAGO_GGB235000602,BS_TAGO_GGB121000003,BR_TAGO_GGB233000371_Ord001,14,1,0,18.0,,,06:30:00,06:30:00,,global_median,9.0,P9601(출근),-,0
P_c652c3b7e7cd9fe2,BR_TAGO_GGB200000145,BS_TAGO_GGB121000920,BS_TAGO_GGB201000268,BR_TAGO_GGB200000145_Ord001,26,2,1,1080.7166666666667,1080.7166666666667,1080.7166666666667,06:30:56,24:31:39,20.0,pattern_median,540.3583333333333,3002,-,0
P_c66c41745e1502b4,BR_1100_100100124,BS_1100_102000271,BS_1100_102000203,BR_1100_100100124_Ord001,40,92,91,12.0,12.0,12.0,05:15:00,23:30:00,12.0,pattern_median,6.0,0017,-,0
P_c6735dd5ed74bca4,BR_TAGO_GGB227000005,BS_TAGO_GGB123000029,BS_TAGO_GGB227000264,BR_TAGO_GGB227000005_Ord001,38,2,1,1100.0,1100.0,1100.0,05:20:00,23:40:00,12.0,pattern_median,550.0,112-5,-,0
P_c68477bec4fc586b,BR_TAGO_GGB234000031,BS_TAGO_GGB221000264,BS_TAGO_GGB221000265,BR_TAGO_GGB234000031_Ord002,45,107,106,10.0,10.0,10.0,05:25:00,23:00:00,10.0,pattern_median,5.0,1115-6,-,0
P_c6caca2bbdd4e233,BR_1100_100100006,BS_1100_108000014,BS_1100_108000016,BR_1100_100100006_Ord001,82,115,114,10.0,10.0,10.0,04:00:00,23:00:00,10.0,pattern_median,5.0,101,-,0
P_c728d0c1525c507b,BR_1100_103900004,BS_1100_103900211,BS_1100_103900207,BR_1100_103900004_Ord001,61,78,77,14.0,14.0,14.0,05:50:00,23:40:00,14.0,pattern_median,7.0,성동02,-,0
P_c7798794cf69cb4e,RR_ACC1_S-1-4-2D,RS_ACC1_S-1-0409,RS_ACC1_S-1-0433,RR_ACC1_S-1-4-2D_Ord077,25,27,26,21.25,14.25,112.0,05:30:00,23:05:00,6.25,pattern_median,10.625,서울 4호선,서울 4호선(안산-오이도)<하행>,1
P_c78083034afe96ff,BR_TAGO_GGB227000036,BS_TAGO_GGB122000303,BS_TAGO_GGB227000260,BR_TAGO_GGB227000036_Ord001,45,2,1,1060.0,1060.0,1060.0,06:10:00,23:50:00,12.0,pattern_median,530.0,87,-,0
P_c7c7cd2d62eb440d,RR_ACC1_S-1-KJ-2U,RS_ACC1_S-1-1208,RS_ACC1_S-1-1271,RR_ACC1_S-1-KJ-2U_Ord080,28,1,0,13.0,,,22:45:00,22:45:00,13.0,route_median,6.5,경의중앙선,경의중앙선(문산-지평)<상행>,1
P_c7cfdafc3153593d,RR_ACC1_S-1-7-1D,RS_ACC1_S-1-2719,RS_ACC1_S-1-3763,RR_ACC1_S-1-7-1D_Ord008,45,1,0,4.5,,,05:32:00,05:32:00,4.5,route_median,2.25,서울 7호선,서울 7호선(석남(거북시장)-장암)<하행>,1
P_c7d59e7bd4e011cd,BR_TAGO_GGB218000020,BS_TAGO_GGB218000193,BS_TAGO_GGB218000196,BR_TAGO_GGB218000020_Ord002,21,36,35,30.0,30.0,30.0,05:30:00,23:00:00,30.0,pattern_median,15.0,M7129,-,0
P_c7d5dfe50a57a95e,BR_TAGO_GGB234001204,BS_TAGO_GGB234000604,BS_TAGO_GGB234000605,BR_TAGO_GGB234001204_Ord002,65,3,2,20.0,20.0,20.0,17:30:00,18:10:00,27.5,pattern_median,10.0,1113-11,-,0
P_c7da7308a4659597,BR_1100_100100289,BS_1100_114000190,BS_1100_114000193,BR_1100_100100289_Ord001,110,100,99,11.0,11.0,11.0,04:20:00,22:30:00,11.0,pattern_median,5.5,6211,-,0
P_c7eb06a5cdc9b657,BR_TAGO_GGB233000265,BS_TAGO_GGB233001448,BS_TAGO_GGB121000009,BR_TAGO_GGB233000265_Ord001,9,1,0,15.0,,,06:20:00,06:20:00,15.0,route_median,7.5,4403,-,0
P_c813f8a19108648e,BR_1100_100100132,BS_1100_108000066,BS_1100_108000195,BR_1100_100100132_Ord001,77,115,114,10.0,10.0,10.0,04:20:00,23:20:00,10.0,pattern_median,5.0,1111,-,0
P_c814cae947ceaa46,BR_1100_100100521,BS_1100_114000395,BS_1100_114000267,BR_1100_100100521_Ord001,111,109,108,10.0,10.0,10.0,04:10:00,22:10:00,10.0,pattern_median,5.0,6515,-,0
P_c854fedbdd42ccfa,BR_TAGO_GGB204000146,BS_TAGO_GGB206000518,BS_TAGO_GGB204000142,BR_TAGO_GGB204000146_Ord001,41,2,1,1105.0,1105.0,1105.0,05:00:00,23:25:00,16.0,pattern_median,552.5,누리2,-,0
P_c8629f9e4a6d4944,RR_ACC1_S-1-SD-1U,RS_ACC1_S-1-1891,RS_ACC1_S-1-1014,RR_ACC1_S-1-SD-1U_Ord001,63,4,3,73.0,48.2,173.0,07:45:00,12:58:00,73.0,pattern_median,36.5,수인분당선,수인분당선(인천-청량리)<상행>,1
P_c88e356fdb3a8654,BR_TAGO_GGB219000006,BS_TAGO_GGB218001350,BS_TAGO_GGB218001344,BR_TAGO_GGB219000006_Ord002,88,176,175,6.0,6.0,6.0,05:00:00,22:30:00,6.0,pattern_median,3.0,1082,-,0
P_c8bcdebd38683047,BR_TAGO_GGB230000179,BS_TAGO_GGB123000004,BS_TAGO_GGB230001210,BR_TAGO_GGB230000179_Ord001,16,2,1,1021.0,1021.0,1021.0,06:52:01,23:53:01,15.0,pattern_median,510.5,G2100,-,0
P_c8cb39f57872a190,BR_1100_100100604,BS_1100_121000289,BS_1100_121000299,BR_1100_100100604_Ord001,74,89,88,13.0,13.0,13.0,03:55:00,23:00:00,13.0,pattern_median,6.5,4211,-,0
P_c8e951c8bbbddbdb,BR_3100_241412004,BS_TAGO_GGB227000261,BS_TAGO_GGB227000260,BR_3100_241412004_Ord001,51,15,14,75.0,75.0,75.0,06:00:00,22:50:00,75.0,pattern_median,37.5,5,-,0
P_c9350654ffbc9d3d,BR_1100_100100144,BS_1100_109000068,BS_1100_109000228,BR_1100_100100144_Ord001,81,93,92,12.0,12.0,12.0,04:30:00,22:50:00,12.0,pattern_median,6.0,1128,-,0
P_c9487a7520515d21,BR_1100_100100389,BS_1100_206000498,BS_1100_206000335,BR_1100_100100389_Ord001,57,223,222,5.0,5.0,5.0,04:30:00,23:00:00,5.0,pattern_median,2.5,9401,-,0
P_c94f4abb56516e25,RR_ACC1_S-1-1-1D,RS_ACC1_S-1-1906,RS_ACC1_S-1-1701,RR_ACC1_S-1-1-1D_Ord093,32,1,0,7.5,,,23:20:00,23:20:00,7.5,route_median,3.75,서울 1호선,서울 1호선(소요산-인천)<하행>,1
P_c952a7c3ef01573e,RR_ACC1_S-1-1-1D,RS_ACC1_S-1-1906,RS_ACC1_S-1-1019,RR_ACC1_S-1-1-1D_Ord107,10,1,0,7.5,,,16:27:00,16:27:00,7.5,route_median,3.75,서울 1호선,서울 1호선(소요산-인천)<하행>,1
P_c9535302f7e9544b,BR_TAGO_GGB200000150,BS_TAGO_GGB201000404,BS_TAGO_GGB201000405,BR_TAGO_GGB200000150_Ord002,61,190,189,6.0,6.0,6.0,05:00:00,23:50:00,6.0,pattern_median,3.0,7800,-,0
P_c9b25c269724b2a1,BR_TAGO_GGB240000174,BS_TAGO_GGB240001309,BS_TAGO_GGB240001310,BR_TAGO_GGB240000174_Ord002,19,14,13,60.0,60.0,60.0,06:00:00,19:00:00,60.0,pattern_median,30.0,G9311,-,0
P_c9bc3b9bef6a5a02,RR_ACC1_S-1-1-8D,RS_ACC1_S-1-0158,RS_ACC1_S-1-1408,RR_ACC1_S-1-1-8D_Ord001,37,7,6,111.0,47.0,263.0,06:00:00,20:02:00,33.0,pattern_median,55.5,서울 1호선,서울 1호선(청량리-신창(순천향대))(급행)<하행>,1
P_c9d9d02197040ec3,BR_1100_119900010,BS_1100_119900081,BS_1100_119900154,BR_1100_119900010_Ord001,22,89,88,12.0,12.0,12.0,06:00:00,23:30:00,12.0,pattern_median,6.0,동작15,-,0
P_c9e0f2bf029fafbe,BR_TAGO_GGB228000393,BS_TAGO_GGB118000070,BS_TAGO_GGB228001737,BR_TAGO_GGB228000393_Ord001,47,2,1,1040.0,1040.0,1040.0,06:30:00,23:50:00,30.0,pattern_median,520.0,7007-1,-,0
P_ca04259a1dc3a0a1,BR_1100_100100293,BS_1100_213000505,BS_1100_213000506,BR_1100_100100293_Ord001,69,99,98,11.0,11.0,11.0,04:30:00,22:20:00,11.0,pattern_median,5.5,6713,-,0
P_ca16ab76764becf3,BR_TAGO_GGB208000005,BS_TAGO_GGB119000287,BS_TAGO_GGB225000181,BR_TAGO_GGB208000005_Ord001,55,2,1,1110.0,1110.0,1110.0,05:25:00,23:55:00,6.0,pattern_median,555.0,11-5,-,0
P_ca275b218c6ed660,RR_ACC1_S-1-3-1D,RS_ACC1_S-1-0326,RS_ACC1_S-1-0342,RR_ACC1_S-1-3-1D_Ord054,17,1,0,6.0,,,05:30:00,05:30:00,6.0,route_median,3.0,서울 3호선,서울 3호선(오금-대화)<하행>,1
P_ca34c33f343e9354,BR_TAGO_GGB204000156,BS_TAGO_GGB121000117,BS_TAGO_GGB205000085,BR_TAGO_GGB204000156_Ord001,35,2,1,970.0,970.0,970.0,06:40:00,22:50:00,30.0,pattern_median,485.0,9800,-,0
P_ca47af62dd4b0f24,BR_1100_100100306,BS_1100_115000037,BS_1100_115000036,BR_1100_100100306_Ord001,95,100,99,11.0,11.0,11.0,04:30:00,22:40:00,11.0,pattern_median,5.5,6629,-,0
P_ca68a3981caa4e4a,BR_1100_111000017,BS_1100_111000907,BS_1100_111000315,BR_1100_111000017_Ord001,168,13,12,22.0,22.0,22.0,00:14:00,23:52:00,22.0,pattern_median,11.0,N72,-,0
P_ca7f65d444964e60,BR_TAGO_GGB234001738,BS_TAGO_GGB122000096,BS_TAGO_GGB234000605,BR_TAGO_GGB234001738_Ord001,58,2,1,40.0,40.0,40.0,24:20:00,25:00:00,40.0,pattern_median,20.0,500-2N,-,0
P_ca81728db7fb4dcb,BR_1100_100100552,BS_1100_111000907,BS_1100_111000002,BR_1100_100100552_Ord001,41,93,92,12.0,12.0,12.0,05:00:00,23:20:00,12.0,pattern_median,6.0,7739,-,0
P_ca877d129d686210,BR_1100_100100281,BS_1100_209000265,BS_1100_209000264,BR_1100_100100281_Ord001,78,103,102,11.0,11.0,11.0,04:00:00,22:40:00,11.0,pattern_median,5.5,5625,-,0
P_cab1e386900ac4d5,BR_TAGO_GGB227000046,BS_TAGO_GGB227000714,BS_TAGO_GGB227000712,BR_TAGO_GGB227000046_Ord001,35,32,31,30.0,30.0,30.0,06:00:00,21:30:00,30.0,pattern_median,15.0,초이-01,-,0
P_cacaf9d02a22e4d5,BR_TAGO_GGB229000087,BS_TAGO_GGB115000298,BS_TAGO_GGB229001663,BR_TAGO_GGB229000087_Ord001,49,2,1,975.0,975.0,975.0,06:15:00,22:30:00,20.0,pattern_median,487.5,56,-,0
P_cb0753fa5861db19,BR_TAGO_GGB234000324,BS_TAGO_GGB121000009,BS_TAGO_GGB223000295,BR_TAGO_GGB234000324_Ord001,37,2,1,1124.8333333333333,1124.8333333333333,1124.8333333333333,06:18:28,25:03:18,9.0,pattern_median,562.4166666666666,1550-1,-,0
P_cb0ed9778bd22016,BR_TAGO_GGB216000047,BS_TAGO_GGB224000567,BS_TAGO_GGB224000861,BR_TAGO_GGB216000047_Ord002,110,70,69,15.0,15.0,15.0,05:30:00,22:40:00,15.0,pattern_median,7.5,5602,-,0
P_cb2af32dd104e4d1,BR_TAGO_GGB222000213,BS_TAGO_GGB222000267,BS_TAGO_GGB222000268,BR_TAGO_GGB222000213_Ord002,46,53,52,20.0,20.0,20.0,06:50:00,24:00:00,20.0,pattern_median,10.0,1670-1,-,0
P_cb3afc2ae4f6f078,BR_TAGO_GGB213000008,BS_TAGO_GGB208000064,BS_TAGO_GGB213000044,BR_TAGO_GGB213000008_Ord001,54,2,1,1090.0,1090.0,1090.0,05:20:00,23:30:00,30.0,pattern_median,545.0,11,-,0
P_cb6505dbe8577224,BR_1100_100100264,BS_1100_225000180,BS_1100_225000181,BR_1100_100100264_Ord001,115,90,89,12.0,12.0,12.0,04:40:00,22:30:00,12.0,pattern_median,6.0,5530,-,0
P_cb6a4f37a832554c,BR_TAGO_GGB228000181,BS_TAGO_GGB121000920,BS_TAGO_GGB228001764,BR_TAGO_GGB228000181_Ord001,42,2,1,1030.0,1030.0,1030.0,06:10:00,23:20:00,15.0,pattern_median,515.0,1241,-,0
P_cb73fe31f0da73c3,BR_1100_111900009,BS_1100_111901113,BS_1100_111900143,BR_1100_111900009_Ord001,26,98,97,11.0,11.0,11.0,06:00:00,23:45:00,11.0,pattern_median,5.5,은평09,-,0
P_cb782def39235658,BR_3100_241411001,BS_TAGO_GGB227000094,BS_TAGO_GGB227000062,BR_3100_241411001_Ord001,68,36,35,30.0,30.0,30.0,06:00:00,23:30:00,30.0,pattern_median,15.0,1,-,0
P_cbbe9ce3b052e282,BR_1100_100100150,BS_1100_110000384,BS_1100_110000383,BR_1100_100100150_Ord001,59,116,115,10.0,10.0,10.0,04:30:00,23:40:00,10.0,pattern_median,5.0,1135,-,0
P_cbd1ce7e03316a4a,RR_ACC1_S-1-KJ-3D,RS_ACC1_S-1-1284,RS_ACC1_S-1-1251,RR_ACC1_S-1-KJ-3D_Ord001,13,8,7,55.0,26.6,166.80000000000007,06:34:00,16:27:00,55.0,pattern_median,27.5,경의중앙선,경의중앙선(문산-서울역)(급행)<하행>,1
P_cbfb42af7c69b03d,BR_1100_114900002,BS_1100_114900082,BS_1100_114900083,BR_1100_114900002_Ord001,37,156,155,7.0,7.0,7.0,05:40:00,23:45:00,7.0,pattern_median,3.5,양천02,-,0
P_cc171d7290925b44,BR_1100_100100260,BS_1100_120000444,BS_1100_120000235,BR_1100_100100260_Ord001,94,140,139,8.0,8.0,8.0,04:00:00,22:30:00,8.0,pattern_median,4.0,5524,-,0
P_cc3cc15128d7876f,RR_ACC1_S-1-3-1U,RS_ACC1_S-1-0342,RS_ACC1_S-1-1958,RR_ACC1_S-1-3-1U_Ord004,44,110,109,9.0,6.0,14.600000000000001,05:31:00,23:05:00,6.0,pattern_median,4.5,서울 3호선,서울 3호선(오금-대화)<상행>,1
P_cc7a8236aa2f53a6,RR_ACC1_S-1-1-2D,RS_ACC1_S-1-1019,RS_ACC1_S-1-1728,RR_ACC1_S-1-1-2D_Ord025,51,12,11,40.0,19.0,57.0,12:00:00,20:19:00,19.0,pattern_median,20.0,서울 1호선,서울 1호선(광운대-신창(순천향대))<하행>,1
P_cc88700d744fd47d,BR_1100_104900002,BS_1100_104900125,BS_1100_104000038,BR_1100_104900002_Ord001,42,150,149,7.0,7.0,7.0,05:55:00,23:15:00,7.0,pattern_median,3.5,광진03,-,0
P_ccd260a94cb76906,BR_1100_100100071,BS_1100_123000354,BS_1100_123000355,BR_1100_100100071_Ord001,139,100,99,11.0,11.0,11.0,04:00:00,22:10:00,11.0,pattern_median,5.5,461,-,0
P_ccd9900384e5d057,BR_1100_112900010,BS_1100_112900002,BS_1100_112900027,BR_1100_112900010_Ord001,19,83,82,13.0,13.0,13.0,06:00:00,23:45:00,13.0,pattern_median,6.5,서대문01,-,0
P_cceea434e20a4df1,BR_TAGO_GGB222000122,BS_TAGO_GGB222000652,BS_TAGO_GGB222000653,BR_TAGO_GGB222000122_Ord001,129,2,1,20.0,20.0,20.0,06:22:30,06:42:30,20.0,pattern_median,10.0,2000-1,-,0
P_ccf3766b78776d49,BR_TAGO_GGB210000040,BS_TAGO_GGB211000219,BS_TAGO_GGB211000220,BR_TAGO_GGB210000040_Ord001,40,125,124,9.0,9.0,9.0,05:00:00,23:30:00,9.0,pattern_median,4.5,57,-,0
P_cd2737fb7682442c,BR_TAGO_GGB200000193,BS_TAGO_GGB121000920,BS_TAGO_GGB223000523,BR_TAGO_GGB200000193_Ord001,13,2,1,735.0,735.0,735.0,08:00:00,20:15:00,40.0,pattern_median,367.5,5300-1전,-,0
P_cd31dec70053b597,RR_ACC1_S-1-9-1U,RS_ACC1_S-1-4113,RS_ACC1_S-1-4138,RR_ACC1_S-1-9-1U_Ord001,12,1,0,11.0,,,05:30:00,05:30:00,11.0,route_median,5.5,서울 9호선,서울 9호선(중앙보훈병원-김포공항)(급행)<상행>,1
P_cd6235fd14714e8e,BR_1100_113900008,BS_1100_113900230,BS_1100_113900282,BR_1100_113900008_Ord001,25,137,136,8.0,8.0,8.0,05:40:00,23:45:00,8.0,pattern_median,4.0,마포10,-,0
P_cd6bc091c6561546,BR_TAGO_GGB222000179,BS_TAGO_GGB222001467,BS_TAGO_GGB222000822,BR_TAGO_GGB222000179_Ord001,17,71,70,15.0,15.0,15.0,05:28:25,22:59:48,15.0,pattern_median,7.5,M2341,-,0
P_cd7f8d15c2802b1a,BR_1100_112900008,BS_1100_112900227,BS_1100_112900018,BR_1100_112900008_Ord001,20,110,109,10.0,10.0,10.0,00:00:00,23:50:00,10.0,pattern_median,5.0,서대문14,-,0
P_cd8390af7d6857ff,BR_TAGO_GGB228000400,BS_TAGO_GGB228001817,BS_TAGO_GGB121000012,BR_TAGO_GGB228000400_Ord001,9,2,1,20.0,20.0,20.0,06:20:00,06:40:00,20.0,pattern_median,10.0,P9201(출근),-,0
P_cd91cc103cfcea65,BR_TAGO_GGB233000321,BS_TAGO_GGB121000064,BS_TAGO_GGB233003123,BR_TAGO_GGB233000321_Ord001,22,2,1,1080.0,1080.0,1080.0,06:10:00,24:10:00,7.0,pattern_median,540.0,6008,-,0
P_cdd2da360a785dd1,RR_ACC1_S-1-KJ-2U,RS_ACC1_S-1-1210,RS_ACC1_S-1-1284,RR_ACC1_S-1-KJ-2U_Ord004,43,5,4,37.5,28.2,118.20000000000002,05:20:00,09:32:00,13.0,pattern_median,18.75,경의중앙선,경의중앙선(문산-지평)<상행>,1
P_ce08cedd46770742,RR_ACC1_S-1-1-5U,RS_ACC1_S-1-1806,RS_ACC1_S-1-1003,RR_ACC1_S-1-1-5U_Ord086,12,6,5,31.0,23.0,387.6000000000001,06:56:00,19:10:00,9.0,pattern_median,15.5,서울 1호선,서울 1호선(용산-동인천)(급행)<상행>,1
P_ce1d4f20b1bb4c47,BR_TAGO_GGB227000044,BS_TAGO_GGB123000634,BS_TAGO_GGB227000190,BR_TAGO_GGB227000044_Ord001,37,2,1,1040.0,1040.0,1040.0,06:20:00,23:40:00,25.0,pattern_median,520.0,89,-,0
P_ce4d1e2aa2eaebc0,BR_TAGO_GGB216000096,BS_TAGO_GGB217000292,BS_TAGO_GGB217000289,BR_TAGO_GGB216000096_Ord002,79,3,2,30.0,30.0,30.0,23:45:00,24:45:00,30.0,pattern_median,15.0,3100N,-,0
P_ce710a4621471c3d,BR_1100_100100497,BS_1100_115000916,BS_1100_115000917,BR_1100_100100497_Ord001,55,72,71,16.0,16.0,16.0,04:30:00,23:20:00,16.0,pattern_median,8.0,653,-,0
P_ce85f2e8bf44d438,BR_TAGO_GGB234001716,BS_TAGO_GGB104000139,BS_TAGO_GGB207000350,BR_TAGO_GGB234001716_Ord001,7,2,1,30.0,30.0,30.0,18:30:00,19:00:00,30.0,pattern_median,15.0,P9404(퇴근),-,0
P_ce97011991b87760,RR_ACC1_S-1-SD-4D,RS_ACC1_S-1-1013,RS_ACC1_S-1-1873,RR_ACC1_S-1-SD-4D_Ord001,29,7,6,30.0,15.0,340.0,06:44:00,19:34:00,30.0,pattern_median,15.0,수인분당선,수인분당선(왕십리-고색)(급행)<하행>,1
P_cea5cfb4aa396fc8,RR_ACC1_S-1-9-2U,RS_ACC1_S-1-4115,RS_ACC1_S-1-4138,RR_ACC1_S-1-9-2U_Ord004,24,1,0,11.0,,,05:30:00,05:30:00,11.0,route_median,5.5,서울 9호선,서울 9호선(개화-중앙보훈병원)<상행>,1
P_cf449e712fe4a513,BR_TAGO_GGB213000007,BS_TAGO_GGB118000198,BS_TAGO_GGB213000051,BR_TAGO_GGB213000007_Ord001,28,2,1,1110.0,1110.0,1110.0,05:30:00,24:00:00,9.0,pattern_median,555.0,11-1,-,0
P_cf71091ddee3f239,BR_TAGO_GGB200000149,BS_TAGO_GGB233003173,BS_TAGO_GGB233001998,BR_TAGO_GGB200000149_Ord001,44,57,56,20.0,20.0,20.0,05:00:00,23:30:00,20.0,pattern_median,10.0,7790,-,0
P_cfc04749ee1d4509,BR_TAGO_GGB221000033,BS_TAGO_GGB106000203,BS_TAGO_GGB221000217,BR_TAGO_GGB221000033_Ord001,12,2,1,1010.4666666666667,1010.4666666666667,1010.4666666666667,06:42:49,23:33:17,15.0,pattern_median,505.23333333333335,1680,-,0
P_d019e29b73b1d608,BR_1100_100900004,BS_1100_100900197,BS_1100_100900110,BR_1100_100900004_Ord001,19,55,54,18.0,18.0,18.0,06:00:00,22:00:00,18.0,pattern_median,9.0,종로07,-,0
P_d02212deda31eb53,BR_1100_103900001,BS_1100_103900149,BS_1100_103900005,BR_1100_103900001_Ord001,17,135,134,8.0,8.0,8.0,05:50:00,23:38:00,8.0,pattern_median,4.0,성동09,-,0
P_d041163e95a47b38,RR_ACC1_S-1-9-1D,RS_ACC1_S-1-4138,RS_ACC1_S-1-4102,RR_ACC1_S-1-9-1D_Ord001,16,116,115,11.0,6.333333333333333,12.0,05:52:00,24:12:40,11.0,pattern_median,5.5,서울 9호선,서울 9호선(중앙보훈병원-김포공항)(급행)<하행>,1
P_d04494c3660eeacc,BR_TAGO_ICB165000146,BS_TAGO_ICB168001070,BS_TAGO_ICB168001069,BR_TAGO_ICB165000146_Ord002,73,39,38,30.0,30.0,30.0,05:00:00,23:40:00,30.0,pattern_median,15.0,1100,-,0
P_d048c82fa3f262a9,RR_ACC1_S-1-1-5D,RS_ACC1_S-1-1701,RS_ACC1_S-1-1806,RR_ACC1_S-1-1-5D_Ord084,6,1,0,8.0,,,06:55:00,06:55:00,8.0,route_median,4.0,서울 1호선,서울 1호선(용산-동인천)(급행)<하행>,1
P_d05183f0fe0d8e9a,BR_TAGO_GGB236000234,BS_TAGO_GGB121000018,BS_TAGO_GGB236000785,BR_TAGO_GGB236000234_Ord001,10,2,1,1020.0,1020.0,1020.0,06:50:00,23:50:00,25.0,pattern_median,510.0,1403,-,0
P_d078775a67407adf,BR_TAGO_ICB165000149,BS_TAGO_ICB112000170,BS_TAGO_ICB164000659,BR_TAGO_ICB165000149_Ord001,48,2,1,1120.0,1120.0,1120.0,06:20:00,25:00:00,60.0,pattern_median,560.0,1300,-,0
P_d0a9ae334bca7a3b,BR_1100_116900008,BS_1100_116900161,BS_1100_118900087,BR_1100_116900008_Ord001,44,160,159,7.0,7.0,7.0,00:06:00,23:59:00,7.0,pattern_median,3.5,영등포01,-,0
P_d0dc8abf85b51767,BR_TAGO_GGB227000002,BS_TAGO_GGB124000077,BS_TAGO_GGB227000260,BR_TAGO_GGB227000002_Ord001,39,2,1,960.0,960.0,960.0,07:00:00,23:00:00,30.0,pattern_median,480.0,81,-,0
P_d104a07e98df7ee0,RR_ACC1_S-1-GC-3U,RS_ACC1_S-1-1329,RS_ACC1_S-1-1014,RR_ACC1_S-1-GC-3U_Ord001,14,2,1,831.0,831.0,831.0,06:12:00,20:03:00,831.0,pattern_median,415.5,경춘선,경춘선(청량리-춘천)(급행)<상행>,1
P_d107f25cd9470c77,RR_ACC1_S-1-KJ-7D,RS_ACC1_S-1-1284,RS_ACC1_S-1-1210,RR_ACC1_S-1-KJ-7D_Ord001,33,3,2,26.0,18.8,33.2,06:23:00,07:15:00,26.0,pattern_median,13.0,경의중앙선,경의중앙선(문산-팔당)(급행)<하행>,1
P_d11316504fe43f6a,RR_ACC1_S-1-KJ-2U,RS_ACC1_S-1-1220,RS_ACC1_S-1-1271,RR_ACC1_S-1-KJ-2U_Ord081,40,1,0,13.0,,,22:02:00,22:02:00,13.0,route_median,6.5,경의중앙선,경의중앙선(문산-지평)<상행>,1
P_d11d0aab6fa94ac3,BR_TAGO_GGB232000106,BS_TAGO_GGB232000725,BS_TAGO_GGB232000724,BR_TAGO_GGB232000106_Ord001,38,1,0,18.0,,,00:46:47,00:46:47,,global_median,9.0,이음2,-,0
P_d15343183b4c1d7b,BR_TAGO_GGB234000050,BS_TAGO_GGB208000158,BS_TAGO_GGB221000047,BR_TAGO_GGB234000050_Ord001,33,2,1,1109.3833333333334,1109.3833333333334,1109.3833333333334,05:28:07,23:57:30,6.0,pattern_median,554.6916666666667,1650,-,0
P_d171bfca103909d6,BR_1100_100100593,BS_1100_110000093,BS_1100_110000088,BR_1100_100100593_Ord001,145,15,14,18.0,18.0,18.0,00:06:00,23:48:00,18.0,pattern_median,9.0,N13,-,0
P_d1b6cf1748881b6a,RR_ACC1_S-1-KJ-2D,RS_ACC1_S-1-1275,RS_ACC1_S-1-1219,RR_ACC1_S-1-KJ-2D_Ord015,44,3,2,431.5,177.5,685.5,07:48:00,22:11:00,13.0,pattern_median,215.75,경의중앙선,경의중앙선(문산-지평)<하행>,1
P_d1c2fecd3476b1e0,BR_TAGO_GGB227000039,BS_TAGO_GGB227000261,BS_TAGO_GGB227000260,BR_TAGO_GGB227000039_Ord002,45,38,37,30.0,29.993333333333332,30.0,05:00:48,23:15:42,30.0,pattern_median,15.0,9303-1,-,0
P_d1e0bf56d43fdba9,BR_TAGO_GGB210000093,BS_TAGO_GGB212000379,BS_TAGO_GGB212000380,BR_TAGO_GGB210000093_Ord002,53,109,108,10.0,10.0,10.0,05:00:00,23:00:00,10.0,pattern_median,5.0,77,-,0
P_d1e3381b5a57aeb1,BR_1100_119900001,BS_1100_119900081,BS_1100_119900154,BR_1100_119900001_Ord001,19,43,42,25.0,25.0,25.0,06:00:00,23:25:00,25.0,pattern_median,12.5,동작20,-,0
P_d1e6566e3726dc1f,BR_TAGO_GGB228000420,BS_TAGO_GGB228000683,BS_TAGO_GGB228000192,BR_TAGO_GGB228000420_Ord001,84,2,1,30.0,30.0,30.0,07:40:00,08:10:00,30.0,pattern_median,15.0,5600(예약),-,0
P_d21e2c4fedec9524,BR_TAGO_GGB210000069,BS_TAGO_GGB210000548,BS_TAGO_GGB210000330,BR_TAGO_GGB210000069_Ord002,69,71,70,15.0,15.0,15.0,05:05:00,22:35:00,15.0,pattern_median,7.5,59-1,-,0
P_d22e0817bfbc4325,BR_TAGO_GGB234001516,BS_TAGO_GGB234001048,BS_TAGO_GGB234000271,BR_TAGO_GGB234001516_Ord002,43,109,108,10.0,10.0,10.0,05:00:00,23:00:00,10.0,pattern_median,5.0,1113-2,-,0
P_d29590d9e1bc8f46,BR_1100_100100588,BS_1100_114000271,BS_1100_114000267,BR_1100_100100588_Ord001,158,12,11,20.0,20.0,20.0,00:00:00,23:40:00,20.0,pattern_median,10.0,N62,-,0
P_d2a4419c36d58f04,BR_1100_100100605,BS_1100_121000289,BS_1100_121000299,BR_1100_100100605_Ord001,95,111,110,10.0,10.0,10.0,04:00:00,22:15:00,10.0,pattern_median,5.0,463,-,0
P_d2a512a2cd1261e7,RR_ACC1_S-1-1-2U,RS_ACC1_S-1-1728,RS_ACC1_S-1-0158,RR_ACC1_S-1-1-2U_Ord001,46,5,4,156.0,119.4,277.3,05:01:00,17:26:00,17.5,pattern_median,78.0,서울 1호선,서울 1호선(광운대-신창(순천향대))<상행>,1
P_d368165a1bd41602,BR_TAGO_GGB210000042,BS_TAGO_GGB115000052,BS_TAGO_GGB210000533,BR_TAGO_GGB210000042_Ord001,38,2,1,1085.0,1085.0,1085.0,05:25:00,23:30:00,13.0,pattern_median,542.5,59,-,0
P_d36ba80521705663,BR_TAGO_GGB236000237,BS_TAGO_GGB236001248,BS_TAGO_GGB236001247,BR_TAGO_GGB236000237_Ord001,71,2,1,16.9,16.9,16.9,23:50:38,24:07:32,16.9,pattern_median,8.45,3100N,-,0
P_d37119bce613152a,BR_TAGO_GGB228000182,BS_TAGO_GGB121000009,BS_TAGO_GGB228002027,BR_TAGO_GGB228000182_Ord111,49,1,0,10.0,,,24:33:39,24:33:39,10.0,route_median,5.0,5003,-,0
P_d3897e00aa58f93d,BR_1100_107000003,BS_1100_100000041,BS_1100_100000188,BR_1100_107000003_Ord001,12,19,18,25.0,25.0,25.0,10:30:00,18:00:00,25.0,pattern_median,12.5,8002,-,0
P_d3b167faf6f77944,BR_TAGO_GGB234001705,BS_TAGO_GGB234000148,BS_TAGO_GGB234000913,BR_TAGO_GGB234001705_Ord001,55,49,48,20.0,20.0,20.0,05:30:00,21:30:00,20.0,pattern_median,10.0,3800,-,0
P_d3cd4aa0615c30cb,BR_1100_113900010,BS_1100_113900285,BS_1100_113900015,BR_1100_113900010_Ord001,32,118,117,9.0,9.0,9.0,06:00:00,23:35:00,9.0,pattern_median,4.5,마포07,-,0
P_d3f977da05503070,BR_TAGO_GGB204000172,BS_TAGO_GGB206000853,BS_TAGO_GGB206000659,BR_TAGO_GGB204000172_Ord002,31,73,72,15.0,15.0,15.0,05:00:00,23:00:00,15.0,pattern_median,7.5,4103,-,0
P_d41e855e08d57d10,RR_ACC1_S-1-7-1D,RS_ACC1_S-1-2712,RS_ACC1_S-1-3763,RR_ACC1_S-1-7-1D_Ord010,52,78,77,12.0,9.0,16.200000000000003,05:30:00,23:18:00,4.5,pattern_median,6.0,서울 7호선,서울 7호선(석남(거북시장)-장암)<하행>,1
P_d474b3655b677b04,BR_1100_100100139,BS_1100_108000066,BS_1100_108000195,BR_1100_100100139_Ord001,37,74,73,16.0,16.0,16.0,00:12:00,23:56:00,16.0,pattern_median,8.0,1124,-,0
P_d48f91a93af345b6,BR_TAGO_GGB232000118,BS_TAGO_GGB112000170,BS_TAGO_GGB232000038,BR_TAGO_GGB232000118_Ord001,14,2,1,1120.1666666666667,1120.1666666666667,1120.1666666666667,05:31:16,24:11:26,20.0,pattern_median,560.0833333333334,G6005,-,0
P_d4a44cd4db856de5,BR_TAGO_GGB234001609,BS_TAGO_GGB123000004,BS_TAGO_GGB234000605,BR_TAGO_GGB234001609_Ord001,56,2,1,60.233333333333334,60.233333333333334,60.233333333333334,24:16:42,25:16:56,30.0,pattern_median,30.116666666666667,500-1A,-,0
P_d4b156157f4a8ed2,BR_1100_116900007,BS_1100_116900095,BS_1100_116900128,BR_1100_116900007_Ord001,53,89,88,12.0,12.0,12.0,05:50:00,23:25:00,12.0,pattern_median,6.0,구로09,-,0
P_d4b630b585c707e3,BR_1100_115900002,BS_1100_115900164,BS_1100_115900071,BR_1100_115900002_Ord001,38,96,95,11.0,11.0,11.0,05:45:00,23:10:00,11.0,pattern_median,5.5,강서06,-,0
P_d4c2032e43b2d593,BR_TAGO_GGB210000038,BS_TAGO_GGB213000400,BS_TAGO_GGB212000380,BR_TAGO_GGB210000038_Ord001,85,2,1,1095.0,1095.0,1095.0,05:45:00,24:00:00,7.0,pattern_median,547.5,75,-,0
P_d4f8c327426419a1,BR_1100_105900004,BS_1100_105900002,BS_1100_107900121,BR_1100_105900004_Ord001,36,71,70,15.0,15.0,15.0,06:00:00,23:30:00,15.0,pattern_median,7.5,성북20,-,0
P_d500f4cb7cd7c104,RR_ACC1_S-1-1-1U,RS_ACC1_S-1-1812,RS_ACC1_S-1-1916,RR_ACC1_S-1-1-1U_Ord004,62,14,13,59.0,53.2,108.20000000000003,05:49:00,22:05:00,8.0,pattern_median,29.5,서울 1호선,서울 1호선(소요산-인천)<상행>,1
P_d50322ea610f79f7,BR_1100_107900015,BS_1100_107900001,BS_1100_107900156,BR_1100_107900015_Ord001,17,83,82,13.0,13.0,13.0,06:00:00,23:46:00,13.0,pattern_median,6.5,성북15,-,0
P_d5069a11b737d21b,BR_1100_100100425,BS_1100_107000244,BS_1100_107000243,BR_1100_100100425_Ord001,63,131,130,9.0,9.0,9.0,04:00:00,23:30:00,9.0,pattern_median,4.5,1122,-,0
P_d526a44e2455e91b,BR_TAGO_GGB224000040,BS_TAGO_GGB224000876,BS_TAGO_GGB224000626,BR_TAGO_GGB224000040_Ord001,35,105,104,10.0,10.0,10.0,05:40:00,23:00:00,10.0,pattern_median,5.0,5604,-,0
P_d52fc0996de80859,BR_TAGO_GGB226000022,BS_TAGO_GGB226000109,BS_TAGO_GGB226000070,BR_TAGO_GGB226000022_Ord001,24,107,106,10.0,10.0,10.0,05:20:00,23:00:00,10.0,pattern_median,5.0,G3900,-,0
P_d591876c20e8f612,BR_1100_100100091,BS_1100_210000246,BS_1100_210000245,BR_1100_100100091_Ord001,125,75,74,15.0,15.0,15.0,04:00:00,22:30:00,15.0,pattern_median,7.5,606,-,0
P_d591ccf93f32e469,BR_1100_100100501,BS_1100_123000354,BS_1100_123000355,BR_1100_100100501_Ord001,54,68,67,17.0,17.0,17.0,04:30:00,23:30:00,17.0,pattern_median,8.5,3319,-,0
P_d5cd93b2d996eab0,BR_TAGO_GGB234000079,BS_TAGO_GGB123000004,BS_TAGO_GGB234000605,BR_TAGO_GGB234000079_Ord001,50,2,1,1080.4666666666667,1080.4666666666667,1080.4666666666667,05:46:47,23:47:15,10.0,pattern_median,540.2333333333333,500-1,-,0
P_d5ce628d4bacf8a2,RR_ACC1_S-1-2-3U,RS_ACC1_S-1-0211,RS_ACC1_S-1-0228,RR_ACC1_S-1-2-3U_Ord035,242,1,0,5.5,,,16:34:30,16:34:30,5.5,route_median,2.75,서울 2호선,서울 2호선(본선)<외선>,1
P_d5d43d2b9a945777,BR_TAGO_GGB207000027,BS_TAGO_GGB215000216,BS_TAGO_GGB215000217,BR_TAGO_GGB207000027_Ord002,173,126,125,10.0,10.0,10.0,04:01:20,24:51:48,10.0,pattern_median,5.0,36,-,0
P_d5f8c5e3d1c22a64,BR_TAGO_GGB228000179,BS_TAGO_GGB122000303,BS_TAGO_GGB206000215,BR_TAGO_GGB228000179_Ord001,51,2,1,1035.0,1035.0,1035.0,06:10:00,23:25:00,15.0,pattern_median,517.5,101,-,0
P_d60a0206289d17ef,BR_1100_124000008,BS_1100_112000202,BS_1100_112000094,BR_1100_124000008_Ord001,33,46,45,25.0,25.0,25.0,04:20:00,23:00:00,25.0,pattern_median,12.5,7719,-,0
P_d6374c93588018c6,BR_TAGO_GGB208000026,BS_TAGO_GGB123000055,BS_TAGO_GGB225000181,BR_TAGO_GGB208000026_Ord001,71,2,1,1060.0,1060.0,1060.0,06:00:00,23:40:00,15.0,pattern_median,530.0,917,-,0
P_d6577101a947db33,BR_TAGO_GGB210000042,BS_TAGO_GGB210000561,BS_TAGO_GGB210000533,BR_TAGO_GGB210000042_Ord002,77,82,81,13.0,13.0,13.0,05:10:00,22:40:00,13.0,pattern_median,6.5,59,-,0
P_d678c812ac72f4d8,RR_ACC1_S-1-WS-1U,RS_ACC1_S-1-4701,RS_ACC1_S-1-4713,RR_ACC1_S-1-WS-1U_Ord001,13,258,257,4.0,2.8833333333333333,5.100000000000002,05:30:00,24:37:00,4.0,pattern_median,2.0,우이신설경전철,우이신설경전철(북한산우이-신설동)<상행>,1
P_d6898dd2d17071f3,BR_1100_121900007,BS_1100_121900005,BS_1100_121000259,BR_1100_121900007_Ord001,48,97,96,11.0,11.0,11.0,05:30:00,23:00:00,11.0,pattern_median,5.5,서초09,-,0
P_d6919738355ebb36,BR_TAGO_ICB165000052,BS_TAGO_ICB115000295,BS_TAGO_ICB168001345,BR_TAGO_ICB165000052_Ord001,43,2,1,1120.0,1120.0,1120.0,05:50:00,24:30:00,17.0,pattern_median,560.0,78,-,0
P_d69535f4e7fcc1b8,BR_1100_115900008,BS_1100_115900245,BS_1100_115000624,BR_1100_115900008_Ord001,15,42,41,25.0,25.0,25.0,05:55:00,23:00:00,25.0,pattern_median,12.5,강서05-1,-,0
P_d6bb9b882cf1de73,BR_TAGO_ICB165000160,BS_TAGO_ICB163000510,BS_TAGO_ICB163000211,BR_TAGO_ICB165000160_Ord002,57,56,55,20.0,20.0,20.0,05:00:00,23:10:00,20.0,pattern_median,10.0,9100,-,0
P_d6f8edf4196ec437,BR_TAGO_GGB222000032,BS_TAGO_GGB227000079,BS_TAGO_GGB222000797,BR_TAGO_GGB222000032_Ord001,86,2,1,1130.0,1130.0,1130.0,05:00:00,23:50:00,10.0,pattern_median,565.0,1-4,-,0
P_d6faa6f6f8784f41,BR_TAGO_GGB204000046,BS_TAGO_GGB206000010,BS_TAGO_GGB101000005,BR_TAGO_GGB204000046_Ord001,17,1,0,20.0,,,05:40:00,05:40:00,20.0,route_median,10.0,9003,-,0
P_d6fbf130b8caf9f3,RR_ACC1_S-1-6-1,RS_ACC1_S-1-2649,RS_ACC1_S-1-2648,RR_ACC1_S-1-6-1_Ord014,144,1,0,8.5,,,05:39:00,05:39:00,8.5,route_median,4.25,서울 6호선,서울 6호선(신내-응암),1
P_d703f6f2f276cd5e,BR_TAGO_GGB236000176,BS_TAGO_GGB104000111,BS_TAGO_GGB236001247,BR_TAGO_GGB236000176_Ord001,37,2,1,1110.0,1110.0,1110.0,06:30:00,25:00:00,20.0,pattern_median,555.0,3500,-,0
P_d77102e964df6260,RR_ACC1_S-1-9-2D,RS_ACC1_S-1-4120,RS_ACC1_S-1-4101,RR_ACC1_S-1-9-2D_Ord003,20,1,0,11.0,,,05:30:00,05:30:00,11.0,route_median,5.5,서울 9호선,서울 9호선(개화-중앙보훈병원)<하행>,1
P_d77cf64373fdd23a,BR_TAGO_GGB227000006,BS_TAGO_GGB123000042,BS_TAGO_GGB227000062,BR_TAGO_GGB227000006_Ord001,34,2,1,1140.0,1140.0,1140.0,04:45:00,23:45:00,15.0,pattern_median,570.0,30-3,-,0
P_d7a1260bd027165b,BR_TAGO_GGB204000156,BS_TAGO_GGB205000033,BS_TAGO_GGB205000085,BR_TAGO_GGB204000156_Ord002,70,34,33,30.0,30.0,30.0,05:50:00,22:00:00,30.0,pattern_median,15.0,9800,-,0
P_d7b365e6eef7944c,BR_TAGO_GGB229000027,BS_TAGO_GGB111000932,BS_TAGO_GGB229001338,BR_TAGO_GGB229000027_Ord001,56,2,1,1010.0,1010.0,1010.0,05:50:00,22:40:00,30.0,pattern_median,505.0,31,-,0
P_d7e7ad686b91458c,BR_TAGO_GGB204000005,BS_TAGO_GGB206000167,BS_TAGO_GGB206000121,BR_TAGO_GGB204000005_Ord002,119,176,175,6.0,6.0,6.0,05:00:00,22:30:00,6.0,pattern_median,3.0,57,-,0
P_d7f5a3130cad58c2,BR_TAGO_GGB208000007,BS_TAGO_GGB209000076,BS_TAGO_GGB209000053,BR_TAGO_GGB208000007_Ord002,80,68,67,16.0,16.0,16.0,04:50:00,22:40:00,16.0,pattern_median,8.0,1,-,0
P_d7fdb37756bf07e5,RR_ACC1_S-1-1-7D,RS_ACC1_S-1-0158,RS_ACC1_S-1-1728,RR_ACC1_S-1-1-7D_Ord001,32,3,2,371.5,105.5,637.5,06:25:00,18:48:00,65.0,pattern_median,185.75,서울 1호선,서울 1호선(청량리-신창(순천향대))(급행)<하행>,1
P_d80892349176025d,BR_TAGO_ICB165000421,BS_TAGO_ICB165000919,BS_TAGO_ICB165000918,BR_TAGO_ICB165000421_Ord001,94,19,18,60.0,60.0,60.0,05:00:00,23:00:00,60.0,pattern_median,30.0,1302,-,0
P_d808c895a4544c14,BR_TAGO_GGB218000112,BS_TAGO_GGB219000434,BS_TAGO_GGB219000425,BR_TAGO_GGB218000112_Ord002,21,12,11,93.0,93.0,93.0,06:00:00,23:00:00,93.0,pattern_median,46.5,M7646,-,0
P_d872096b32ca6f14,BR_TAGO_GGB234001691,BS_TAGO_GGB223000129,BS_TAGO_GGB223000085,BR_TAGO_GGB234001691_Ord002,40,25,24,40.0,40.0,40.0,06:00:00,21:40:00,40.0,pattern_median,20.0,1311B,-,0
P_d8752719ce3fd01c,RR_ACC1_S-1-7-1U,RS_ACC1_S-1-2731,RS_ACC1_S-1-2711,RR_ACC1_S-1-7-1U_Ord003,21,1,0,5.5,,,05:39:00,05:39:00,5.5,route_median,2.75,서울 7호선,서울 7호선(석남(거북시장)-장암)<상행>,1
P_d87f00a7b56f621b,RR_ACC1_S-1-7-1D,RS_ACC1_S-1-2712,RS_ACC1_S-1-2752,RR_ACC1_S-1-7-1D_Ord037,41,34,33,10.0,3.4000000000000004,28.300000000000008,07:25:30,23:38:00,4.5,pattern_median,5.0,서울 7호선,서울 7호선(석남(거북시장)-장암)<하행>,1
P_d8b2ecd6f0f063c7,BR_TAGO_GGB233000384,BS_TAGO_GGB233002086,BS_TAGO_GGB121001315,BR_TAGO_GGB233000384_Ord001,8,3,2,20.0,20.0,20.0,07:30:00,08:10:00,20.0,pattern_median,10.0,7790(예약),-,0
P_d8bac82d0e1372ec,RR_ACC1_S-1-7-1D,RS_ACC1_S-1-2745,RS_ACC1_S-1-3763,RR_ACC1_S-1-7-1D_Ord002,19,1,0,4.5,,,05:30:00,05:30:00,4.5,route_median,2.25,서울 7호선,서울 7호선(석남(거북시장)-장암)<하행>,1
P_d8bb1f08535305ae,RR_ACC1_S-1-1-2U,RS_ACC1_S-1-1408,RS_ACC1_S-1-0158,RR_ACC1_S-1-1-2U_Ord007,53,4,3,53.0,35.4,199.4,06:40:00,12:00:00,17.5,pattern_median,26.5,서울 1호선,서울 1호선(광운대-신창(순천향대))<상행>,1
P_d8c00625c8145b6e,RR_ACC1_S-1-5-3U,RS_ACC1_S-1-2541,RS_ACC1_S-1-2511,RR_ACC1_S-1-5-3U_Ord003,31,1,0,3.5,,,05:30:00,05:30:00,3.5,route_median,1.75,서울 5호선,서울 5호선(방화-강동)<상행>,1
P_d8d437d2f5e7b260,BR_1100_122900007,BS_1100_122900074,BS_1100_122900089,BR_1100_122900007_Ord001,24,52,51,20.0,20.0,20.0,06:10:00,23:10:00,20.0,pattern_median,10.0,강남06-1,-,0
P_d908249f5988e2df,BR_TAGO_GGB234000065,BS_TAGO_GGB228001371,BS_TAGO_GGB228000349,BR_TAGO_GGB234000065_Ord002,126,36,35,30.0,30.0,30.0,05:00:00,22:30:00,30.0,pattern_median,15.0,1005,-,0
P_d91ac96f4425172c,RR_ACC1_S-1-4-2D,RS_ACC1_S-1-0433,RS_ACC1_S-1-1762,RR_ACC1_S-1-4-2D_Ord113,24,1,0,6.25,,,05:50:00,05:50:00,6.25,route_median,3.125,서울 4호선,서울 4호선(안산-오이도)<하행>,1
P_d923e1b3a61dc973,BR_1100_100100175,BS_1100_106000101,BS_1100_106000102,BR_1100_100100175_Ord001,68,98,97,12.0,12.0,12.0,04:00:00,23:20:00,12.0,pattern_median,6.0,1213,-,0
P_d94cac9b986cf3d1,BR_TAGO_GGB208000016,BS_TAGO_GGB226000109,BS_TAGO_GGB226000070,BR_TAGO_GGB208000016_Ord002,146,91,90,12.0,12.0,12.0,04:35:41,22:30:40,12.0,pattern_median,6.0,5,-,0
P_d98ae39f3ce4b697,BR_TAGO_GGB222000026,BS_TAGO_GGB239000682,BS_TAGO_GGB239000429,BR_TAGO_GGB222000026_Ord002,165,43,42,25.0,25.0,25.0,05:00:00,22:20:00,25.0,pattern_median,12.5,93,-,0
P_d9a9a3144e22dbd2,BR_1100_108900014,BS_1100_111901147,BS_1100_111001129,BR_1100_108900014_Ord001,25,78,77,14.0,14.0,14.0,00:00:00,23:44:00,14.0,pattern_median,7.0,서대문15,-,0
P_d9dff6dbc18532df,BR_1100_100100024,BS_1100_108000066,BS_1100_108000195,BR_1100_100100024_Ord001,101,141,140,8.0,8.0,8.0,04:00:00,22:40:00,8.0,pattern_median,4.0,145,-,0
P_d9e55f4067214306,BR_1100_122900003,BS_1100_122000337,BS_1100_122000278,BR_1100_122900003_Ord001,33,44,43,24.0,24.0,24.0,06:00:00,22:58:00,24.0,pattern_median,12.0,강남01,-,0
P_d9e691268d1f0612,BR_1100_100100598,BS_1100_106000469,BS_1100_106000480,BR_1100_100100598_Ord001,108,127,126,9.0,9.0,9.0,04:00:00,22:50:00,9.0,pattern_median,4.5,2115,-,0
P_da0b65befb25b8ec,BR_TAGO_GGB213000006,BS_TAGO_GGB224000449,BS_TAGO_GGB224000435,BR_TAGO_GGB213000006_Ord002,158,118,117,9.0,9.0,9.0,05:00:00,22:30:00,9.0,pattern_median,4.5,1,-,0
P_da10eaa36b30667d,BR_1100_113000004,BS_1100_206000245,BS_1100_206000244,BR_1100_113000004_Ord001,15,69,68,15.0,15.0,15.0,06:00:00,23:00:00,15.0,pattern_median,7.5,9401-1,-,0
P_da1b253c8e65dc89,BR_TAGO_GGB234000884,BS_TAGO_GGB203000125,BS_TAGO_GGB228000723,BR_TAGO_GGB234000884_Ord002,71,211,210,5.0,5.0,5.0,05:06:52,22:35:26,5.0,pattern_median,2.5,1560,-,0
P_da4faab0e8cbc0b2,BR_TAGO_GGB239000024,BS_TAGO_GGB239000117,BS_TAGO_GGB239000473,BR_TAGO_GGB239000024_Ord002,208,20,19,60.0,60.0,60.0,05:00:00,23:30:00,60.0,pattern_median,30.0,1330-44,-,0
P_da62ec35b3980986,BR_1100_119900017,BS_1100_119900082,BS_1100_119900082,BR_1100_119900017_Ord001,20,67,66,16.0,16.0,16.0,05:45:00,23:15:00,16.0,pattern_median,8.0,동작16,-,0
P_da8cda0deb571381,BR_1100_116000002,BS_1100_114000395,BS_1100_114000267,BR_1100_116000002_Ord001,43,63,62,18.0,18.0,18.0,04:30:00,23:00:00,18.0,pattern_median,9.0,6615,-,0
P_daeddfd9a6f71c58,BR_TAGO_GGB222000074,BS_TAGO_GGB121000015,BS_TAGO_GGB222000797,BR_TAGO_GGB222000074_Ord001,62,2,1,1060.0,1060.0,1060.0,06:50:00,24:30:00,20.0,pattern_median,530.0,1100,-,0
P_db1f71f305e3225e,BR_TAGO_GGB234000314,BS_TAGO_GGB233001447,BS_TAGO_GGB233001455,BR_TAGO_GGB234000314_Ord002,35,107,106,10.0,10.0,10.0,05:10:00,22:50:00,10.0,pattern_median,5.0,6004,-,0
P_db289e48a78d2a44,BR_TAGO_GGB232000092,BS_TAGO_GGB232000847,BS_TAGO_GGB118000501,BR_TAGO_GGB232000092_Ord001,12,1,0,9.0,,,05:30:00,05:30:00,9.0,route_median,4.5,7000,-,0
P_db35f6d96fc879d0,BR_1100_119900009,BS_1100_119900076,BS_1100_119000127,BR_1100_119900009_Ord001,35,156,155,7.0,7.0,7.0,05:30:00,23:30:00,7.0,pattern_median,3.5,동작08,-,0
P_db46fd65157db077,BR_TAGO_GGB219000013,BS_TAGO_GGB101000332,BS_TAGO_GGB219000400,BR_TAGO_GGB219000013_Ord001,19,2,1,1169.4166666666667,1169.4166666666667,1169.4166666666667,05:32:08,25:01:33,10.0,pattern_median,584.7083333333334,1000,-,0
P_db5af98b8aad8d38,BR_TAGO_GGB200000115,BS_TAGO_GGB121000001,BS_TAGO_GGB228000708,BR_TAGO_GGB200000115_Ord001,16,2,1,1130.0,1130.0,1130.0,06:10:00,25:00:00,6.0,pattern_median,565.0,5100,-,0
P_db5d8c20e3b03d60,RR_ACC1_S-1-5-1D,RS_ACC1_S-1-2511,RS_ACC1_S-1-2554,RR_ACC1_S-1-5-1D_Ord016,44,6,5,23.5,15.1,546.0000000000001,07:22:00,23:37:00,13.0,pattern_median,11.75,서울 5호선,서울 5호선(방화-하남풍산)<하행>,1
P_db65184cff54b219,BR_1100_120900009,BS_1100_120900079,BS_1100_120900152,BR_1100_120900009_Ord001,27,180,179,6.0,6.0,6.0,06:00:00,23:55:00,6.0,pattern_median,3.0,관악04,-,0
P_db682ea6af968a8a,BR_1100_114900004,BS_1100_120000412,BS_1100_120000155,BR_1100_114900004_Ord001,15,69,68,16.0,16.0,16.0,05:30:00,23:30:00,16.0,pattern_median,8.0,관악11,-,0
P_dbc0727d535946de,BR_1100_100100221,BS_1100_123000354,BS_1100_123000355,BR_1100_100100221_Ord001,74,163,162,7.0,7.0,7.0,04:30:00,23:20:00,7.0,pattern_median,3.5,3315,-,0
P_dbc6b9e550358775,BR_1100_120900006,BS_1100_120900081,BS_1100_120900005,BR_1100_120900006_Ord001,10,110,109,10.0,10.0,10.0,05:30:00,23:40:00,10.0,pattern_median,5.0,관악07,-,0
P_dc0d75997d328add,BR_TAGO_GGB218000117,BS_TAGO_GGB229002348,BS_TAGO_GGB229002599,BR_TAGO_GGB218000117_Ord001,28,81,80,14.0,14.0,14.0,05:00:00,23:30:00,14.0,pattern_median,7.0,3400,-,0
P_dc18861e7cd1a061,BR_TAGO_GGB228000394,BS_TAGO_GGB121000009,BS_TAGO_GGB228002027,BR_TAGO_GGB228000394_Ord001,35,2,1,222.1,222.1,222.1,06:22:41,10:04:47,10.0,pattern_median,111.05,5002A,-,0
P_dc4005544f686689,BR_1100_113900002,BS_1100_113900302,BS_1100_113900312,BR_1100_113900002_Ord001,16,108,107,10.0,10.0,10.0,06:00:00,23:45:00,10.0,pattern_median,5.0,마포03,-,0
P_dc4a29ecaa302048,BR_TAGO_GGB236000052,BS_TAGO_GGB109000010,BS_TAGO_GGB236000167,BR_TAGO_GGB236000052_Ord001,75,2,1,1080.0166666666667,1080.0166666666667,1080.0166666666667,05:31:33,23:31:34,20.0,pattern_median,540.0083333333333,72-3,-,0
P_dc69c8d53864c405,BR_1100_104900001,BS_1100_104900128,BS_1100_104900085,BR_1100_104900001_Ord001,38,112,111,9.0,9.0,9.0,06:00:00,22:35:00,9.0,pattern_median,4.5,광진04,-,0
P_dc8ed0fbe93fbdac,BR_1100_117900005,BS_1100_117900130,BS_1100_117000116,BR_1100_117900005_Ord001,42,119,118,9.0,9.0,9.0,05:50:00,23:30:00,9.0,pattern_median,4.5,금천08,-,0
P_dcbcb5ac995e894c,BR_1100_100100177,BS_1100_108000062,BS_1100_108000195,BR_1100_100100177_Ord001,88,103,102,11.0,11.0,11.0,04:10:00,22:50:00,11.0,pattern_median,5.5,1218,-,0
P_dcc5f6b059263515,BR_TAGO_GGB228000263,BS_TAGO_GGB203000254,BS_TAGO_GGB203000253,BR_TAGO_GGB228000263_Ord002,46,106,105,10.0,10.0,10.0,05:10:00,22:40:00,10.0,pattern_median,5.0,5007,-,0
P_dcd56e41cb51cb7f,BR_TAGO_GGB200000010,BS_TAGO_GGB118000012,BS_TAGO_GGB203000037,BR_TAGO_GGB200000010_Ord001,81,2,1,1090.0,1090.0,1090.0,05:30:00,23:40:00,10.0,pattern_median,545.0,900,-,0
P_dcd6ac6c4fce510f,RR_ACC1_S-1-2-1D,RS_ACC1_S-1-0234,RS_ACC1_S-1-2519,RR_ACC1_S-1-2-1D_Ord001,5,110,109,10.0,9.0,14.0,05:30:00,24:51:00,10.0,pattern_median,5.0,서울 2호선,서울 2호선(신정지선)<내선>,1
P_dd145c6c636056a6,RR_ACC1_S-1-9-2D,RS_ACC1_S-1-4138,RS_ACC1_S-1-4131,RR_ACC1_S-1-9-2D_Ord130,8,1,0,11.0,,,24:45:00,24:45:00,11.0,route_median,5.5,서울 9호선,서울 9호선(개화-중앙보훈병원)<하행>,1
P_dd233972579657db,BR_TAGO_GGB229000247,BS_TAGO_GGB229002444,BS_TAGO_GGB100000025,BR_TAGO_GGB229000247_Ord001,87,1,0,220.0,,,08:35:00,08:35:00,220.0,route_median,110.0,9710-1,-,0
P_dd2fbeda0ff61673,BR_TAGO_GGB210000093,BS_TAGO_GGB212000058,BS_TAGO_GGB212000380,BR_TAGO_GGB210000093_Ord001,28,2,1,1080.0,1080.0,1080.0,05:30:00,23:30:00,10.0,pattern_median,540.0,77,-,0
P_dd55e1b7de1ade4a,BR_TAGO_GGB204000013,BS_TAGO_GGB204000308,BS_TAGO_GGB206000121,BR_TAGO_GGB204000013_Ord001,56,2,1,1029.9166666666667,1029.9166666666667,1029.9166666666667,06:08:17,23:18:12,15.0,pattern_median,514.9583333333334,60,-,0
P_dd786805bc9c1827,BR_1100_112900011,BS_1100_112900004,BS_1100_112900124,BR_1100_112900011_Ord001,25,69,68,15.0,15.0,15.0,06:00:00,23:00:00,15.0,pattern_median,7.5,서대문04,-,0
P_dd869ed484ba5e8c,BR_1100_100100191,BS_1100_106000091,BS_1100_106000092,BR_1100_100100191_Ord001,110,79,78,14.0,14.0,14.0,04:30:00,22:40:00,14.0,pattern_median,7.0,2112,-,0
P_dd9fa467a2be2191,BR_TAGO_GGB222000186,BS_TAGO_GGB222000629,BS_TAGO_GGB222001057,BR_TAGO_GGB222000186_Ord002,57,74,73,15.0,15.0,15.0,05:20:00,23:35:00,15.0,pattern_median,7.5,105-1,-,0
P_dda47bc89aaa4c88,BR_TAGO_GGB210000039,BS_TAGO_GGB118000065,BS_TAGO_GGB210000633,BR_TAGO_GGB210000039_Ord001,48,2,1,1210.3166666666666,1210.3166666666666,1210.3166666666666,06:11:48,26:22:07,15.0,pattern_median,605.1583333333333,700,-,0
P_ddd49faafe91a13c,BR_TAGO_GGB233000142,BS_TAGO_GGB233002438,BS_TAGO_GGB233002437,BR_TAGO_GGB233000142_Ord002,35,45,44,20.0,20.0,20.0,06:50:00,21:30:00,20.0,pattern_median,10.0,6002-1,-,0
P_de37143b58e6ec63,BR_1100_110000004,BS_1100_110000399,BS_1100_110000694,BR_1100_110000004_Ord001,135,3,2,5.0,5.0,5.0,03:50:00,04:00:00,5.0,pattern_median,2.5,8146,-,0
P_de398c9c0bed376e,BR_1100_100100224,BS_1100_124000344,BS_1100_124000207,BR_1100_100100224_Ord001,116,81,80,14.0,14.0,14.0,04:00:00,22:30:00,14.0,pattern_median,7.0,3412,-,0
P_de4d813ece0448b0,RR_ACC1_S-1-7-1D,RS_ACC1_S-1-2711,RS_ACC1_S-1-2752,RR_ACC1_S-1-7-1D_Ord033,42,49,48,12.0,12.0,26.650000000000023,07:04:00,21:25:30,4.5,pattern_median,6.0,서울 7호선,서울 7호선(석남(거북시장)-장암)<하행>,1
P_de570793484f9da2,BR_1100_100100152,BS_1100_110000093,BS_1100_110000109,BR_1100_100100152_Ord001,78,103,102,11.0,11.0,11.0,04:30:00,23:10:00,11.0,pattern_median,5.5,1137,-,0
P_de5e365b04a7200a,BR_TAGO_GGB229000032,BS_TAGO_GGB111000165,BS_TAGO_GGB207000339,BR_TAGO_GGB229000032_Ord001,58,2,1,1040.0,1040.0,1040.0,06:00:00,23:20:00,50.0,pattern_median,520.0,34,-,0
P_de5f981233e38531,BR_TAGO_GGB222000088,BS_TAGO_GGB121000015,BS_TAGO_GGB239000429,BR_TAGO_GGB222000088_Ord001,28,2,1,1060.0,1060.0,1060.0,06:20:00,24:00:00,60.0,pattern_median,530.0,8001,-,0
P_de6f3dae789bc8e2,BR_TAGO_GGB227000044,BS_TAGO_GGB227000293,BS_TAGO_GGB227000190,BR_TAGO_GGB227000044_Ord002,73,43,42,25.0,25.0,25.0,05:30:00,22:50:00,25.0,pattern_median,12.5,89,-,0
P_de71007e972c0917,BR_TAGO_GGB204000018,BS_TAGO_GGB205000085,BS_TAGO_GGB205000186,BR_TAGO_GGB204000018_Ord002,82,6,5,150.0,114.0,150.0,05:10:00,16:40:00,100.0,pattern_median,75.0,100,-,0
P_deb2eb481b02db34,BR_TAGO_GGB232000075,BS_TAGO_GGB232000810,BS_TAGO_GGB232000809,BR_TAGO_GGB232000075_Ord002,27,56,55,20.0,20.0,20.0,04:30:00,22:40:00,20.0,pattern_median,10.0,M6427,-,0
P_ded62cbc4249e9ea,BR_TAGO_GGB234000313,BS_TAGO_GGB121000182,BS_TAGO_GGB228003584,BR_TAGO_GGB234000313_Ord001,77,2,1,1030.0,1030.0,1030.0,06:20:00,23:30:00,67.0,pattern_median,515.0,1500-2,-,0
P_df13863b180c66ad,BR_1100_100100295,BS_1100_117000138,BS_1100_117000935,BR_1100_100100295_Ord001,37,68,67,17.0,17.0,17.0,04:20:00,23:20:00,17.0,pattern_median,8.5,5611,-,0
P_df1b5baca278f70f,BR_TAGO_GGB228000419,BS_TAGO_GGB231000322,BS_TAGO_GGB231000312,BR_TAGO_GGB228000419_Ord002,16,106,105,10.0,10.0,10.0,05:00:00,22:30:00,10.0,pattern_median,5.0,4401,-,0
P_df2c5bf116d3b6fe,BR_TAGO_GGB208000063,BS_TAGO_GGB123000046,BS_TAGO_GGB209000135,BR_TAGO_GGB208000063_Ord001,14,2,1,1055.0,1055.0,1055.0,05:55:00,23:30:00,15.0,pattern_median,527.5,M5333,-,0
P_df4b39c1df7dec03,BR_1100_100100341,BS_1100_111000060,BS_1100_111000945,BR_1100_100100341_Ord001,72,103,102,11.0,11.0,11.0,04:30:00,23:10:00,11.0,pattern_median,5.5,7022,-,0
P_df62197c7a9680ee,BR_1100_115000011,BS_1100_232001127,BS_1100_115000948,BR_1100_115000011_Ord001,6,12,11,10.0,10.0,10.0,06:30:00,08:20:00,10.0,pattern_median,5.0,서울02,-,0
P_df6a75d8e9f29f91,BR_TAGO_GGB232000029,BS_TAGO_GGB169000096,BS_TAGO_GGB169000096,BR_TAGO_GGB232000029_Ord002,164,19,18,60.0,60.0,60.0,04:10:00,22:00:00,60.0,pattern_median,30.0,88,-,0
P_df7aeecf3d5de821,BR_3100_241347005,BS_TAGO_GGB222001484,BS_TAGO_GGB222001484,BR_3100_241347005_Ord001,64,56,55,20.0,20.0,20.0,05:20:00,23:30:00,20.0,pattern_median,10.0,82A,-,0
P_df7b98b310c63957,BR_1100_121900012,BS_1100_121900003,BS_1100_121900160,BR_1100_121900012_Ord001,38,129,128,8.0,8.0,8.0,06:00:00,23:00:00,8.0,pattern_median,4.0,서초15,-,0
P_df8bb1fab02fc461,RR_ACC1_S-1-9-2U,RS_ACC1_S-1-4105,RS_ACC1_S-1-4138,RR_ACC1_S-1-9-2U_Ord006,34,1,0,11.0,,,05:30:00,05:30:00,11.0,route_median,5.5,서울 9호선,서울 9호선(개화-중앙보훈병원)<상행>,1
P_df923ef9f4654f40,RR_ACC1_S-1-SH-1U,RS_ACC1_S-1-4815,RS_ACC1_S-1-1275,RR_ACC1_S-1-SH-1U_Ord001,21,31,30,32.5,25.7,55.2,05:00:00,23:17:00,13.0,pattern_median,16.25,서해선,서해선(원시-일산)<상행>,1
P_dfb2c942b6c448ae,BR_1100_119900016,BS_1100_119900256,BS_1100_119900259,BR_1100_119900016_Ord001,24,66,65,16.0,16.0,16.0,06:00:00,23:12:00,16.0,pattern_median,8.0,동작17,-,0
P_dfc73d1c1801af0d,RR_ACC1_S-1-KJ-2U,RS_ACC1_S-1-1208,RS_ACC1_S-1-1275,RR_ACC1_S-1-KJ-2U_Ord034,33,3,2,263.5,76.7,450.3,12:14:00,21:01:00,13.0,pattern_median,131.75,경의중앙선,경의중앙선(문산-지평)<상행>,1
P_dfe75592abac185a,BR_TAGO_GGB229000268,BS_TAGO_GGB229000851,BS_TAGO_GGB229000854,BR_TAGO_GGB229000268_Ord002,23,75,74,15.0,12.828333333333335,17.41666666666667,05:46:23,24:06:58,15.0,pattern_median,7.5,M7154,-,0
P_e04587c4a73ac205,RR_ACC1_S-1-1-4D,RS_ACC1_S-1-1019,RS_ACC1_S-1-1749,RR_ACC1_S-1-1-4D_Ord002,40,33,32,26.5,17.2,58.9,05:12:00,22:47:00,19.0,pattern_median,13.25,서울 1호선,서울 1호선(광운대-서동탄)<하행>,1
P_e07c08a7a3f718a8,BR_1100_116900009,BS_1100_116900262,BS_1100_116900260,BR_1100_116900009_Ord001,35,123,122,9.0,9.0,9.0,00:05:00,23:59:00,9.0,pattern_median,4.5,구로05,-,0
P_e0a05215777e1c1e,RR_ACC1_S-1-4-1D,RS_ACC1_S-1-0409,RS_ACC1_S-1-1762,RR_ACC1_S-1-4-1D_Ord001,42,3,2,59.0,49.4,68.6,18:19:00,20:17:00,59.0,pattern_median,29.5,서울 4호선,서울 4호선(당고개-오이도)(급행)<하행>,1
P_e0a8869ea0092fa9,BR_1100_100100064,BS_1100_122000344,BS_1100_122000262,BR_1100_100100064_Ord001,68,96,95,12.0,12.0,12.0,04:20:00,23:20:00,12.0,pattern_median,6.0,406,-,0
P_e0c4ef1534473961,RR_ACC1_S-1-1-1D,RS_ACC1_S-1-1919,RS_ACC1_S-1-1701,RR_ACC1_S-1-1-1D_Ord086,45,1,0,7.5,,,20:11:00,20:11:00,7.5,route_median,3.75,서울 1호선,서울 1호선(소요산-인천)<하행>,1
P_e0cfbb00fe8ee38e,BR_TAGO_GGB200000205,BS_TAGO_GGB201000212,BS_TAGO_GGB201000145,BR_TAGO_GGB200000205_Ord002,30,139,138,8.0,8.0,8.0,05:10:00,23:30:00,8.0,pattern_median,4.0,8800,-,0
P_e12889a95f9808c7,BR_1100_118900001,BS_1100_118900002,BS_1100_118900122,BR_1100_118900001_Ord001,38,101,100,11.0,11.0,11.0,05:35:00,23:50:00,11.0,pattern_median,5.5,영등포04,-,0
P_e14d85787c19d780,BR_TAGO_GGB234001241,BS_TAGO_GGB219000179,BS_TAGO_GGB219000146,BR_TAGO_GGB234001241_Ord002,26,108,107,10.0,10.0,10.0,05:00:00,22:50:00,10.0,pattern_median,5.0,M7412,-,0
P_e15e1c6e0c9a4186,RR_ACC1_S-1-7-1U,RS_ACC1_S-1-3763,RS_ACC1_S-1-2712,RR_ACC1_S-1-7-1U_Ord012,52,92,91,12.0,5.0,14.0,05:56:00,23:10:00,5.5,pattern_median,6.0,서울 7호선,서울 7호선(석남(거북시장)-장암)<상행>,1
P_e16e83343ef8688a,RR_ACC1_S-1-7-1U,RS_ACC1_S-1-2752,RS_ACC1_S-1-2712,RR_ACC1_S-1-7-1U_Ord009,41,20,19,18.5,5.5,102.89999999999995,05:59:00,22:31:30,5.5,pattern_median,9.25,서울 7호선,서울 7호선(석남(거북시장)-장암)<상행>,1
P_e17032916d46d549,BR_TAGO_GGB213000011,BS_TAGO_GGB213000403,BS_TAGO_GGB213000402,BR_TAGO_GGB213000011_Ord002,79,110,109,10.0,10.0,10.0,05:00:00,23:10:00,10.0,pattern_median,5.0,11-2,-,0
P_e19c6582de988ede,BR_TAGO_GGB234001317,BS_TAGO_GGB203000023,BS_TAGO_GGB203000028,BR_TAGO_GGB234001317_Ord002,20,151,150,7.0,7.0,7.0,05:10:00,22:40:00,7.0,pattern_median,3.5,M5121,-,0
P_e1ab0add3eb469cb,BR_TAGO_GGB234000011,BS_TAGO_GGB104000064,BS_TAGO_GGB234000605,BR_TAGO_GGB234000011_Ord001,42,2,1,1170.0,1170.0,1170.0,05:40:00,25:10:00,15.0,pattern_median,585.0,1113-1,-,0
P_e2103df96bf2151a,RR_ACC1_S-1-7-1U,RS_ACC1_S-1-3763,RS_ACC1_S-1-2711,RR_ACC1_S-1-7-1U_Ord008,53,31,30,17.0,12.0,25.950000000000006,05:28:00,22:40:00,5.5,pattern_median,8.5,서울 7호선,서울 7호선(석남(거북시장)-장암)<상행>,1
P_e21688c4931eb95f,BR_1100_111900014,BS_1100_111900014,BS_1100_111001109,BR_1100_111900014_Ord001,21,100,99,11.0,11.0,11.0,05:50:00,23:55:00,11.0,pattern_median,5.5,은평03-1,-,0
P_e22dd0927c2361b4,BR_1100_110900009,BS_1100_207000477,BS_1100_207000569,BR_1100_110900009_Ord001,46,85,84,13.0,13.0,13.0,05:30:00,23:40:00,13.0,pattern_median,6.5,노원02,-,0
P_e231b4975784a1e7,BR_TAGO_GGB204000141,BS_TAGO_GGB227000309,BS_TAGO_GGB227000296,BR_TAGO_GGB204000141_Ord002,62,97,96,11.0,11.0,11.0,05:00:00,22:30:00,11.0,pattern_median,5.5,9200,-,0
P_e2552d07679c5aa5,BR_TAGO_GGB200000112,BS_TAGO_GGB120000061,BS_TAGO_GGB228000708,BR_TAGO_GGB200000112_Ord001,29,2,1,1109.7833333333333,1109.7833333333333,1109.7833333333333,06:31:27,25:01:14,12.0,pattern_median,554.8916666666667,7000,-,0
P_e26ead2952624e09,BR_TAGO_GGB218000011,BS_TAGO_GGB219000644,BS_TAGO_GGB219000645,BR_TAGO_GGB218000011_Ord002,64,13,12,90.0,90.0,90.0,04:55:00,22:40:00,90.0,pattern_median,45.0,1100,-,0
P_e286da14134036c3,BR_TAGO_GGB228000175,BS_TAGO_GGB228000191,BS_TAGO_GGB228000192,BR_TAGO_GGB228000175_Ord002,72,106,105,10.0,10.0,10.0,05:30:00,23:00:00,10.0,pattern_median,5.0,5005,-,0
P_e2b4b4c0e72a5881,BR_TAGO_GGB233000336,BS_TAGO_GGB233001448,BS_TAGO_GGB123000611,BR_TAGO_GGB233000336_Ord001,18,2,1,20.0,20.0,20.0,07:20:00,07:40:00,20.0,pattern_median,10.0,P9301(출근),-,0
P_e2f92217585ed255,BR_TAGO_GGB200000293,BS_TAGO_GGB200000092,BS_TAGO_GGB121000921,BR_TAGO_GGB200000293_Ord001,10,2,1,25.0,25.0,25.0,07:20:00,07:45:00,25.0,pattern_median,12.5,3003예약,-,0
P_e328528c32846ec0,BR_TAGO_GGB210000003,BS_TAGO_GGB212000379,BS_TAGO_GGB212000380,BR_TAGO_GGB210000003_Ord002,86,135,134,8.0,8.0,8.0,04:50:00,22:42:00,8.0,pattern_median,4.0,50-1,-,0
P_e3625697df16b9ee,BR_1100_100100383,BS_1100_117000051,BS_1100_120000004,BR_1100_100100383_Ord001,56,3,2,20.0,20.0,20.0,04:00:00,04:40:00,20.0,pattern_median,10.0,8541,-,0
P_e36659dea7f610a6,BR_TAGO_GGB232000017,BS_TAGO_GGB118000019,BS_TAGO_GGB168000382,BR_TAGO_GGB232000017_Ord001,52,2,1,1200.0,1200.0,1200.0,05:30:00,25:30:00,7.0,pattern_median,600.0,60,-,0
P_e384fe1caa490f30,BR_TAGO_GGB234000310,BS_TAGO_GGB123000004,BS_TAGO_GGB233001213,BR_TAGO_GGB234000310_Ord001,64,2,1,1039.6166666666666,1039.6166666666666,1039.6166666666666,06:17:05,23:36:42,74.0,pattern_median,519.8083333333333,1009,-,0
P_e3a078d5a124e82b,BR_TAGO_GGB218000020,BS_TAGO_GGB218000193,BS_TAGO_GGB101000022,BR_TAGO_GGB218000020_Ord001,12,1,0,30.0,,,06:05:00,06:05:00,30.0,route_median,15.0,M7129,-,0
P_e3c60775058a1add,BR_1100_111900010,BS_1100_111901114,BS_1100_111901130,BR_1100_111900010_Ord001,19,60,59,18.0,18.0,18.0,06:00:00,23:30:00,18.0,pattern_median,9.0,은평10,-,0
P_e3cd64feb2f0611f,BR_TAGO_GGB213000019,BS_TAGO_GGB213000231,BS_TAGO_GGB213000231,BR_TAGO_GGB213000019_Ord002,48,44,43,25.0,25.0,25.0,05:30:00,23:20:00,25.0,pattern_median,12.5,3002,-,0
P_e3e59ed9f1a52fc4,RR_ACC1_S-1-SD-7U,RS_ACC1_S-1-1873,RS_ACC1_S-1-1013,RR_ACC1_S-1-SD-7U_Ord001,37,47,46,15.5,9.0,44.5,05:03:00,21:56:00,15.5,pattern_median,7.75,수인분당선,수인분당선(왕십리-고색)<상행>,1
P_e3f17bb1bcec0719,BR_TAGO_GGB228000412,BS_TAGO_GGB228002134,BS_TAGO_GGB228000180,BR_TAGO_GGB228000412_Ord002,17,27,26,40.0,40.0,40.708333333333336,05:35:13,23:05:35,40.0,pattern_median,20.0,M4455,-,0
P_e40a81e79e33dd34,BR_TAGO_GGB208000024,BS_TAGO_GGB226000109,BS_TAGO_GGB226000070,BR_TAGO_GGB208000024_Ord002,129,99,98,11.0,11.0,11.0,04:40:30,22:30:33,11.0,pattern_median,5.5,1-1,-,0
P_e416cc53d9cd253d,RR_ACC1_S-1-GC-1U,RS_ACC1_S-1-1329,RS_ACC1_S-1-1309,RR_ACC1_S-1-GC-1U_Ord006,21,36,35,27.0,19.0,43.40000000000001,05:53:00,22:44:00,21.0,pattern_median,13.5,경춘선,경춘선(청량리-춘천)<상행>,1
P_e4175808db50e3a8,BR_1100_107900007,BS_1100_107900284,BS_1100_107900182,BR_1100_107900007_Ord001,17,190,189,6.0,6.0,6.0,00:00:00,23:54:00,6.0,pattern_median,3.0,성북08,-,0
P_e41ab2f5a68124b5,BR_3100_241412003,BS_TAGO_GGB227000657,BS_TAGO_GGB227000657,BR_3100_241412003_Ord001,63,72,71,14.0,14.0,14.0,06:00:00,22:30:00,14.0,pattern_median,7.0,50,-,0
P_e442a5866430c71d,BR_1100_115900007,BS_1100_115900023,BS_1100_115900204,BR_1100_115900007_Ord001,38,43,42,25.0,25.0,25.0,05:40:00,23:10:00,25.0,pattern_median,12.5,강서07,-,0
P_e49f2043afe0c41b,BR_TAGO_GGB222000058,BS_TAGO_GGB222001616,BS_TAGO_GGB222001259,BR_TAGO_GGB222000058_Ord002,147,117,116,10.0,10.0,10.0,04:25:40,23:45:52,10.0,pattern_median,5.0,1,-,0
P_e4b486470dc4b85c,RR_ACC1_S-1-5-1U,RS_ACC1_S-1-2566,RS_ACC1_S-1-2531,RR_ACC1_S-1-5-1U_Ord104,29,1,0,13.0,,,24:02:00,24:02:00,13.0,route_median,6.5,서울 5호선,서울 5호선(방화-하남풍산)<상행>,1
P_e4ded401e8acfbb5,BR_1100_100100274,BS_1100_117000132,BS_1100_117000920,BR_1100_100100274_Ord001,18,115,114,10.0,10.0,10.0,04:50:00,23:50:00,10.0,pattern_median,5.0,5617,-,0
P_e4f6fc12a73ec89b,BR_TAGO_GGB200000175,BS_TAGO_GGB121000937,BS_TAGO_GGB223000526,BR_TAGO_GGB200000175_Ord001,15,2,1,1129.5833333333333,1129.5833333333333,1129.5833333333333,06:13:03,25:02:38,10.0,pattern_median,564.7916666666666,5300,-,0
P_e4f8268c1d35ec3a,BR_TAGO_GGB218000015,BS_TAGO_GGB219000706,BS_TAGO_GGB101000022,BR_TAGO_GGB218000015_Ord001,13,1,0,15.0,,,05:20:00,05:20:00,15.0,route_median,7.5,M7119,-,0
P_e5314c49c9828576,BR_TAGO_GGB228000183,BS_TAGO_GGB228002026,BS_TAGO_GGB228002027,BR_TAGO_GGB228000183_Ord001,66,62,61,14.0,14.0,14.0,08:50:00,23:00:00,14.0,pattern_median,7.0,5002B,-,0
P_e5395b5831fb6449,BR_1100_112000003,BS_1100_111000037,BS_1100_111000291,BR_1100_112000003_Ord001,46,19,18,43.0,43.0,43.0,06:30:00,19:00:00,43.0,pattern_median,21.5,8773,-,0
P_e5550e0ae33aafaf,BR_1100_100100210,BS_1100_103000183,BS_1100_103000102,BR_1100_100100210_Ord001,69,68,67,17.0,17.0,17.0,04:10:00,23:10:00,17.0,pattern_median,8.5,2413,-,0
P_e5792b352a1492ea,RR_ACC1_S-1-GC-1D,RS_ACC1_S-1-1309,RS_ACC1_S-1-1317,RR_ACC1_S-1-GC-1D_Ord012,9,3,2,446.0,353.2,538.8,08:05:00,22:57:00,23.0,pattern_median,223.0,경춘선,경춘선(청량리-춘천)<하행>,1
P_e57da763a35294c6,BR_TAGO_GGB200000175,BS_TAGO_GGB223000527,BS_TAGO_GGB223000526,BR_TAGO_GGB200000175_Ord002,26,114,113,10.0,10.0,10.0,05:20:00,24:10:00,10.0,pattern_median,5.0,5300,-,0
P_e5a80b0fcf065fce,BR_TAGO_GGB230000184,BS_TAGO_GGB230000205,BS_TAGO_GGB230000205,BR_TAGO_GGB230000184_Ord002,25,69,68,15.0,15.0,15.0,05:30:00,22:30:00,15.0,pattern_median,7.5,3401,-,0
P_e5d3bc3ff65e87e6,RR_ACC1_S-1-1-1D,RS_ACC1_S-1-1909,RS_ACC1_S-1-1701,RR_ACC1_S-1-1-1D_Ord085,35,3,2,395.0,90.2,699.8,09:47:00,22:57:00,7.5,pattern_median,197.5,서울 1호선,서울 1호선(소요산-인천)<하행>,1
P_e5ddf551aaf788be,BR_1100_100100232,BS_1100_123000354,BS_1100_123000355,BR_1100_100100232_Ord001,89,69,68,16.0,16.0,16.0,04:20:00,22:30:00,16.0,pattern_median,8.0,3422,-,0
P_e5f041711c1a932d,BR_TAGO_GGB233000136,BS_TAGO_GGB233003122,BS_TAGO_GGB233003123,BR_TAGO_GGB233000136_Ord002,48,109,108,10.0,10.0,10.0,05:00:00,23:00:00,10.0,pattern_median,5.0,6002,-,0
P_e602e8239efb5be9,BR_1100_100100166,BS_1100_222001651,BS_1100_222001650,BR_1100_100100166_Ord001,88,81,80,14.0,14.0,14.0,04:10:00,22:40:00,14.0,pattern_median,7.0,2212,-,0
P_e63db8e783a0f958,RR_ACC1_S-1-2-3D,RS_ACC1_S-1-0234,RS_ACC1_S-1-0228,RR_ACC1_S-1-2-3D_Ord031,210,1,0,7.0,,,17:41:30,17:41:30,7.0,route_median,3.5,서울 2호선,서울 2호선(본선)<내선>,1
P_e648b1e8c9abb37e,RR_ACC1_S-1-5-2U,RS_ACC1_S-1-2561,RS_ACC1_S-1-2511,RR_ACC1_S-1-5-2U_Ord001,46,95,94,13.0,7.15,13.0,05:31:00,23:18:00,13.0,pattern_median,6.5,서울 5호선,서울 5호선(방화-마천)<상행>,1
P_e677e198ca386e3e,BR_TAGO_GGB224000047,BS_TAGO_GGB224000856,BS_TAGO_GGB122000185,BR_TAGO_GGB224000047_Ord001,29,1,0,15.0,,,07:00:00,07:00:00,15.0,route_median,7.5,3300,-,0
P_e6ba6b8092d9bf65,BR_TAGO_GGB210000009,BS_TAGO_GGB210000467,BS_TAGO_GGB210000467,BR_TAGO_GGB210000009_Ord002,67,121,120,9.0,9.0,9.0,05:30:00,23:30:00,9.0,pattern_median,4.5,52,-,0
P_e6d083eef8fe0803,BR_TAGO_GGB204000172,BS_TAGO_GGB101000026,BS_TAGO_GGB206000659,BR_TAGO_GGB204000172_Ord001,15,2,1,1079.9,1079.9,1079.9,05:51:09,23:51:03,15.0,pattern_median,539.95,4103,-,0
P_e6d1672b12dcb03f,BR_1100_119900015,BS_1100_119900256,BS_1100_119900259,BR_1100_119900015_Ord001,20,38,37,28.0,28.0,28.0,06:00:00,23:15:00,28.0,pattern_median,14.0,동작18,-,0
P_e6db29a703dcb0bb,BR_1100_100100146,BS_1100_110000191,BS_1100_110000229,BR_1100_100100146_Ord001,27,129,128,9.0,9.0,9.0,00:03:00,23:54:00,9.0,pattern_median,4.5,1130,-,0
P_e73d12d9a6be7ba0,BR_1100_100100447,BS_1100_111000907,BS_1100_111000224,BR_1100_100100447_Ord001,105,121,120,9.0,9.0,9.0,04:30:00,22:30:00,9.0,pattern_median,4.5,7016,-,0
P_e7540ced6bd0bc75,BR_3100_241252003,BS_TAGO_GGB117505160,BS_TAGO_GGB117505210,BR_3100_241252003_Ord001,19,27,26,40.0,40.0,40.0,06:00:00,23:30:00,40.0,pattern_median,20.0,6-3,-,0
P_e759ee7fb914fb4b,BR_TAGO_GGB229000111,BS_TAGO_GGB229000940,BS_TAGO_GGB229000951,BR_TAGO_GGB229000111_Ord002,31,77,76,15.0,15.0,15.0,04:30:00,23:20:00,15.0,pattern_median,7.5,G7426,-,0
P_e76b1e42b0f18993,BR_1100_100100427,BS_1100_120000671,BS_1100_120000061,BR_1100_100100427_Ord001,76,81,80,14.0,14.0,14.0,04:20:00,23:00:00,14.0,pattern_median,7.0,4319,-,0
P_e770222c333f15e1,RR_ACC1_S-1-KJ-2U,RS_ACC1_S-1-1219,RS_ACC1_S-1-1284,RR_ACC1_S-1-KJ-2U_Ord005,52,36,35,27.0,12.4,47.800000000000004,05:00:00,21:39:00,13.0,pattern_median,13.5,경의중앙선,경의중앙선(문산-지평)<상행>,1
P_e78d2810c4013be2,BR_1100_100100283,BS_1100_213000492,BS_1100_213000493,BR_1100_100100283_Ord001,71,65,64,18.0,18.0,18.0,04:30:00,23:30:00,18.0,pattern_median,9.0,5627,-,0
P_e797baa918312c9c,BR_TAGO_GGB234001668,BS_TAGO_GGB123000004,BS_TAGO_GGB201000145,BR_TAGO_GGB234001668_Ord001,12,2,1,1062.0,1062.0,1062.0,06:01:58,23:43:58,20.0,pattern_median,531.0,M5342,-,0
P_e7c08ca21193f36e,BR_TAGO_GGB207000105,BS_TAGO_GGB207000085,BS_TAGO_GGB207000082,BR_TAGO_GGB207000105_Ord002,21,2,1,27.133333333333333,27.133333333333333,27.133333333333333,23:53:37,24:20:45,27.133333333333333,pattern_median,13.566666666666666,G6000N,-,0
P_e7fabd9c92ee127f,RR_ACC1_S-1-5-3U,RS_ACC1_S-1-2527,RS_ACC1_S-1-2511,RR_ACC1_S-1-5-3U_Ord001,17,1,0,3.5,,,05:30:00,05:30:00,3.5,route_median,1.75,서울 5호선,서울 5호선(방화-강동)<상행>,1
P_e80c02410ad14ed0,BR_1100_100100342,BS_1100_112000196,BS_1100_112000231,BR_1100_100100342_Ord001,30,67,66,16.0,16.0,16.0,05:30:00,23:10:00,16.0,pattern_median,8.0,7024,-,0
P_e82e3f5210192970,BR_1100_100100387,BS_1100_111000945,BS_1100_111000054,BR_1100_100100387_Ord001,58,49,48,23.0,23.0,23.0,04:30:00,23:00:00,23.0,pattern_median,11.5,8774,-,0
P_e82f5ba1d37c8936,BR_TAGO_GGB222000075,BS_TAGO_GGB222000652,BS_TAGO_GGB121000088,BR_TAGO_GGB222000075_Ord001,72,1,0,8.0,,,06:35:32,06:35:32,8.0,route_median,4.0,2000,-,0
P_e8a8cf6b432677d3,RR_ACC1_S-1-9-2D,RS_ACC1_S-1-4138,RS_ACC1_S-1-4125,RR_ACC1_S-1-9-2D_Ord129,14,1,0,11.0,,,24:33:40,24:33:40,11.0,route_median,5.5,서울 9호선,서울 9호선(개화-중앙보훈병원)<하행>,1
P_e8af7551fc61f7ab,BR_TAGO_GGB233000136,BS_TAGO_GGB121000007,BS_TAGO_GGB233003123,BR_TAGO_GGB233000136_Ord001,25,2,1,1075.6333333333334,1075.6333333333334,1075.6333333333334,06:02:15,23:57:53,10.0,pattern_median,537.8166666666667,6002,-,0
P_e8bdf00137e2dfd3,BR_1100_108900005,BS_1100_108900153,BS_1100_108900034,BR_1100_108900005_Ord001,25,80,79,14.0,14.0,14.0,05:20:00,23:45:00,14.0,pattern_median,7.0,강북04,-,0
P_e8d363b507c5bdf2,BR_1100_100100215,BS_1100_123000171,BS_1100_123000170,BR_1100_100100215_Ord001,90,85,84,13.0,13.0,13.0,04:30:00,22:40:00,13.0,pattern_median,6.5,3216,-,0
P_e8e62a9fb53e770d,BR_1100_122900001,BS_1100_122900035,BS_1100_122000356,BR_1100_122900001_Ord001,45,70,69,15.0,15.0,15.0,05:30:00,22:42:00,15.0,pattern_median,7.5,강남07,-,0
P_e8f6f035d2d7c51c,RR_ACC1_S-1-9-2D,RS_ACC1_S-1-4138,RS_ACC1_S-1-4105,RR_ACC1_S-1-9-2D_Ord125,34,1,0,11.0,,,23:46:40,23:46:40,11.0,route_median,5.5,서울 9호선,서울 9호선(개화-중앙보훈병원)<하행>,1
P_e90a0b09a456a6eb,RR_ACC1_S-1-6-1,RS_ACC1_S-1-2611,RS_ACC1_S-1-2648,RR_ACC1_S-1-6-1_Ord011,111,1,0,8.5,,,05:37:00,05:37:00,8.5,route_median,4.25,서울 6호선,서울 6호선(신내-응암),1
P_e936a062ce8d36a0,BR_1100_100100046,BS_1100_113000180,BS_1100_113000181,BR_1100_100100046_Ord001,98,111,110,10.0,10.0,10.0,04:00:00,22:20:00,10.0,pattern_median,5.0,270,-,0
P_e9b41827cb15a749,BR_TAGO_GGB235000085,BS_TAGO_GGB110000664,BS_TAGO_GGB235000133,BR_TAGO_GGB235000085_Ord001,13,2,1,1050.0,1050.0,1050.0,06:30:00,24:00:00,30.0,pattern_median,525.0,1100,-,0
P_e9d21e6ae359f2a0,RR_ACC1_S-1-5-1U,RS_ACC1_S-1-2566,RS_ACC1_S-1-2549,RR_ACC1_S-1-5-1U_Ord013,11,4,3,38.0,31.2,780.8,07:04:00,24:18:00,13.0,pattern_median,19.0,서울 5호선,서울 5호선(방화-하남풍산)<상행>,1
P_ea8f59716b620e67,BR_TAGO_GGB204000007,BS_TAGO_GGB204000217,BS_TAGO_GGB205000234,BR_TAGO_GGB204000007_Ord001,59,2,1,1060.0,1060.0,1060.0,06:00:00,23:40:00,15.0,pattern_median,530.0,357,-,0
P_eaacd318cb3087ef,RR_ACC1_S-1-SL-1D,RS_ACC1_S-1-6001,RS_ACC1_S-1-6011,RR_ACC1_S-1-SL-1D_Ord001,11,182,181,7.0,3.0,10.0,05:30:00,24:44:00,7.0,pattern_median,3.5,신림선,신림선(관악산(서울대)-샛강)<하행>,1
P_eaad8ce85bd2e4be,BR_1100_118900006,BS_1100_118900110,BS_1100_118000088,BR_1100_118900006_Ord001,38,65,64,16.0,16.0,16.0,06:00:00,23:07:00,16.0,pattern_median,8.0,영등포05,-,0
P_eac2b39bd10a0090,BR_TAGO_ICB165000409,BS_TAGO_ICB168000099,BS_TAGO_ICB113000417,BR_TAGO_ICB165000409_Ord001,18,1,0,30.0,,,07:50:00,07:50:00,30.0,route_median,15.0,M6628,-,0
P_eaf77fae9ddefdf9,BR_1100_100100130,BS_1100_110000380,BS_1100_110000244,BR_1100_100100130_Ord001,70,82,81,14.0,14.0,14.0,04:30:00,23:20:00,14.0,pattern_median,7.0,1017,-,0
P_eb1c89a0d8635c8e,BR_3100_241409009,BS_TAGO_GGB227000358,BS_TAGO_GGB227000358,BR_3100_241409009_Ord001,29,30,29,35.0,35.0,35.0,06:00:00,23:00:00,35.0,pattern_median,17.5,위례-01,-,0
P_eb86fb3c9b93c52e,BR_1100_100100308,BS_1100_115000321,BS_1100_115000320,BR_1100_100100308_Ord001,92,140,139,8.0,8.0,8.0,04:20:00,22:50:00,8.0,pattern_median,4.0,6631,-,0
P_eb8abe2a62c77b3f,BR_1100_100100088,BS_1100_114000190,BS_1100_114000193,BR_1100_100100088_Ord001,75,113,112,10.0,10.0,10.0,04:20:00,23:00:00,10.0,pattern_median,5.0,603,-,0
P_eb9779b884df06f5,BR_1100_100100595,BS_1100_106000469,BS_1100_106000480,BR_1100_100100595_Ord001,124,112,111,10.0,10.0,10.0,04:00:00,22:30:00,10.0,pattern_median,5.0,241,-,0
P_ec01995dfdc94ead,RR_ACC1_S-1-1-1U,RS_ACC1_S-1-1701,RS_ACC1_S-1-0158,RR_ACC1_S-1-1-1U_Ord088,18,3,2,32.5,26.5,38.5,05:10:00,06:15:00,8.0,pattern_median,16.25,서울 1호선,서울 1호선(소요산-인천)<상행>,1
P_ec26669fd9077591,BR_TAGO_GGB234000886,BS_TAGO_GGB205000227,BS_TAGO_GGB205000226,BR_TAGO_GGB234000886_Ord002,53,3,2,80.0,80.0,80.0,05:00:00,07:40:00,50.0,pattern_median,40.0,9300,-,0
P_ec90084ce5f8e73e,RR_ACC1_S-1-KP-1U,RS_ACC1_S-1-4929,RS_ACC1_S-1-4920,RR_ACC1_S-1-KP-1U_Ord145,10,86,85,10.0,6.0,18.0,05:30:00,24:29:10,6.0,pattern_median,5.0,김포도시철도,김포도시철도(김포공항-양촌)<상행>,1
P_ecb9f7c53a6df767,BR_TAGO_GGB228000421,BS_TAGO_GGB228000797,BS_TAGO_GGB228000192,BR_TAGO_GGB228000421_Ord001,35,1,0,18.0,,,07:20:00,07:20:00,,global_median,9.0,5001-1(예약),-,0
P_ecc855fe18bacd2f,BR_TAGO_GGB232000116,BS_TAGO_GGB118000019,BS_TAGO_GGB232000001,BR_TAGO_GGB232000116_Ord001,14,2,1,1130.0,1130.0,1130.0,05:30:00,24:20:00,25.0,pattern_median,565.0,G6002,-,0
P_ecd401b9c93671ea,BR_TAGO_GGB232000007,BS_TAGO_GGB232000629,BS_TAGO_GGB232000529,BR_TAGO_GGB232000007_Ord002,70,75,74,15.0,15.0,15.0,04:10:00,22:30:00,15.0,pattern_median,7.5,8000,-,0
P_ecdedd95571dc4c3,RR_ACC1_S-1-1-3D,RS_ACC1_S-1-1006,RS_ACC1_S-1-1750,RR_ACC1_S-1-1-3D_Ord001,7,20,19,51.0,41.6,71.8,05:31:00,22:31:00,51.0,pattern_median,25.5,서울 1호선,서울 1호선(영등포-광명)<하행>,1
P_ed09eb3308368196,BR_TAGO_GGB234001694,BS_TAGO_GGB101000148,BS_TAGO_GGB234001048,BR_TAGO_GGB234001694_Ord001,19,2,1,999.9666666666667,999.9666666666667,999.9666666666667,06:23:52,23:03:50,15.0,pattern_median,499.98333333333335,3201,-,0
P_ed2e2ea5d442e157,BR_TAGO_GGB222000028,BS_TAGO_GGB222000824,BS_TAGO_GGB222000825,BR_TAGO_GGB222000028_Ord002,115,109,108,10.0,10.0,10.0,04:30:00,22:30:00,10.0,pattern_median,5.0,165,-,0
P_ed5fe68ee27f0de3,BR_TAGO_GGB224000057,BS_TAGO_GGB224000856,BS_TAGO_GGB121001315,BR_TAGO_GGB224000057_Ord001,13,1,0,15.0,,,05:50:00,05:50:00,15.0,route_median,7.5,3301,-,0
P_ed6b41c652b558a6,BR_TAGO_GGB224000057,BS_TAGO_GGB224000856,BS_TAGO_GGB224000855,BR_TAGO_GGB224000057_Ord002,26,77,76,15.0,15.0,15.0,05:00:00,23:50:00,15.0,pattern_median,7.5,3301,-,0
P_ee39035ffe33dc3b,BR_1100_100100198,BS_1100_104000096,BS_1100_104000116,BR_1100_100100198_Ord001,57,88,87,13.0,13.0,13.0,04:30:00,23:15:00,13.0,pattern_median,6.5,2221,-,0
P_ee4cb3804c7cd587,BR_TAGO_GGB224000054,BS_TAGO_GGB224000738,BS_TAGO_GGB120000228,BR_TAGO_GGB224000054_Ord001,16,1,0,15.0,,,06:10:00,06:10:00,15.0,route_median,7.5,3500,-,0
P_ee569b2ef75ed582,RR_ACC1_S-1-9-2U,RS_ACC1_S-1-4101,RS_ACC1_S-1-4107,RR_ACC1_S-1-9-2U_Ord130,7,1,0,11.0,,,24:43:00,24:43:00,11.0,route_median,5.5,서울 9호선,서울 9호선(개화-중앙보훈병원)<상행>,1
P_ee75307a54377b7b,RR_ACC1_S-1-SD-6U,RS_ACC1_S-1-1762,RS_ACC1_S-1-1013,RR_ACC1_S-1-SD-6U_Ord001,49,1,0,18.0,,,05:36:00,05:36:00,,global_median,9.0,수인분당선,수인분당선(왕십리-오이도)<상행>,1
P_ee9132a8df2177ca,BR_1100_100100266,BS_1100_213000455,BS_1100_213000456,BR_1100_100100266_Ord001,56,87,86,13.0,13.0,13.0,04:15:00,22:50:00,13.0,pattern_median,6.5,5634,-,0
P_ee93ffe9ca71d6cb,BR_1100_100100269,BS_1100_117000132,BS_1100_117000920,BR_1100_100100269_Ord001,28,77,76,15.0,15.0,15.0,04:30:00,23:30:00,15.0,pattern_median,7.5,5537,-,0
P_ef003f989b113d5f,BR_TAGO_GGB229000023,BS_TAGO_GGB229002444,BS_TAGO_GGB229001199,BR_TAGO_GGB229000023_Ord002,149,47,46,25.0,25.0,25.0,05:00:00,24:00:00,25.0,pattern_median,12.5,9710,-,0
P_ef0535d69594f767,BR_TAGO_GGB207000070,BS_TAGO_GGB121000004,BS_TAGO_GGB236001247,BR_TAGO_GGB207000070_Ord001,35,2,1,1199.4,1199.4,1199.4,05:38:56,25:38:20,10.0,pattern_median,599.7,3100,-,0
P_ef0e32ce124476b1,BR_TAGO_GGB234000003,BS_TAGO_GGB105000028,BS_TAGO_GGB239000429,BR_TAGO_GGB234000003_Ord001,69,2,1,1140.0,1140.0,1140.0,05:30:00,24:30:00,10.0,pattern_median,570.0,30,-,0
P_ef3f2641d4c68b3c,RR_ACC1_S-1-4-2D,RS_ACC1_S-1-0409,RS_ACC1_S-1-1759,RR_ACC1_S-1-4-2D_Ord001,45,17,16,31.0,19.0,115.5,06:29:00,22:51:00,6.25,pattern_median,15.5,서울 4호선,서울 4호선(안산-오이도)<하행>,1
P_efdb6e1a88317a21,BR_TAGO_GGB200000110,BS_TAGO_GGB121000920,BS_TAGO_GGB201000145,BR_TAGO_GGB200000110_Ord001,26,2,1,1124.9666666666667,1124.9666666666667,1124.9666666666667,06:16:11,25:01:09,10.0,pattern_median,562.4833333333333,3007,-,0
P_eff38de465a25b51,BR_1100_116000005,BS_1100_120000048,BS_1100_119000303,BR_1100_116000005_Ord001,24,15,14,11.0,11.0,11.0,06:30:00,09:00:00,11.0,pattern_median,5.5,8561,-,0
P_effe1941bd1a196a,RR_ACC1_S-1-3-1D,RS_ACC1_S-1-1958,RS_ACC1_S-1-0334,RR_ACC1_S-1-3-1D_Ord199,36,1,0,6.0,,,23:40:00,23:40:00,6.0,route_median,3.0,서울 3호선,서울 3호선(오금-대화)<하행>,1
P_f000ba6804a6b64e,BR_TAGO_GGB232000029,BS_TAGO_GGB118000024,BS_TAGO_GGB169000096,BR_TAGO_GGB232000029_Ord001,83,2,1,1090.0,1090.0,1090.0,05:30:00,23:40:00,60.0,pattern_median,545.0,88,-,0
P_f044a9d52dc52ef0,BR_TAGO_GGB213000008,BS_TAGO_GGB213000052,BS_TAGO_GGB213000044,BR_TAGO_GGB213000008_Ord002,108,38,37,30.0,30.0,30.0,05:00:00,23:10:00,30.0,pattern_median,15.0,11,-,0
P_f051b281c95159b4,BR_TAGO_GGB208000019,BS_TAGO_GGB208000236,BS_TAGO_GGB208000096,BR_TAGO_GGB208000019_Ord002,81,137,136,8.0,8.0,8.0,04:42:00,22:50:00,8.0,pattern_median,4.0,9,-,0
P_f05619aebeb68b1d,BR_TAGO_GGB232000131,BS_TAGO_GGB232001119,BS_TAGO_GGB115000948,BR_TAGO_GGB232000131_Ord001,6,1,0,10.0,,,07:00:00,07:00:00,10.0,route_median,5.0,70D,-,0
P_f059db8369e59b41,BR_1100_107900011,BS_1100_107900272,BS_1100_107900271,BR_1100_107900011_Ord001,10,52,51,20.0,20.0,20.0,06:00:00,23:00:00,20.0,pattern_median,10.0,성북05,-,0
P_f0739ccfd9c0aca9,BR_TAGO_GGB229000027,BS_TAGO_GGB229000442,BS_TAGO_GGB229001338,BR_TAGO_GGB229000027_Ord002,111,36,35,30.0,30.0,30.0,05:20:00,22:30:00,30.0,pattern_median,15.0,31,-,0
P_f0b03797de63a62c,BR_1100_116900002,BS_1100_116900281,BS_1100_116000609,BR_1100_116900002_Ord001,17,53,52,21.0,21.0,21.0,05:50:00,23:50:00,21.0,pattern_median,10.5,구로12,-,0
P_f0bcfd45a7293798,RR_ACC1_S-1-5-1D,RS_ACC1_S-1-2518,RS_ACC1_S-1-2566,RR_ACC1_S-1-5-1D_Ord004,42,1,0,13.0,,,05:30:00,05:30:00,13.0,route_median,6.5,서울 5호선,서울 5호선(방화-하남풍산)<하행>,1
P_f0dfe197f288fff4,RR_ACC1_S-1-1-1D,RS_ACC1_S-1-1909,RS_ACC1_S-1-1019,RR_ACC1_S-1-1-1D_Ord104,13,3,2,428.5,188.9,668.1,09:25:00,23:42:00,7.5,pattern_median,214.25,서울 1호선,서울 1호선(소요산-인천)<하행>,1
P_f0f0e17aefeb6ad2,BR_TAGO_ICB165000148,BS_TAGO_ICB168000127,BS_TAGO_ICB168000127,BR_TAGO_ICB165000148_Ord001,59,20,19,60.0,60.0,60.0,05:00:00,24:00:00,60.0,pattern_median,30.0,1200,-,0
P_f0f84ccdc7c6efcd,BR_TAGO_GGB204000059,BS_TAGO_GGB206000853,BS_TAGO_GGB122000065,BR_TAGO_GGB204000059_Ord001,40,1,0,19.0,,,05:55:00,05:55:00,19.0,route_median,9.5,9507,-,0
P_f12418b55b560712,BR_1100_111900015,BS_1100_111900014,BS_1100_111001109,BR_1100_111900015_Ord001,12,60,59,18.0,18.0,18.0,06:00:00,23:30:00,18.0,pattern_median,9.0,은평03-2,-,0
P_f135770d123e2842,BR_TAGO_GGB235000115,BS_TAGO_GGB235000117,BS_TAGO_GGB235000133,BR_TAGO_GGB235000115_Ord002,32,73,72,15.0,14.629999999999999,15.408333333333333,05:06:02,22:56:55,15.0,pattern_median,7.5,1101,-,0
P_f13ae6f63b893f1f,RR_ACC1_S-1-2-3D,RS_ACC1_S-1-0234,RS_ACC1_S-1-0234,RR_ACC1_S-1-2-3D_Ord012,474,15,14,20.0,7.9,63.00000000000004,05:30:00,18:23:00,7.0,pattern_median,10.0,서울 2호선,서울 2호선(본선)<내선>,1
P_f169c889848b2004,BR_1100_100100137,BS_1100_108000106,BS_1100_108000107,BR_1100_100100137_Ord001,65,143,142,8.0,8.0,8.0,04:40:00,23:35:00,8.0,pattern_median,4.0,1119,-,0
P_f172be89859b3b68,BR_TAGO_GGB200000150,BS_TAGO_GGB201000404,BS_TAGO_GGB121001315,BR_TAGO_GGB200000150_Ord001,31,1,0,6.0,,,06:00:00,06:00:00,6.0,route_median,3.0,7800,-,0
P_f17da9664a07956d,BR_1100_100100349,BS_1100_112000122,BS_1100_112000133,BR_1100_100100349_Ord001,68,102,101,11.0,11.0,11.0,05:00:00,23:30:00,11.0,pattern_median,5.5,7713,-,0
P_f1a75fe62dcbf187,BR_TAGO_GGB236000048,BS_TAGO_GGB236001099,BS_TAGO_GGB236000785,BR_TAGO_GGB236000048_Ord002,153,45,44,23.0,23.0,23.0,04:30:00,21:20:00,23.0,pattern_median,11.5,72,-,0
P_f1bc07aa656edc33,BR_TAGO_GGB218000116,BS_TAGO_GGB113000451,BS_TAGO_GGB218000364,BR_TAGO_GGB218000116_Ord001,50,2,1,1080.0,1080.0,1080.0,06:10:00,24:10:00,7.0,pattern_median,540.0,730,-,0
P_f1e84b13d8bb9be6,BR_1100_112900012,BS_1100_112900199,BS_1100_112000117,BR_1100_112900012_Ord001,12,116,115,9.0,9.0,9.0,06:00:00,23:15:00,9.0,pattern_median,4.5,서대문09대,-,0
P_f1e87a97fa99372e,BR_TAGO_GGB239000110,BS_TAGO_GGB239000282,BS_TAGO_GGB239000607,BR_TAGO_GGB239000110_Ord002,176,20,19,60.0,60.0,60.0,05:00:00,23:30:00,60.0,pattern_median,30.0,1330-2,-,0
P_f20c6af65c1f410f,BR_TAGO_GGB233000007,BS_TAGO_GGB202000106,BS_TAGO_GGB202000208,BR_TAGO_GGB233000007_Ord002,109,94,93,12.0,12.0,12.229999999999999,04:41:29,23:10:30,12.0,pattern_median,6.0,777,-,0
P_f248263769b744ae,BR_TAGO_GGB234000310,BS_TAGO_GGB233001214,BS_TAGO_GGB233001213,BR_TAGO_GGB234000310_Ord002,129,15,14,74.0,74.0,74.0,04:31:00,21:47:00,74.0,pattern_median,37.0,1009,-,0
P_f24c3cee5fe5c278,BR_1100_107900003,BS_1100_107900256,BS_1100_107900177,BR_1100_107900003_Ord001,37,83,82,13.0,13.0,13.0,05:55:00,23:34:00,13.0,pattern_median,6.5,성북02,-,0
P_f2a8495bb9a0a952,BR_1100_100100550,BS_1100_115000296,BS_1100_115000056,BR_1100_100100550_Ord001,74,78,77,15.0,15.0,15.0,04:00:00,23:10:00,15.0,pattern_median,7.5,662,-,0
P_f2b245c5adf3a5cd,BR_TAGO_GGB233000376,BS_TAGO_GGB123000611,BS_TAGO_GGB215000070,BR_TAGO_GGB233000376_Ord001,2,2,1,30.0,30.0,30.0,18:30:00,19:00:00,30.0,pattern_median,15.0,P9701(퇴근),-,0
P_f2cb2af08564e954,BR_TAGO_GGB234000003,BS_TAGO_GGB239000682,BS_TAGO_GGB239000429,BR_TAGO_GGB234000003_Ord002,143,115,114,10.0,10.0,10.0,04:05:00,23:05:00,10.0,pattern_median,5.0,30,-,0
P_f2eae71e7834dce0,BR_1100_103900013,BS_1100_103900272,BS_1100_103900280,BR_1100_103900013_Ord001,12,65,64,15.0,15.0,15.0,06:00:00,22:00:00,15.0,pattern_median,7.5,성동14,-,0
P_f318fa71d104911a,BR_1100_112900003,BS_1100_112900205,BS_1100_112900206,BR_1100_112900003_Ord001,23,42,41,25.0,25.0,25.0,06:00:00,23:00:00,25.0,pattern_median,12.5,서대문07,-,0
P_f32119b483983c74,BR_TAGO_GGB232000117,BS_TAGO_GGB113000414,BS_TAGO_GGB232000621,BR_TAGO_GGB232000117_Ord001,12,2,1,1140.0,1140.0,1140.0,05:30:00,24:30:00,20.0,pattern_median,570.0,G6004,-,0
P_f32687c01b1fb549,BR_TAGO_GGB233000391,BS_TAGO_GGB233002102,BS_TAGO_GGB121001315,BR_TAGO_GGB233000391_Ord001,7,3,2,32.5,30.5,34.5,06:55:00,08:00:00,32.5,pattern_median,16.25,8156(예약),-,0
P_f341b7add56b6482,BR_1100_100100178,BS_1100_110000308,BS_1100_110000306,BR_1100_100100178_Ord001,45,53,52,22.0,22.0,22.0,04:30:00,23:30:00,22.0,pattern_median,11.0,1221,-,0
P_f365b18ffe06d25e,BR_1100_117900007,BS_1100_117900121,BS_1100_117900006,BR_1100_117900007_Ord001,49,58,57,18.0,18.0,18.0,05:50:00,22:50:00,18.0,pattern_median,9.0,금천07,-,0
P_f38070d7deb17eb6,BR_TAGO_GGB234001318,BS_TAGO_GGB121000056,BS_TAGO_GGB203000028,BR_TAGO_GGB234001318_Ord001,10,2,1,1079.2666666666667,1079.2666666666667,1079.2666666666667,05:43:15,23:42:31,20.0,pattern_median,539.6333333333333,M5422,-,0
P_f395f06a327c16f6,RR_ACC1_S-1-GTXA-1U,RS_ACC1_S-1-7004,RS_ACC1_S-1-7001,RR_ACC1_S-1-GTXA-1U_Ord001,3,52,51,21.0,14.0,32.0,05:30:00,24:27:00,21.0,pattern_median,10.5,GTX-A,GTX-A(동탄-수서)<상행>,1
P_f3a22884309d2c95,BR_TAGO_GGB227000001,BS_TAGO_GGB123000044,BS_TAGO_GGB227000260,BR_TAGO_GGB227000001_Ord001,39,2,1,1120.0,1120.0,1120.0,05:15:00,23:55:00,20.0,pattern_median,560.0,30-5,-,0
P_f3b4d40237a11a26,BR_1100_103000001,BS_1100_122000305,BS_1100_122000302,BR_1100_103000001_Ord001,10,8,7,16.0,15.2,16.0,06:50:00,08:40:00,16.0,pattern_median,8.0,8441,-,0
P_f3c8ab392aeb172d,BR_1100_119900007,BS_1100_119900080,BS_1100_119900086,BR_1100_119900007_Ord001,43,221,220,5.0,5.0,5.0,05:20:00,23:40:00,5.0,pattern_median,2.5,동작01,-,0
P_f3d64be7fff4dece,BR_TAGO_GGB222000045,BS_TAGO_GGB222000267,BS_TAGO_GGB222000268,BR_TAGO_GGB222000045_Ord002,120,81,80,13.0,13.0,13.0,05:10:38,22:30:37,13.0,pattern_median,6.5,112-1,-,0
P_f4071bdbae127171,BR_1100_100100285,BS_1100_213000492,BS_1100_213000493,BR_1100_100100285_Ord001,112,81,80,14.0,14.0,14.0,04:20:00,22:50:00,14.0,pattern_median,7.0,5633,-,0
P_f40d89fe4988621d,BR_TAGO_GGB238000048,BS_TAGO_GGB238000520,BS_TAGO_GGB238000423,BR_TAGO_GGB238000048_Ord001,33,38,37,30.0,30.0,30.0,04:30:00,22:40:00,30.0,pattern_median,15.0,G2001,-,0
P_f417e322e4acf3c0,BR_TAGO_GGB229000268,BS_TAGO_GGB101000128,BS_TAGO_GGB229000854,BR_TAGO_GGB229000268_Ord001,11,2,1,1098.9,1098.9,1098.9,06:41:44,25:00:38,15.0,pattern_median,549.45,M7154,-,0
P_f42467e07654b988,BR_TAGO_GGB234000015,BS_TAGO_GGB233000576,BS_TAGO_GGB233000575,BR_TAGO_GGB234000015_Ord002,128,105,104,10.0,10.0,10.0,04:40:00,22:00:00,10.0,pattern_median,5.0,1007,-,0
P_f440fad3f56f82c6,BR_TAGO_GGB234000028,BS_TAGO_GGB222000824,BS_TAGO_GGB222000825,BR_TAGO_GGB234000028_Ord002,145,71,70,15.0,15.0,15.0,05:00:00,22:30:00,15.0,pattern_median,7.5,10-5,-,0
P_f44457fae5229f48,BR_TAGO_GGB234000027,BS_TAGO_GGB203000254,BS_TAGO_GGB203000253,BR_TAGO_GGB234000027_Ord002,123,54,53,20.0,20.0,20.0,05:10:00,22:40:00,20.0,pattern_median,10.0,6900,-,0
P_f447a077f2964eb0,BR_TAGO_GGB204000029,BS_TAGO_GGB123000311,BS_TAGO_GGB205000216,BR_TAGO_GGB204000029_Ord001,53,2,1,1020.0,1020.0,1020.0,06:10:00,23:10:00,30.0,pattern_median,510.0,200,-,0
P_f45838c9c014f68d,BR_1100_100100062,BS_1100_123000586,BS_1100_123000585,BR_1100_100100062_Ord001,99,102,101,11.0,11.0,11.0,04:00:00,22:30:00,11.0,pattern_median,5.5,401,-,0
P_f49c717efdbf53d3,BR_TAGO_GGB233000354,BS_TAGO_GGB223000057,BS_TAGO_GGB121000009,BR_TAGO_GGB233000354_Ord001,11,1,0,35.0,,,06:20:00,06:20:00,35.0,route_median,17.5,M4449,-,0
P_f4d8c8a67525bba5,BR_TAGO_GGB222000185,BS_TAGO_GGB222000616,BS_TAGO_GGB123000611,BR_TAGO_GGB222000185_Ord001,9,1,0,20.0,,,06:10:00,06:10:00,20.0,route_median,10.0,M2344,-,0
P_f4e480a15eec9afe,BR_TAGO_GGB222000052,BS_TAGO_GGB104000064,BS_TAGO_GGB222001931,BR_TAGO_GGB222000052_Ord001,45,2,1,1104.75,1104.75,1104.75,05:32:18,23:57:03,69.0,pattern_median,552.375,95,-,0
P_f51b54845b355df2,BR_TAGO_ICB161000004,BS_TAGO_ICB122000098,BS_TAGO_ICB164000644,BR_TAGO_ICB161000004_Ord001,23,2,1,1080.0,1080.0,1080.0,05:00:00,23:00:00,25.0,pattern_median,540.0,M6450,-,0
P_f54505cafff89f7b,BR_1100_100100008,BS_1100_110000391,BS_1100_110000656,BR_1100_100100008_Ord001,70,125,124,9.0,9.0,9.0,04:30:00,23:00:00,9.0,pattern_median,4.5,103,-,0
P_f57300715bbca639,BR_1100_118900007,BS_1100_118900195,BS_1100_118900190,BR_1100_118900007_Ord001,15,116,115,9.0,9.0,9.0,06:00:00,23:15:00,9.0,pattern_median,4.5,영등포08,-,0
P_f58320d27534320c,BR_TAGO_GGB210000001,BS_TAGO_GGB211000098,BS_TAGO_GGB212000380,BR_TAGO_GGB210000001_Ord001,47,2,1,1149.7666666666667,1149.7666666666667,1149.7666666666667,04:53:08,24:02:54,6.0,pattern_median,574.8833333333333,50,-,0
P_f5af77de35235aa0,BR_TAGO_GGB207000099,BS_TAGO_GGB207000085,BS_TAGO_GGB207000082,BR_TAGO_GGB207000099_Ord002,21,37,36,30.0,28.683333333333334,31.125,05:23:14,23:22:10,30.0,pattern_median,15.0,G6000,-,0
P_f6444f8a79f1578c,BR_TAGO_GGB212000002,BS_TAGO_GGB118000198,BS_TAGO_GGB212000230,BR_TAGO_GGB212000002_Ord001,56,2,1,1195.0,1195.0,1195.0,05:25:00,25:20:00,8.0,pattern_median,597.5,83,-,0
P_f652091e70adb0e8,BR_1100_100100330,BS_1100_115000037,BS_1100_115000036,BR_1100_100100330_Ord001,81,79,78,14.0,14.0,14.0,04:30:00,22:40:00,14.0,pattern_median,7.0,6712,-,0
P_f652d6164dc71c32,BR_1100_107900010,BS_1100_107900298,BS_1100_107900203,BR_1100_107900010_Ord001,22,103,102,11.0,11.0,11.0,00:00:00,23:49:00,11.0,pattern_median,5.5,성북14-1,-,0
P_f68a038c89d4e77a,BR_TAGO_GGB227000035,BS_TAGO_GGB122000015,BS_TAGO_GGB227000062,BR_TAGO_GGB227000035_Ord001,56,2,1,1075.0,1075.0,1075.0,06:00:00,23:55:00,15.0,pattern_median,537.5,9202,-,0
P_f6b0cf4eb47b2a6d,BR_1100_100100181,BS_1100_110000389,BS_1100_110000132,BR_1100_100100181_Ord001,88,163,162,7.0,7.0,7.0,04:30:00,23:20:00,7.0,pattern_median,3.5,1224,-,0
P_f6dad3992dd4c7eb,BR_TAGO_GGB207000093,BS_TAGO_GGB207000427,BS_TAGO_GGB207000330,BR_TAGO_GGB207000093_Ord001,36,41,40,20.0,20.0,20.0,06:27:45,19:33:45,20.0,pattern_median,10.0,10-3,-,0
P_f6f27e4edf3f8c98,BR_1100_100900011,BS_1100_100900044,BS_1100_100900149,BR_1100_100900011_Ord001,27,97,96,11.0,11.0,11.0,06:00:00,23:30:00,11.0,pattern_median,5.5,종로05,-,0
P_f70fe0c837f43f99,BR_1100_119900021,BS_1100_119900079,BS_1100_119900132,BR_1100_119900021_Ord001,27,72,71,15.0,15.0,15.0,06:00:00,23:40:00,15.0,pattern_median,7.5,동작12,-,0
P_f72e3b646cb6c5c2,BR_TAGO_GGB228000422,BS_TAGO_GGB228000683,BS_TAGO_GGB228002027,BR_TAGO_GGB228000422_Ord001,38,1,0,18.0,,,07:10:00,07:10:00,,global_median,9.0,5001(예약),-,0
P_f747af07b0361973,BR_TAGO_GGB234001697,BS_TAGO_GGB214002034,BS_TAGO_GGB214002035,BR_TAGO_GGB234001697_Ord001,28,54,53,20.0,20.0,20.0,05:30:00,23:00:00,20.0,pattern_median,10.0,6600,-,0
P_f7677e464ddf2c6d,BR_TAGO_GGB222000048,BS_TAGO_GGB105000028,BS_TAGO_GGB222000268,BR_TAGO_GGB222000048_Ord001,48,2,1,1105.0,1105.0,1105.0,06:25:00,24:50:00,15.0,pattern_median,552.5,166-1,-,0
P_f76b5c9164627332,BR_1100_121900015,BS_1100_121900307,BS_1100_121900329,BR_1100_121900015_Ord001,34,47,46,21.0,21.0,21.0,06:00:00,22:00:00,21.0,pattern_median,10.5,서초18-1,-,0
P_f7fced4036dc31b8,BR_TAGO_GGB213000007,BS_TAGO_GGB213000053,BS_TAGO_GGB213000051,BR_TAGO_GGB213000007_Ord002,56,125,124,9.0,9.0,9.0,05:00:00,23:30:00,9.0,pattern_median,4.5,11-1,-,0
P_f812d51ca88b4903,BR_1100_107000002,BS_1100_123000661,BS_1100_123000659,BR_1100_107000002_Ord001,69,76,75,15.0,15.0,15.0,04:00:00,22:40:00,15.0,pattern_median,7.5,343,-,0
P_f838019ee39f5403,BR_TAGO_GGB222000004,BS_TAGO_GGB105000028,BS_TAGO_GGB222000653,BR_TAGO_GGB222000004_Ord001,82,2,1,1165.0,1165.0,1165.0,05:40:00,25:05:00,8.0,pattern_median,582.5,202,-,0
P_f846b0b6cb85b95b,BR_TAGO_GGB222000178,BS_TAGO_GGB239000682,BS_TAGO_GGB239000429,BR_TAGO_GGB222000178_Ord002,17,7,6,9.0,8.5,9.0,06:33:00,07:26:00,9.0,pattern_median,4.5,8002-1,-,0
P_f849b822535e9843,BR_TAGO_GGB233000367,BS_TAGO_GGB121001325,BS_TAGO_GGB224000567,BR_TAGO_GGB233000367_Ord001,9,2,1,20.0,20.0,20.0,18:30:00,18:50:00,20.0,pattern_median,10.0,P9541(퇴근),-,0
P_f84c9308bb5d3503,RR_ACC1_S-1-KJ-4D,RS_ACC1_S-1-1284,RS_ACC1_S-1-1219,RR_ACC1_S-1-KJ-4D_Ord001,42,1,0,18.0,,,17:47:00,17:47:00,,global_median,9.0,경의중앙선,경의중앙선(문산-용문)(급행)<하행>,1
P_f85d92dfcb99da2f,BR_1100_100100565,BS_1100_111000907,BS_1100_111000002,BR_1100_100100565_Ord001,74,193,192,6.0,6.0,6.0,04:00:00,23:10:00,6.0,pattern_median,3.0,750B,-,0
P_f85e365d5916c60b,BR_1100_100100134,BS_1100_107000163,BS_1100_107000251,BR_1100_100100134_Ord001,25,77,76,15.0,15.0,15.0,05:00:00,23:50:00,15.0,pattern_median,7.5,1114,-,0
P_f863f0bcc6ca9d91,BR_TAGO_GGB232000103,BS_TAGO_GGB232000647,BS_TAGO_GGB232000767,BR_TAGO_GGB232000103_Ord002,29,110,109,10.0,10.0,10.0,04:50:00,23:00:00,10.0,pattern_median,5.0,7100,-,0
P_f88977d1e565384e,BR_TAGO_GGB235000020,BS_TAGO_GGB108000004,BS_TAGO_GGB235000891,BR_TAGO_GGB235000020_Ord001,69,2,1,1066.9,1066.9,1066.9,06:07:30,23:54:24,25.0,pattern_median,533.45,118,-,0
P_f8abaa097b3b4599,BR_TAGO_GGB234000069,BS_TAGO_GGB228001371,BS_TAGO_GGB228000349,BR_TAGO_GGB234000069_Ord002,111,55,54,20.0,20.0,20.0,04:40:00,22:45:00,20.0,pattern_median,10.0,1117,-,0
P_f9018c21e324faaa,BR_TAGO_GGB227000048,BS_TAGO_GGB227000349,BS_TAGO_GGB227000348,BR_TAGO_GGB227000048_Ord002,27,73,72,15.0,14.638333333333332,15.254999999999999,05:35:50,23:25:01,15.0,pattern_median,7.5,36,-,0
P_f922bd47db5238d1,BR_TAGO_GGB227000047,BS_TAGO_GGB123000663,BS_TAGO_GGB227000238,BR_TAGO_GGB227000047_Ord001,18,2,1,940.0,940.0,940.0,06:20:00,22:00:00,15.0,pattern_median,470.0,33,-,0
P_f992b019687c70b7,BR_TAGO_GGB233000131,BS_TAGO_GGB233003122,BS_TAGO_GGB233003123,BR_TAGO_GGB233000131_Ord002,42,108,107,10.0,10.0,10.0,05:10:00,23:00:00,10.0,pattern_median,5.0,6001,-,0
P_f9ca221a3bb04a6a,BR_TAGO_GGB227000004,BS_TAGO_GGB123000631,BS_TAGO_GGB227000260,BR_TAGO_GGB227000004_Ord001,38,2,1,1046.6166666666666,1046.6166666666666,1046.6166666666666,05:52:58,23:19:35,11.0,pattern_median,523.3083333333333,38,-,0
P_f9daaa28e6241d8e,BR_1100_100100107,BS_1100_235000311,BS_1100_235000834,BR_1100_100100107_Ord001,111,75,74,15.0,15.0,15.0,04:00:00,22:30:00,15.0,pattern_median,7.5,704,-,0
P_fa0bf42ddf85cc8d,BR_1100_114900003,BS_1100_114900097,BS_1100_114000435,BR_1100_114900003_Ord001,59,109,108,10.0,10.0,10.0,05:30:00,23:30:00,10.0,pattern_median,5.0,양천03,-,0
P_fa1aec660eac5cfb,BR_TAGO_GGB234001159,BS_TAGO_GGB206000040,BS_TAGO_GGB206000215,BR_TAGO_GGB234001159_Ord002,18,139,138,8.0,8.0,8.0,04:40:00,23:00:00,8.0,pattern_median,4.0,M4102,-,0
P_fa4db64c60ac0acb,RR_ACC1_S-1-2-3U,RS_ACC1_S-1-0211,RS_ACC1_S-1-0219,RR_ACC1_S-1-2-3U_Ord034,251,1,0,5.5,,,16:14:30,16:14:30,5.5,route_median,2.75,서울 2호선,서울 2호선(본선)<외선>,1
P_fa5bddd3de46b791,BR_TAGO_GGB233000326,BS_TAGO_GGB121000920,BS_TAGO_GGB233000575,BR_TAGO_GGB233000326_Ord001,26,2,1,1030.0166666666667,1030.0166666666667,1030.0166666666667,06:31:49,23:41:50,50.0,pattern_median,515.0083333333333,1006,-,0
P_fa5deff633c8ac35,BR_1100_116900003,BS_1100_116900094,BS_1100_116000023,BR_1100_116900003_Ord001,27,100,99,11.0,11.0,11.0,05:50:00,23:55:00,11.0,pattern_median,5.5,구로10,-,0
P_fa8d10f43e456418,BR_1100_100100603,BS_1100_225000249,BS_1100_225000194,BR_1100_100100603_Ord001,138,52,51,22.0,22.0,22.0,04:20:00,23:00:00,22.0,pattern_median,11.0,542,-,0
P_fa93ffac6797f0b3,BR_TAGO_GGB210000060,BS_TAGO_GGB212000379,BS_TAGO_GGB212000380,BR_TAGO_GGB210000060_Ord002,87,183,182,6.0,6.0,6.0,04:40:00,22:50:00,6.0,pattern_median,3.0,23,-,0
P_faa4f7a6c42e8427,RR_ACC1_S-1-1-5D,RS_ACC1_S-1-1003,RS_ACC1_S-1-1701,RR_ACC1_S-1-1-5D_Ord091,7,7,6,35.5,12.0,332.5,08:29:00,21:09:00,8.0,pattern_median,17.75,서울 1호선,서울 1호선(용산-동인천)(급행)<하행>,1
P_fab20c67a8fe5168,BR_TAGO_GGB200000299,BS_TAGO_GGB223000527,BS_TAGO_GGB223000526,BR_TAGO_GGB200000299_Ord002,43,27,26,40.0,40.0,40.0,05:30:00,22:30:00,40.0,pattern_median,20.0,5200,-,0
P_facc685d0ece365e,BR_1100_100100345,BS_1100_111000907,BS_1100_111000002,BR_1100_100100345_Ord001,80,81,80,14.0,14.0,14.0,04:10:00,22:40:00,14.0,pattern_median,7.0,7611,-,0
P_face2a422b188d5d,RR_ACC1_S-1-9-2D,RS_ACC1_S-1-4107,RS_ACC1_S-1-4101,RR_ACC1_S-1-9-2D_Ord001,7,1,0,11.0,,,05:30:00,05:30:00,11.0,route_median,5.5,서울 9호선,서울 9호선(개화-중앙보훈병원)<하행>,1
P_fafd0c2f70662c90,BR_1100_100100277,BS_1100_117000132,BS_1100_117000920,BR_1100_100100277_Ord001,68,141,140,8.0,8.0,8.0,04:30:00,23:10:00,8.0,pattern_median,4.0,5620,-,0
P_fb0e7d7e7dd06a31,BR_3100_241274008,BS_TAGO_GGB213000475,BS_TAGO_GGB213000475,BR_3100_241274008_Ord001,27,9,8,120.0,120.0,120.0,06:30:00,22:30:00,120.0,pattern_median,60.0,1A,-,0
P_fb4446e9f41b6a47,BR_TAGO_GGB210000075,BS_TAGO_GGB212000371,BS_TAGO_GGB212000114,BR_TAGO_GGB210000075_Ord002,69,136,135,8.0,8.0,8.0,05:00:00,23:00:00,8.0,pattern_median,4.0,98,-,0
P_fb543400a4ed4594,BR_TAGO_GGB213000005,BS_TAGO_GGB213000411,BS_TAGO_GGB213000389,BR_TAGO_GGB213000005_Ord002,86,137,136,8.0,8.0,8.0,05:05:00,23:10:00,8.0,pattern_median,4.0,17,-,0
P_fb6a3ae0c261c817,BR_1100_115900005,BS_1100_115900201,BS_1100_115000057,BR_1100_115900005_Ord001,72,108,107,10.0,10.0,10.0,05:30:00,23:20:00,10.0,pattern_median,5.0,강서05,-,0
P_fb7a15d7734fc21e,BR_TAGO_GGB229000112,BS_TAGO_GGB229000940,BS_TAGO_GGB229000951,BR_TAGO_GGB229000112_Ord002,34,59,58,20.0,20.0,20.0,04:30:00,23:40:00,20.0,pattern_median,10.0,G7625,-,0
P_fb7ebe4ca19b6763,BR_1100_113900012,BS_1100_113900300,BS_1100_113900192,BR_1100_113900012_Ord001,33,110,109,10.0,10.0,10.0,00:00:00,23:50:00,10.0,pattern_median,5.0,마포06,-,0
P_fbbf9e9c5d2a4de3,BR_TAGO_GGB229000277,BS_TAGO_GGB229000746,BS_TAGO_GGB229001168,BR_TAGO_GGB229000277_Ord001,141,2,1,170.0,170.0,170.0,22:00:00,24:50:00,170.0,pattern_median,85.0,9709N,-,0
P_fc289bd26aa6867e,BR_1100_100100400,BS_1100_219000679,BS_1100_219000051,BR_1100_100100400_Ord001,77,96,95,12.0,12.0,12.0,00:00:00,23:48:00,12.0,pattern_median,6.0,9707,-,0
P_fc485cb1a7691982,BR_TAGO_GGB204000180,BS_TAGO_GGB204000330,BS_TAGO_GGB204000148,BR_TAGO_GGB204000180_Ord001,18,2,1,1020.0,1020.0,1020.0,05:25:00,22:25:00,15.0,pattern_median,510.0,210,-,0
P_fc539bb7f1a9243d,BR_TAGO_GGB228000262,BS_TAGO_GGB121000007,BS_TAGO_GGB203000253,BR_TAGO_GGB228000262_Ord001,24,2,1,1075.3333333333333,1075.3333333333333,1075.3333333333333,05:57:26,23:52:46,15.0,pattern_median,537.6666666666666,5006,-,0
P_fc6aea109bf52a67,BR_1100_100100105,BS_1100_218000558,BS_1100_218000559,BR_1100_100100105_Ord001,71,83,82,14.0,14.0,14.0,04:05:00,23:05:00,14.0,pattern_median,7.0,702B용두초교,-,0
P_fc6ccc9ae0591d06,RR_ACC1_S-1-KP-1U,RS_ACC1_S-1-4929,RS_ACC1_S-1-4921,RR_ACC1_S-1-KP-1U_Ord001,9,144,143,6.0,3.0,12.0,05:38:10,23:39:10,6.0,pattern_median,3.0,김포도시철도,김포도시철도(김포공항-양촌)<상행>,1
P_fc73192d01d3d78b,BR_TAGO_GGB232000017,BS_TAGO_GGB168000380,BS_TAGO_GGB168000382,BR_TAGO_GGB232000017_Ord002,106,176,175,7.0,7.0,7.0,04:10:00,24:30:00,7.0,pattern_median,3.5,60,-,0
P_fcf24189a8c42840,BR_1100_112900001,BS_1100_112900218,BS_1100_112900221,BR_1100_112900001_Ord001,24,67,66,16.0,16.0,16.0,05:45:00,23:15:00,16.0,pattern_median,8.0,서대문10,-,0
P_fcf61091bf6a0cd4,RR_ACC1_S-1-1-11U,RS_ACC1_S-1-1811,RS_ACC1_S-1-1003,RR_ACC1_S-1-1-11U_Ord001,11,7,6,54.0,24.5,169.5,07:36:00,15:52:00,54.0,pattern_median,27.0,서울 1호선,서울 1호선(용산-동인천)(급행)<상행>,1
P_fd0ffc6d3c0f5340,BR_TAGO_GGB210000034,BS_TAGO_GGB210000472,BS_TAGO_GGB212000380,BR_TAGO_GGB210000034_Ord001,47,2,1,1124.55,1124.55,1124.55,05:21:54,24:06:27,10.0,pattern_median,562.275,70,-,0
P_fd1a9f04aeae2017,BR_1100_107000008,BS_1100_206000498,BS_1100_206000335,BR_1100_107000008_Ord001,115,63,62,18.0,18.0,18.0,04:30:00,23:00:00,18.0,pattern_median,9.0,422,-,0
P_fd254142df06699e,RR_ACC1_S-1-1-1U,RS_ACC1_S-1-1806,RS_ACC1_S-1-1915,RR_ACC1_S-1-1-1U_Ord018,52,3,2,389.5,145.9,633.1,05:02:00,18:01:00,8.0,pattern_median,194.75,서울 1호선,서울 1호선(소요산-인천)<상행>,1
P_fd3315c4c1c586e9,BR_TAGO_GGB210000109,BS_TAGO_GGB211000169,BS_TAGO_GGB211000298,BR_TAGO_GGB210000109_Ord001,15,2,1,1035.0,1035.0,1035.0,05:10:00,22:25:00,23.0,pattern_median,517.5,99,-,0
P_fd41900eb0fbf82a,BR_1100_111000020,BS_1100_229001344,BS_1100_113000134,BR_1100_111000020_Ord001,7,3,2,20.0,20.0,20.0,06:20:00,07:00:00,20.0,pattern_median,10.0,서울03,-,0
P_fd48903e4e868632,BR_TAGO_GGB219000008,BS_TAGO_GGB219000644,BS_TAGO_GGB219000645,BR_TAGO_GGB219000008_Ord001,155,5,4,300.0,188.0,300.0,05:00:00,22:20:00,300.0,pattern_median,150.0,55,-,0
P_fd5ab37667b848a9,BR_TAGO_GGB236000149,BS_TAGO_GGB236000167,BS_TAGO_GGB236001108,BR_TAGO_GGB236000149_Ord002,88,75,74,15.0,15.0,15.0,04:41:26,23:00:56,15.0,pattern_median,7.5,3200,-,0
P_fd89042697709d0a,BR_1100_100100153,BS_1100_110000389,BS_1100_110000132,BR_1100_100100153_Ord001,51,51,50,23.0,23.0,23.0,04:30:00,23:40:00,23.0,pattern_median,11.5,1138,-,0
P_fda035cba8c2a0cf,BR_TAGO_GGB233000031,BS_TAGO_GGB202000088,BS_TAGO_GGB202000208,BR_TAGO_GGB233000031_Ord002,44,309,308,4.0,4.0,4.0,04:42:28,25:10:24,4.0,pattern_median,2.0,7770,-,0
P_fdc0911af2fd16d5,BR_TAGO_ICB165000163,BS_TAGO_ICB121000221,BS_TAGO_ICB166000234,BR_TAGO_ICB165000163_Ord001,31,2,1,1105.0,1105.0,1105.0,06:35:00,25:00:00,30.0,pattern_median,552.5,9500,-,0
P_fdc30457fd2cfc54,BR_TAGO_ICB165000163,BS_TAGO_ICB166000209,BS_TAGO_ICB166000234,BR_TAGO_ICB165000163_Ord002,63,38,37,30.0,30.0,30.0,05:00:00,23:30:00,30.0,pattern_median,15.0,9500,-,0
P_fdc44ec495fe1cb8,BR_TAGO_GGB227000040,BS_TAGO_GGB104000064,BS_TAGO_GGB227000260,BR_TAGO_GGB227000040_Ord001,20,2,1,1100.0,1100.0,1100.0,05:40:00,24:00:00,20.0,pattern_median,550.0,9304,-,0
P_fe0506d8d4c4d546,BR_TAGO_GGB238000015,BS_TAGO_GGB238000516,BS_TAGO_GGB238000517,BR_TAGO_GGB238000015_Ord002,220,22,21,50.0,50.0,50.0,04:35:00,22:05:00,50.0,pattern_median,25.0,39,-,0
P_fe47a1523cbb89df,BR_TAGO_GGB208000063,BS_TAGO_GGB209000094,BS_TAGO_GGB209000135,BR_TAGO_GGB208000063_Ord002,28,71,70,15.0,15.0,16.46,05:08:48,22:42:30,15.0,pattern_median,7.5,M5333,-,0
P_fe70ed56f04e4e6d,BR_1100_111900007,BS_1100_111900063,BS_1100_111900067,BR_1100_111900007_Ord001,20,73,72,15.0,15.0,15.0,06:00:00,23:50:00,15.0,pattern_median,7.5,은평06,-,0
P_fe7973f03da02756,BR_1100_108900002,BS_1100_108900022,BS_1100_108900023,BR_1100_108900002_Ord001,32,138,137,8.0,8.0,8.0,05:30:00,23:45:00,8.0,pattern_median,4.0,강북02,-,0
P_fe92c44ae362a251,BR_TAGO_GGB200000323,BS_TAGO_GGB120000060,BS_TAGO_GGB201000405,BR_TAGO_GGB200000323_Ord001,26,2,1,30.0,30.0,30.0,07:00:00,07:30:00,30.0,pattern_median,15.0,7780(퇴근예약),-,0
P_fea299e7eebdbc42,RR_ACC1_S-1-1-10U,RS_ACC1_S-1-1728,RS_ACC1_S-1-0150,RR_ACC1_S-1-1-10U_Ord001,14,1,0,18.0,,,05:44:00,05:44:00,,global_median,9.0,서울 1호선,서울 1호선(서울역-천안)(급행)<상행>,1
P_fec070eff267668a,BR_TAGO_GGB222000076,BS_TAGO_GGB222001122,BS_TAGO_GGB222001057,BR_TAGO_GGB222000076_Ord002,90,71,70,15.0,15.0,15.0,05:10:00,22:30:00,15.0,pattern_median,7.5,7007,-,0
P_fec459feb102e0ab,RR_ACC1_S-1-SD-1D,RS_ACC1_S-1-1014,RS_ACC1_S-1-1891,RR_ACC1_S-1-SD-1D_Ord001,63,2,1,307.0,307.0,307.0,10:43:00,15:50:00,307.0,pattern_median,153.5,수인분당선,수인분당선(인천-청량리)<하행>,1
P_fed35b13a1fe45ef,BR_TAGO_GGB235000020,BS_TAGO_GGB235000892,BS_TAGO_GGB235000891,BR_TAGO_GGB235000020_Ord002,139,44,43,25.0,25.0,25.0,04:20:00,22:00:00,25.0,pattern_median,12.5,118,-,0
P_fefc022d648fe836,RR_ACC1_S-1-1-2U,RS_ACC1_S-1-1408,RS_ACC1_S-1-1019,RR_ACC1_S-1-1-2U_Ord002,58,20,19,49.0,16.0,83.0,05:00:00,20:35:00,17.5,pattern_median,24.5,서울 1호선,서울 1호선(광운대-신창(순천향대))<상행>,1
P_fefebe8581505887,BR_TAGO_GGB235000104,BS_TAGO_GGB106000060,BS_TAGO_GGB235000133,BR_TAGO_GGB235000104_Ord001,17,2,1,1080.0,1080.0,1080.0,06:05:00,24:05:00,15.0,pattern_median,540.0,G1200,-,0
P_ff014754085e5f7a,BR_1100_100100116,BS_1100_111000060,BS_1100_111000055,BR_1100_100100116_Ord001,132,100,99,11.0,11.0,11.0,04:00:00,22:10:00,11.0,pattern_median,5.5,742,-,0
P_ff1cf6380556fc50,BR_1100_111000019,BS_1100_106000319,BS_1100_106000467,BR_1100_111000019_Ord001,86,82,81,13.0,13.0,13.0,05:00:00,22:30:00,13.0,pattern_median,6.5,2236,-,0
P_ff22425524824ae7,BR_TAGO_GGB200000119,BS_TAGO_GGB201000212,BS_TAGO_GGB121001315,BR_TAGO_GGB200000119_Ord001,24,1,0,12.0,,,06:20:00,06:20:00,12.0,route_median,6.0,7001,-,0
P_ff70eb6d38c9094c,RR_ACC1_S-1-1-1D,RS_ACC1_S-1-1019,RS_ACC1_S-1-1701,RR_ACC1_S-1-1-1D_Ord088,23,2,1,57.0,57.0,57.0,22:37:00,23:34:00,7.5,pattern_median,28.5,서울 1호선,서울 1호선(소요산-인천)<하행>,1
P_ff7c181b3bed2636,BR_TAGO_GGB213000027,BS_TAGO_GGB117000181,BS_TAGO_GGB213000375,BR_TAGO_GGB213000027_Ord001,18,2,1,1040.0,1040.0,1040.0,06:00:00,23:20:00,20.0,pattern_median,520.0,102,-,0
P_ff8594002b8de06d,BR_TAGO_GGB234001243,BS_TAGO_GGB203000125,BS_TAGO_GGB228000723,BR_TAGO_GGB234001243_Ord001,21,91,90,12.0,12.0,12.0,05:07:26,23:07:26,12.0,pattern_median,6.0,M5107,-,0
P_ffa89fa058af121e,BR_1100_112900005,BS_1100_112900116,BS_1100_112900113,BR_1100_112900005_Ord001,32,42,41,26.0,26.0,26.0,05:55:00,23:32:00,26.0,pattern_median,13.0,서대문13,-,0
P_ffb4da12197bd051,BR_TAGO_GGB224000029,BS_TAGO_GGB118000198,BS_TAGO_GGB224000855,BR_TAGO_GGB224000029_Ord001,81,2,1,1025.0,1025.0,1025.0,06:50:00,23:55:00,15.0,pattern_median,512.5,530,-,0
P_ffc24bce24cf9b01,BR_TAGO_GGB222000222,BS_TAGO_GGB107000057,BS_TAGO_GGB222000756,BR_TAGO_GGB222000222_Ord001,40,2,1,1030.0,1030.0,1030.0,05:20:00,22:30:00,20.0,pattern_median,515.0,115,-,0
P_ffddec9ffbc62c37,BR_1100_111000012,BS_1100_218000221,BS_1100_111000009,BR_1100_111000012_Ord001,160,50,49,25.0,25.0,25.0,00:00:00,23:50:00,25.0,pattern_median,12.5,774,-,0
