내부번호,출처번호,공연시설ID,공연시설명,공연시설특성,주소_원문,표준주소,위도,경도,위치확인상태,국가코드,시간대,지역코드,지역기준연도,개관연도,공연장수,시설총좌석수,전화번호,홈페이지목록,레스토랑유무,카페유무,편의점유무,놀이방유무,수유실유무,주차시설유무,장애인전용주차장유무,장애인화장실유무,장애인경사로유무,장애인엘리베이터유무,마지막수신일시,다음갱신일시,생성일시,갱신일시,버전번호
005e9c14-eab8-59bc-a83a-bc5cbeaad60f,cc116256-a043-51f8-91f1-72852fc3dd25,FC000023,인천어린이과학관,공공(기타),인천광역시 계양구 방축로 21(방축동 108-1) 인천어린이과학관,,37.5516966,126.7398956,valid,KR,Asia/Seoul,,,2011,2,412,032-550-3300,"[""https://www.insiseol.or.kr/culture/icsmuseum/""]",false,true,true,false,true,true,true,false,false,false,2026-09-24 05:20:12.67797+00,,2026-09-16 06:14:28.979553+00,2026-09-25 03:53:58.236199+00,2
00600cbe-c095-575d-8024-5d5b9b1a55f1,cc116256-a043-51f8-91f1-72852fc3dd25,FC000493,순천문화예술회관,공공(문예회관),전남광주통합특별시 순천시 삼산로 16 (석현동),,34.9705841,127.4853144,valid,KR,Asia/Seoul,,,1993,2,1066,061-749-8612,"[""http://art.suncheon.go.kr/scart/""]",false,false,false,false,false,true,false,false,false,false,2026-09-23 18:20:14.955326+00,,2026-09-16 06:14:28.979553+00,2026-09-24 02:01:39.338769+00,2
009aad71-e625-5b67-ac25-09313c7a66b3,cc116256-a043-51f8-91f1-72852fc3dd25,FC000122,부천시민회관,공공(문예회관),경기도 부천시 원미구 부일로 365 (중동),,37.4886325,126.7706582,valid,KR,Asia/Seoul,,,1988,4,1255,032-320-6300,"[""http://www.bcf.or.kr/""]",false,false,false,false,false,true,true,true,true,false,2026-09-24 00:00:12.768804+00,,2026-09-16 06:14:28.979553+00,2026-09-24 02:01:39.338769+00,2
00c23cbe-e832-51ea-9f8b-4a203061a9f0,cc116256-a043-51f8-91f1-72852fc3dd25,FC001823,장충체육관,공공(기타),서울특별시 중구 동호로 241 (장충동2가),,37.5581719,127.0067176,valid,KR,Asia/Seoul,,,1963,1,4507,02-2128-2800,"[""http://www.sisul.or.kr/jangchunggym""]",false,true,true,false,true,true,true,true,false,false,2026-09-23 20:10:08.807488+00,,2026-09-24 02:00:17.21355+00,2026-09-24 02:00:17.21355+00,1
00e38877-ecd6-574f-88fa-6aed8d02bec7,cc116256-a043-51f8-91f1-72852fc3dd25,FC001345,벡스코 (BEXCO),공공(기타),부산광역시 해운대구 APEC로 55,,35.1679229,129.1356974,valid,KR,Asia/Seoul,,,2012,5,40002,051-740-7300,"[""http://www.bexco.co.kr/audi/Contents.do?mCode=MN0001""]",true,true,true,false,true,true,true,false,false,false,2026-09-23 18:30:06.460459+00,,2026-09-24 02:00:17.21355+00,2026-09-24 02:00:17.21355+00,1
017fff77-c39b-5b8c-b152-5eb8690b6542,cc116256-a043-51f8-91f1-72852fc3dd25,FC004535,충주탄금공원,기타(비공연장),충청북도 충주시 남한강로 46 (금릉동),,36.9895750,127.9049110,valid,KR,Asia/Seoul,,,,1,,,[],false,false,false,false,false,false,false,false,false,false,2026-09-24 02:40:14.82856+00,,2026-09-24 03:20:17.345552+00,2026-09-24 03:20:17.345552+00,1
019c135f-38cb-58e0-a0a4-a4bb06940ea1,cc116256-a043-51f8-91f1-72852fc3dd25,FC000055,윤당아트홀,민간(대학로 외),서울특별시 강남구 언주로 844 (신사동),,37.5256519,127.0337152,valid,KR,Asia/Seoul,,,2009,2,417,02-546-8095,"[""http://www.ydart.co.kr/""]",false,false,false,false,false,true,true,false,true,true,2026-09-24 05:20:16.875805+00,,2026-09-25 02:50:17.102193+00,2026-09-25 02:50:17.102193+00,1
020aec26-d848-507f-bd6d-71fd40c41650,cc116256-a043-51f8-91f1-72852fc3dd25,FC000546,영천시민회관,공공(문예회관),경상북도 영천시 시청로 17 (문외동),,35.9729409,128.9377901,valid,KR,Asia/Seoul,,,1989,1,799,054-330-6454,"[""http://ycac.yc.go.kr/""]",false,false,false,false,false,true,true,true,true,false,2026-09-24 15:50:15.439527+00,,2026-09-16 06:14:28.979553+00,2026-09-25 03:53:58.236199+00,2
0215a14b-04bf-51ec-9f36-c6576d267314,cc116256-a043-51f8-91f1-72852fc3dd25,FC000474,천안시청 봉서홀,공공(기타),충청남도 천안시 서북구 번영로 156 (불당동),,36.8156927,127.1136868,valid,KR,Asia/Seoul,,,2005,1,1064,00-1577-3900,[],false,true,false,false,false,true,false,false,false,false,2026-09-24 05:20:14.781923+00,,2026-09-25 02:50:17.102193+00,2026-09-25 02:50:17.102193+00,1
02d80cd6-ac84-55d6-9dfd-4c9e237d0310,cc116256-a043-51f8-91f1-72852fc3dd25,FC000433,세종문화예술회관,공공(문예회관),세종특별자치시 조치원읍 문예회관길 22,,36.5996120,127.2871690,valid,KR,Asia/Seoul,,,2000,4,830,044-301-3523,"[""https://www.sjac.or.kr/culture/main/view""]",false,false,false,false,false,true,true,false,false,false,2026-09-24 17:50:08.322949+00,,2026-09-16 06:14:28.979553+00,2026-09-25 03:53:58.236199+00,2
02e93a2e-6afb-54ef-ad9c-e310c475ab3b,cc116256-a043-51f8-91f1-72852fc3dd25,FC003839,아라아트홀,민간(대학로),서울특별시 종로구 대학로8가길 30 (동숭동),,37.5822940,127.0025606,valid,KR,Asia/Seoul,,,,1,,,[],false,false,false,false,false,false,false,false,false,false,2026-09-24 06:10:06.541597+00,,2026-09-16 06:14:28.979553+00,2026-09-25 03:53:58.236199+00,2
02f6db95-1976-5d88-9887-dc2738248902,cc116256-a043-51f8-91f1-72852fc3dd25,FC005072,매일이 다르다 [부산],기타(비공연장),부산광역시 중구 대청로126번길 26-1 (동광동2가),,35.1004960,129.0342480,valid,KR,Asia/Seoul,,,,1,,,"[""https://www.instagram.com/differentoday""]",false,false,false,false,false,false,false,false,false,false,2026-09-23 21:10:06.29024+00,,2026-09-16 06:14:28.979553+00,2026-09-24 02:01:39.338769+00,2
02f6fd36-f31a-56b0-ba98-e393d4b05e39,cc116256-a043-51f8-91f1-72852fc3dd25,FC004204,콘서트홀 나누,민간(대학로 외),서울특별시 마포구 망원로 66 (망원동),,37.5570634,126.9042133,valid,KR,Asia/Seoul,,,,1,50,,[],false,false,false,false,false,false,false,false,false,false,2026-09-23 16:00:02.478057+00,,2026-09-24 02:00:17.21355+00,2026-09-24 02:00:17.21355+00,1
030d140d-e8f9-5e98-b966-f13b256a3f51,cc116256-a043-51f8-91f1-72852fc3dd25,FC000746,동해문화예술회관,공공(문예회관),강원도 동해시 평원로 15 (천곡동),,37.5264687,129.1151526,valid,KR,Asia/Seoul,,,1995,3,1753,033-530-2115,"[""https://dh.go.kr/www/selectWebSchdulListCal.do?key=1712""]",false,false,false,false,false,true,true,false,true,false,2026-09-23 21:10:04.232058+00,,2026-09-16 06:14:28.979553+00,2026-09-24 02:01:39.338769+00,2
0327f966-4b6c-57e8-bf32-f6248346b6c6,cc116256-a043-51f8-91f1-72852fc3dd25,FC002760,라온아트홀,민간(대학로),서울특별시 종로구 대학로10길 11 (동숭동),,37.5818530,127.0028053,valid,KR,Asia/Seoul,,,,1,206,,[],false,true,false,false,false,false,false,false,false,false,2026-09-24 04:40:12.716602+00,,2026-09-25 02:50:17.102193+00,2026-09-25 02:50:17.102193+00,1
038bd30f-4171-5a7f-a371-fcae5571c4a8,cc116256-a043-51f8-91f1-72852fc3dd25,FC001466,부산예술대학교 원곡예술관,민간(대학로 외),부산광역시 남구 못골번영로71번길 74 - 0 부산예술대학,,35.1424179,129.0842871,valid,KR,Asia/Seoul,,,1998,1,594,051-628-3990,"[""http://www.busanarts.ac.kr/page/main/index.php""]",false,false,false,false,false,false,false,false,false,false,2026-09-24 01:10:10.514678+00,,2026-09-24 02:00:17.21355+00,2026-09-24 02:00:17.21355+00,1
03b637e7-794f-5508-b176-d3045fb2b73e,cc116256-a043-51f8-91f1-72852fc3dd25,FC005066,시흥아트센터,민간(대학로),경기도 시흥시 서울대학로 255 (배곧동),,37.3696130,126.7234500,valid,KR,Asia/Seoul,,,,2,1011,,"[""https://www.siheung.go.kr/sac/main.do""]",false,false,false,false,false,false,false,false,false,false,2026-09-24 16:20:04.482227+00,,2026-09-25 02:50:17.102193+00,2026-09-25 02:50:17.102193+00,1
03b7193d-4bf8-5cb2-8937-3bb41794fdbd,cc116256-a043-51f8-91f1-72852fc3dd25,FC003685,크레스트72(CREST72),기타(비공연장),서울특별시 중구 장충단로 72 (장충동2가),,37.5514172,127.0025216,valid,KR,Asia/Seoul,,,,2,530,,"[""https://crest72.co.kr/""]",false,false,false,false,false,false,false,false,false,false,2026-09-24 05:10:10.589831+00,,2026-09-25 02:50:17.102193+00,2026-09-25 02:50:17.102193+00,1
0411bcdc-790f-5fa0-a015-07c4f8ae68a6,cc116256-a043-51f8-91f1-72852fc3dd25,FC003565,바른아트센터,민간(대학로 외),경기도 성남시 분당구 야탑로75번길 5 (야탑동),,37.4108438,127.1268172,valid,KR,Asia/Seoul,,,,1,180,,"[""http://www.barunsesang.co.kr/m/10_art_center/art_center0101.php""]",false,false,false,false,false,false,false,false,false,false,2026-09-23 16:10:14.930771+00,,2026-09-24 02:00:17.21355+00,2026-09-24 02:00:17.21355+00,1
046d0f39-72f5-5bad-88e3-313cc5d767e1,cc116256-a043-51f8-91f1-72852fc3dd25,FC001799,이화여자대학교 삼성홀,민간(대학로 외),서울특별시 서대문구 이화여대길 52 (대현동),,37.5614238,126.9469727,valid,KR,Asia/Seoul,,,2010,1,702,02-6380-4430,"[""http://samsunghall.ticketlink.co.kr/""]",true,true,true,false,false,true,true,true,true,true,2026-09-24 02:00:17.21355+00,,2026-09-24 02:00:17.21355+00,2026-09-24 02:00:17.21355+00,1
049461f4-898e-51b9-a81a-95a08bd50ef7,cc116256-a043-51f8-91f1-72852fc3dd25,FC005054,아람브릿지 [송파방이점],기타(비공연장),서울특별시 송파구 오금로31길 12 (방이동),,37.5067870,127.1217400,valid,KR,Asia/Seoul,,,,1,,,[],false,false,false,false,false,false,false,false,false,false,2026-09-24 02:00:13.019028+00,,2026-09-24 02:00:17.21355+00,2026-09-24 02:00:17.21355+00,1
049b6427-c7d3-5ec7-8cee-469e9fddcd85,cc116256-a043-51f8-91f1-72852fc3dd25,FC000424,당진문예의전당,공공(문예회관),충청남도 당진시 무수동2길 25-21 (읍내동),,36.8901441,126.6378658,valid,KR,Asia/Seoul,,,2005,3,1401,041-350-2911,"[""http://www.dangjinart.kr/""]",false,false,false,false,false,true,true,true,true,true,2026-09-23 17:40:14.506421+00,,2026-09-16 06:14:28.979553+00,2026-09-24 02:01:39.338769+00,2
04c4c645-3800-5a08-a6c4-5593cff5e9fa,cc116256-a043-51f8-91f1-72852fc3dd25,FC003446,김천시립율곡도서관,민간(대학로 외),경상북도 김천시 용전1로1길 17 (율곡동),,36.1221659,128.1888068,valid,KR,Asia/Seoul,,,2022,1,464,054-421-0200,"[""https://www.gcl.go.kr/#secondPage""]",false,false,false,false,false,true,true,false,false,false,2026-09-23 21:30:13.827634+00,,2026-09-24 02:00:17.21355+00,2026-09-24 02:00:17.21355+00,1
04d301e7-4452-52ec-9abe-2835c2b60b2d,cc116256-a043-51f8-91f1-72852fc3dd25,FC000098,극장 온 (ON) (구.CJ아지트),민간(대학로),서울특별시 종로구 대학로12길 69 (동숭동),,37.5809629,127.0039499,valid,KR,Asia/Seoul,,,2016,1,190,02-726-7967,"[""https://www.cjazit.org/cjazit""]",true,false,false,false,false,false,false,false,false,false,2026-09-24 18:00:05.186985+00,,2026-09-25 02:50:17.102193+00,2026-09-25 02:50:17.102193+00,1
0525b26d-b110-59b7-abd4-1e8adc510164,cc116256-a043-51f8-91f1-72852fc3dd25,FC000437,천안시성환문화회관,공공(문예회관),충청남도 천안시 서북구 성환읍 성진로 15,,36.9128883,127.1372234,valid,KR,Asia/Seoul,,,1995,2,840,041-521-3745,[],false,false,false,false,false,true,true,false,false,false,2026-09-23 18:10:10.796309+00,,2026-09-24 02:00:17.21355+00,2026-09-24 02:00:17.21355+00,1
055ca4e1-acec-59b6-aea9-bfc1310a1f59,cc116256-a043-51f8-91f1-72852fc3dd25,FC000407,호암예술관,공공(기타),충청북도 충주시 중원대로 3306 (호암동),,36.9631902,127.9256168,valid,KR,Asia/Seoul,,,2006,1,291,043-870-7832,"[""http://www.cjfmc.or.kr/homepage/guide/guide_sub01_02""]",false,false,false,false,true,true,true,true,true,true,2026-09-24 17:00:06.428221+00,,2026-09-25 02:50:17.102193+00,2026-09-25 02:50:17.102193+00,1
0646a09c-b3e5-5d83-b20d-f9c2a7b5a6f2,cc116256-a043-51f8-91f1-72852fc3dd25,FC000240,국립과천과학관,공공(기타),경기도 과천시 상하벌로 110 (과천동),,37.4382454,127.0059149,valid,KR,Asia/Seoul,,,2008,3,495,02-3677-1500,"[""http://www.sciencecenter.go.kr/gnsm_web/main/""]",false,false,false,true,true,true,true,false,false,false,2026-09-23 20:40:12.957686+00,,2026-09-24 02:00:17.21355+00,2026-09-24 02:00:17.21355+00,1
066633f3-dd42-5787-b5ba-1d2cbaa19462,cc116256-a043-51f8-91f1-72852fc3dd25,FC000084,울산북구문화예술회관,공공(문예회관),울산광역시 북구 산업로 1000 (연암동),,35.5814012,129.3614092,valid,KR,Asia/Seoul,,,2003,1,453,052-241-7350,"[""https://www.bukgu.ulsan.kr/art/main.mo""]",false,false,false,false,false,true,true,true,true,true,2026-09-24 16:40:06.375526+00,,2026-09-16 06:14:28.979553+00,2026-09-25 03:53:58.236199+00,2
06bfba80-54bf-5648-8153-de20e2c4457c,cc116256-a043-51f8-91f1-72852fc3dd25,FC003195,거암아트홀,민간(대학로 외),서울특별시 강남구 강남대로 652(신사동),,37.5195101,127.0191060,valid,KR,Asia/Seoul,,,2022,1,144,,"[""http://sinsasquare.co.kr/""]",true,true,true,false,false,true,true,false,false,false,2026-09-23 22:30:06.176249+00,,2026-09-24 02:00:17.21355+00,2026-09-24 02:00:17.21355+00,1
071b7f76-4f56-5c8a-9dd6-0a0389e0bacd,cc116256-a043-51f8-91f1-72852fc3dd25,FC002017,김포한강괜찮은홀,민간(대학로 외),경기도 김포시 양촌읍 석모로 103 (석모리),,37.6515610,126.6394602,valid,KR,Asia/Seoul,,,,1,110,070-8886-2516,[],false,false,false,false,false,true,false,false,false,false,2026-09-24 17:10:06.461989+00,,2026-09-25 02:50:17.102193+00,2026-09-25 02:50:17.102193+00,1
0783c0c3-0a11-5d76-b88e-f10a5dfa29b4,cc116256-a043-51f8-91f1-72852fc3dd25,FC000497,부산시민회관,공공(문예회관),부산광역시 동구 자성로133번길 16 (범일동),,35.1387810,129.0652550,valid,KR,Asia/Seoul,,,2009,5,1991,051-630-5200,"[""http://www.bscc.or.kr/citizen/06_intro/?mcode=1006050100""]",true,true,false,true,true,true,true,false,true,false,2026-09-23 20:30:17.251129+00,,2026-09-16 06:14:28.979553+00,2026-09-24 02:01:39.338769+00,2
07b3caf9-0f77-57d9-8f77-9dbbf82ffe14,cc116256-a043-51f8-91f1-72852fc3dd25,FC002122,노들섬,공공(기타),서울특별시 용산구 양녕로 445 (이촌동),,37.5170464,126.9602196,valid,KR,Asia/Seoul,,,,7,1072,02-6365-1008,"[""http://nodeul.org/""]",true,true,true,false,false,false,false,false,false,false,2026-09-23 21:20:06.319918+00,,2026-09-24 02:00:17.21355+00,2026-09-24 02:00:17.21355+00,1
083513ab-432f-5913-9d04-babe2434813c,cc116256-a043-51f8-91f1-72852fc3dd25,FC002277,화성시어린이문화센터,공공(기타),경기도 화성시 봉담읍 동화길 146,,37.2123698,126.9607136,valid,KR,Asia/Seoul,,,2019,1,224,031-5183-3214,"[""http://childrenjob.hscity.go.kr""]",true,true,false,true,true,true,true,false,false,false,2026-09-24 01:20:14.834263+00,,2026-09-24 02:00:17.21355+00,2026-09-24 02:00:17.21355+00,1
08857b38-992d-571f-96eb-5c8104e8886e,cc116256-a043-51f8-91f1-72852fc3dd25,FC001705,소셜베뉴 라움,민간(대학로 외),서울특별시 강남구 언주로 564 (역삼동) 라움아트센터,,37.5081914,127.0395701,valid,KR,Asia/Seoul,,,2010,3,1562,02-538-3366,"[""https://www.theraum.co.kr/""]",true,false,false,false,false,true,false,false,false,false,2026-09-24 00:20:08.450432+00,,2026-09-16 06:14:28.979553+00,2026-09-24 02:01:39.338769+00,2
08c8030c-4af9-5351-a1e3-e8c4366924ee,cc116256-a043-51f8-91f1-72852fc3dd25,FC000031,블루스퀘어,민간(대학로 외),서울특별시 용산구 이태원로 294 (한남동),,37.5408717,127.0024401,valid,KR,Asia/Seoul,,,2011,4,3389,00-1544-1591,"[""http://www.bluesquare.kr/""]",true,true,false,false,false,true,false,true,true,true,2026-09-23 19:30:04.926156+00,,2026-09-24 02:00:17.21355+00,2026-09-24 02:00:17.21355+00,1
08f8c015-bda6-542f-bca0-af5da024b6a7,cc116256-a043-51f8-91f1-72852fc3dd25,FC004480,소극장 초속,민간(대학로 외),강원특별자치도 속초시 동해대로 4327 (교동),,38.2014890,128.5690220,valid,KR,Asia/Seoul,,,,1,,,"[""https://www.instagram.com/art_venue_chosok/""]",false,false,false,false,false,true,false,false,false,false,2026-09-24 00:10:06.67453+00,,2026-09-16 06:14:28.979553+00,2026-09-24 02:01:39.338769+00,2
0908b829-67b6-5510-be51-7d4b35c61916,cc116256-a043-51f8-91f1-72852fc3dd25,FC000175,(재) 영화의전당,공공(문예회관),부산광역시 해운대구 수영강변대로 120 (우동),,35.1711778,129.1271956,valid,KR,Asia/Seoul,,,2011,5,4877,051-780-6000,"[""http://www.dureraum.org/bcc/main/main.do?rbsIdx=1""]",false,true,true,false,true,true,true,true,true,true,2026-09-23 18:10:14.974451+00,,2026-09-16 06:14:28.979553+00,2026-09-24 02:01:39.338769+00,2
090a36fe-34d1-5a8e-bc76-9bd26c382dd6,cc116256-a043-51f8-91f1-72852fc3dd25,FC005078,케이크샵(Cakeshop),민간(대학로 외),서울특별시 용산구 이태원로 134 (이태원동),,37.5339010,126.9887850,valid,KR,Asia/Seoul,,,,1,,,"[""https://www.instagram.com/CAKESHOPSEOUL/""]",false,false,false,false,false,false,false,false,false,false,2026-09-24 16:10:13.195514+00,,2026-09-25 02:50:17.102193+00,2026-09-25 02:50:17.102193+00,1
0973b820-76ec-5b78-8969-79befe826b98,cc116256-a043-51f8-91f1-72852fc3dd25,FC004500,우무지,민간(대학로 외),서울특별시 마포구 독막로8길 7 (합정동),,37.5475140,126.9183740,valid,KR,Asia/Seoul,,,,1,100,,[],false,false,false,false,false,false,false,false,false,false,2026-09-24 16:00:06.42526+00,,2026-09-25 02:50:17.102193+00,2026-09-25 02:50:17.102193+00,1
09a78b3a-9bf4-59ba-9cee-4169d603bfb8,cc116256-a043-51f8-91f1-72852fc3dd25,FC004282,서울연극창작센터,공공(기타),서울특별시 성북구 성북로 8 (동소문동1가),,37.5892179,127.0060408,valid,KR,Asia/Seoul,,,,2,352,02-758-1607,"[""https://stccenter.or.kr/""]",false,false,false,false,false,false,false,false,false,false,2026-09-24 01:10:12.58292+00,,2026-09-24 02:00:17.21355+00,2026-09-24 02:00:17.21355+00,1
09dc11ff-e595-5b14-bad7-b5d072a1fe41,cc116256-a043-51f8-91f1-72852fc3dd25,FC000345,강릉단오제전수교육관 (구. 단오문화관),공공(문예회관),강원도 강릉시 단오장길 1 (노암동),,37.7485741,128.8949337,valid,KR,Asia/Seoul,,,2004,1,453,033-660-3940,"[""http://www.danocenter.kr/""]",false,false,false,false,false,true,true,true,true,true,2026-09-23 16:30:10.76528+00,,2026-09-24 02:00:17.21355+00,2026-09-24 02:00:17.21355+00,1
09e625c8-cf21-553f-b8b1-eca6caf297dd,cc116256-a043-51f8-91f1-72852fc3dd25,FC000156,티켓링크 1975 씨어터(구.능동 어린이회관),민간(대학로 외),서울특별시 광진구 광나루로 441 (능동),,37.5465004,127.0788059,valid,KR,Asia/Seoul,,,1975,3,1110,02-2204-6028,"[""https://1975theater.ticketlink.co.kr/""]",false,true,false,false,false,true,true,false,false,false,2026-09-23 16:30:06.657525+00,,2026-09-24 02:00:17.21355+00,2026-09-24 02:00:17.21355+00,1
09fe4e8a-5fdb-5fb4-8d8a-fbb7cd69eb8c,cc116256-a043-51f8-91f1-72852fc3dd25,FC004103,창동역,공공(기타),서울특별시 도봉구 마들로11길 77 (창동),,37.6532085,127.0476838,valid,KR,Asia/Seoul,,,,1,,,[],false,false,false,false,false,false,false,false,false,false,2026-09-23 21:20:04.238635+00,,2026-09-24 02:00:17.21355+00,2026-09-24 02:00:17.21355+00,1
0a0ebd08-e5d4-568b-b07a-a3dfb7c95c4a,cc116256-a043-51f8-91f1-72852fc3dd25,FC000863,경북고령대가야문화누리 (구. 대가야국악당),공공(문예회관),경상북도 고령군 대가야읍 왕릉로 30,,35.7265848,128.2636126,valid,KR,Asia/Seoul,,,2015,3,778,054-950-7014,"[""http://art.goryeong.go.kr/content.html?md=0026""]",false,true,false,false,false,true,true,true,false,false,2026-09-24 16:20:17.251636+00,,2026-09-25 02:50:17.102193+00,2026-09-25 02:50:17.102193+00,1
0a81c1db-9e7b-539c-8506-cefadcbb843c,cc116256-a043-51f8-91f1-72852fc3dd25,FC001441,서울돈화문국악당,공공(기타),서울특별시 종로구 율곡로 102 - 0,,37.5772009,126.9906739,valid,KR,Asia/Seoul,,,2016,2,138,02-3210-7001,"[""http://sdtt.or.kr/user/""]",false,true,false,false,false,false,true,true,true,true,2026-09-23 16:50:04.634632+00,,2026-09-16 06:14:28.979553+00,2026-09-24 02:01:39.338769+00,2
0b0153b9-b771-5d30-a2c4-85843547a972,cc116256-a043-51f8-91f1-72852fc3dd25,FC000516,열린극장,민간(대학로),서울특별시 종로구 창경궁로 258-12 (명륜2가),,37.5836706,127.0003428,valid,KR,Asia/Seoul,,,1999,1,150,0505-894-0202,[],false,false,false,false,false,false,false,false,false,false,2026-09-24 04:10:04.412341+00,,2026-09-25 02:50:17.102193+00,2026-09-25 02:50:17.102193+00,1
0baeb108-25f0-5d80-a437-37d791d961ef,cc116256-a043-51f8-91f1-72852fc3dd25,FC002177,원주문화원,공공(기타),강원도 원주시 무실로 235(단계동),,37.3378404,127.9368787,valid,KR,Asia/Seoul,,,1969,1,260,033-764-3794,"[""http://www.wjmunwha.or.kr/""]",false,false,false,false,false,true,true,false,false,false,2026-09-24 06:10:08.700135+00,,2026-09-16 06:14:28.979553+00,2026-09-25 03:53:58.236199+00,2
0be0a44a-8d92-5601-966f-e3a352ae5301,cc116256-a043-51f8-91f1-72852fc3dd25,FC001383,천안예술의전당,공공(문예회관),충청남도 천안시 동남구 성남면 종합휴양지로 185,,36.7561303,127.2248886,valid,KR,Asia/Seoul,,,2012,4,2085,00-1566-0155,"[""http://www.cnac.or.kr/""]",false,false,false,false,false,true,true,true,false,false,2026-09-23 18:20:10.751881+00,,2026-09-16 06:14:28.979553+00,2026-09-24 02:01:39.338769+00,2
0be26e74-b5e8-55e3-a363-2ca594bf44c2,cc116256-a043-51f8-91f1-72852fc3dd25,FC000275,신세계 문화홀 [센텀시티],민간(대학로 외),부산광역시 해운대구 센텀남대로 35 (우동),,35.1687032,129.1297466,valid,KR,Asia/Seoul,,,2009,2,,051-745-1168,"[""http://shinsegae.com/culture/hallintro/hallintro01.jsp""]",true,true,true,false,true,true,true,false,false,false,2026-09-23 17:00:04.597376+00,,2026-09-16 06:14:28.979553+00,2026-09-24 02:01:39.338769+00,2
0c0f5a73-938b-5c11-ad71-c638aa184bbb,cc116256-a043-51f8-91f1-72852fc3dd25,FC003589,롯데마트 [월드컵],민간(대학로 외),전남광주통합특별시 서구 금화로 240 (풍암동),,35.1336461,126.8748299,valid,KR,Asia/Seoul,,,2023,1,50,,[],false,false,false,false,false,false,false,false,false,false,2026-09-24 01:00:13.017167+00,,2026-09-16 06:14:28.979553+00,2026-09-24 02:01:39.338769+00,2
0c306c99-3fb4-5b82-96ac-5e6fa00016c4,cc116256-a043-51f8-91f1-72852fc3dd25,FC000012,샤롯데씨어터,민간(대학로 외),서울특별시 송파구 올림픽로 240 (잠실동),,37.5105162,127.1005630,valid,KR,Asia/Seoul,,,2006,1,1230,00-1644-0078,"[""http://www.charlottetheater.co.kr/""]",false,true,false,false,false,true,true,true,false,false,2026-09-24 00:10:08.659055+00,,2026-09-24 02:00:17.21355+00,2026-09-24 02:00:17.21355+00,1
0caead8c-b630-587f-bcf2-7d3064ea5960,cc116256-a043-51f8-91f1-72852fc3dd25,FC005042,본동어울마당 아트홀,공공(기타),서울특별시 동작구 노량진로32길 79 (본동),,37.5105300,126.9568940,valid,KR,Asia/Seoul,,,,1,,,"[""https://www.idfac.or.kr/sub_new/menu02_07_01.php""]",false,false,false,false,false,false,false,false,false,false,2026-09-24 17:50:02.196275+00,,2026-09-25 02:50:17.102193+00,2026-09-25 02:50:17.102193+00,1
0cb123d1-21a4-5317-9520-fc4a04e4d242,cc116256-a043-51f8-91f1-72852fc3dd25,FC002303,클럽 A.O.R(All Of Rock),민간(대학로 외),서울특별시 마포구 와우산로 156 (서교동),,37.5548494,126.9304125,valid,KR,Asia/Seoul,,,,1,70,010-5500-8711,"[""http://www.allofrock.co.kr/""]",false,false,false,false,false,true,false,false,false,false,2026-09-24 01:10:04.187431+00,,2026-09-24 02:00:17.21355+00,2026-09-24 02:00:17.21355+00,1
0ccdcdc0-c1da-54a7-b37d-cb4ffbd972ad,cc116256-a043-51f8-91f1-72852fc3dd25,FC004780,드리운 스튜디오,기타(비공연장),경상남도 창원시 성산구 중앙대로 111 (중앙동),,35.2248400,128.6797600,valid,KR,Asia/Seoul,,,,1,,,[],false,false,false,false,false,false,false,false,false,false,2026-09-24 18:40:04.508677+00,,2026-09-25 02:50:17.102193+00,2026-09-25 02:50:17.102193+00,1
0cdc4be0-1ae2-524b-80cc-ff6a0db036c2,cc116256-a043-51f8-91f1-72852fc3dd25,FC004560,코엑스아티움(Coex Artium),민간(대학로 외),서울특별시 강남구 영동대로 511 (삼성동),,37.5104890,127.0612120,valid,KR,Asia/Seoul,,,2009,1,1004,,"[""https://www.coexartium.co.kr/""]",true,true,true,false,true,true,true,true,true,false,2026-09-24 18:30:15.196668+00,,2026-09-25 02:50:17.102193+00,2026-09-25 02:50:17.102193+00,1
0e477266-95f7-5279-860e-6d587c948171,cc116256-a043-51f8-91f1-72852fc3dd25,FC001690,웅상문화체육센터,공공(기타),경상남도 양산시 모래들길 57-57 (주진동),,35.3955212,129.1556381,valid,KR,Asia/Seoul,,,2008,1,312,055-379-8585,"[""https://www.yssisul.or.kr/stms/us""]",false,false,true,true,false,true,true,true,true,true,2026-09-24 00:50:06.083155+00,,2026-09-24 02:00:17.21355+00,2026-09-24 02:00:17.21355+00,1
0e70ff5e-89ab-57c5-9238-eee91a8fc03c,cc116256-a043-51f8-91f1-72852fc3dd25,FC004136,크레디아 클래식 클럽,민간(대학로 외),서울특별시 종로구 자하문로9길 8 (통인동),,37.5795854,126.9706700,valid,KR,Asia/Seoul,,,,2,,,"[""https://blog.naver.com/crediaclassicclub""]",false,false,false,false,false,false,false,false,false,false,2026-09-24 18:40:12.999296+00,,2026-09-25 02:50:17.102193+00,2026-09-25 02:50:17.102193+00,1
0e8aae17-5041-56bf-af30-e48fcb11a9a4,cc116256-a043-51f8-91f1-72852fc3dd25,FC003122,하땅세극장,민간(대학로),서울특별시 성북구 성북로 5-7(성북동1가),,37.5887016,127.0051567,valid,KR,Asia/Seoul,,,,2,116,00-1600-2238,"[""https://haddangse.com/30""]",false,false,false,false,false,false,false,false,false,false,2026-09-24 03:30:18.800418+00,,2026-09-24 03:40:17.060409+00,2026-09-24 03:40:17.060409+00,1
0e94f9f8-40bd-5793-83a4-a1be7722fd78,cc116256-a043-51f8-91f1-72852fc3dd25,FC004573,플랫폼 엘,기타(비공연장),서울특별시 강남구 언주로133길 11 (논현동),,37.5161390,127.0342670,valid,KR,Asia/Seoul,,,,1,,,"[""https://platform-l.org/""]",false,false,false,false,false,false,false,false,false,false,2026-09-24 04:20:06.077801+00,,2026-09-16 06:14:28.979553+00,2026-09-25 03:53:58.236199+00,2
0ef1457a-38b0-50ad-a8b3-cfa80bd660e0,cc116256-a043-51f8-91f1-72852fc3dd25,FC000191,대구문화예술회관,공공(문예회관),대구광역시 달서구 공원순환로 201 (성당동),,35.8446585,128.5587409,valid,KR,Asia/Seoul,,,1990,6,2327,053-606-6114,"[""http://artcenter.daegu.go.kr/content.html?md=0047""]",false,false,false,false,false,true,true,false,false,false,2026-09-23 20:00:15.151779+00,,2026-09-16 06:14:28.979553+00,2026-09-24 02:01:39.338769+00,2
0f6994aa-5f33-5752-862d-4656c054d927,cc116256-a043-51f8-91f1-72852fc3dd25,FC001814,북극곰소극장,민간(대학로),서울특별시 종로구 이화장1길 24 (이화동),,37.5773694,127.0057571,valid,KR,Asia/Seoul,,,2019,1,50,010-4293-5155,[],false,false,false,false,false,false,false,true,false,false,2026-09-23 21:00:11.05412+00,,2026-09-24 02:00:17.21355+00,2026-09-24 02:00:17.21355+00,1
0fb4a6e7-7624-52a4-884e-88f03112d30d,cc116256-a043-51f8-91f1-72852fc3dd25,FC000924,고창문화의전당,공공(문예회관),전라북도 고창군 고창읍 모양성로 11,,35.4331954,126.7045031,valid,KR,Asia/Seoul,,,2008,1,625,063-560-8041,"[""http://www.gochang.go.kr/art/index.gochang""]",false,true,false,false,false,true,false,false,false,false,2026-09-14 14:59:13+00,,2026-09-16 06:14:28.979553+00,2026-09-16 06:14:28.979553+00,1
1015a232-9fd6-5922-bc66-116c0b149af4,cc116256-a043-51f8-91f1-72852fc3dd25,FC001855,시흥ABC행복학습센터,공공(기타),경기도 시흥시 소래산길 11 (대야동),,37.4490582,126.7847747,valid,KR,Asia/Seoul,,,2014,2,466,031-310-2063,"[""https://www.siheung.go.kr/edu/contents.do?mId=0501000000""]",true,true,true,true,false,true,true,true,true,true,2026-09-23 20:10:15.096795+00,,2026-09-24 02:00:17.21355+00,2026-09-24 02:00:17.21355+00,1
104ccbfd-6906-5a04-b940-97c4b4d6adc4,cc116256-a043-51f8-91f1-72852fc3dd25,FC000487,담양문화회관,공공(문예회관),전남광주통합특별시 담양군 담양읍 지침6길 29,,35.3162926,126.9855879,valid,KR,Asia/Seoul,,,2000,2,814,061-380-3464,[],false,false,false,false,false,true,true,false,false,false,2026-09-24 02:20:10.903245+00,,2026-09-24 03:20:17.345552+00,2026-09-24 03:20:17.345552+00,1
105891bb-a1bc-592b-a39d-5ead97405c33,cc116256-a043-51f8-91f1-72852fc3dd25,FC001512,세이레아트센터,민간(대학로 외),제주특별자치도 제주시 서광로 182-6 (삼도일동),,33.4991191,126.5160388,valid,KR,Asia/Seoul,,,2007,1,99,064-744-8911,"[""https://sayre21.tistory.com""]",false,false,true,false,false,true,false,false,false,false,2026-09-23 23:00:17.424232+00,,2026-09-16 06:14:28.979553+00,2026-09-24 02:01:39.338769+00,2
107bed0c-2297-5532-b239-2c2c012cc7f0,cc116256-a043-51f8-91f1-72852fc3dd25,FC001827,소극장 소금창고,민간(대학로 외),대구광역시 남구 계명중앙1길 48 (대명동),,35.8558238,128.5823320,valid,KR,Asia/Seoul,,,2018,1,100,053-655-7139,[],false,true,false,false,false,false,false,false,false,false,2026-09-23 19:10:08.614452+00,,2026-09-24 02:00:17.21355+00,2026-09-24 02:00:17.21355+00,1
10981533-7b1c-5471-a063-11b6e938ef6a,cc116256-a043-51f8-91f1-72852fc3dd25,FC004237,세티 라이브홀 (SETI LIVE HALL),민간(대학로 외),서울특별시 마포구 와우산로21길 31 (서교동),,37.5522263,126.9221353,valid,KR,Asia/Seoul,,,,1,,,[],false,false,false,false,false,false,false,true,false,false,2026-09-24 16:30:17.425466+00,,2026-09-25 02:50:17.102193+00,2026-09-25 02:50:17.102193+00,1
11390d2f-ae00-5a23-96a1-9150f9d6da0b,cc116256-a043-51f8-91f1-72852fc3dd25,FC005039,맑은물 상상누리,민간(대학로 외),경기도 시흥시 공단2대로 14 (정왕동),,37.3372680,126.6967260,valid,KR,Asia/Seoul,,,,1,40,,[],false,false,false,false,false,false,false,false,false,false,2026-09-24 03:20:08.989134+00,,2026-09-24 03:20:17.345552+00,2026-09-24 03:20:17.345552+00,1
11658d42-2cdb-5cba-bca5-2762bdd76321,cc116256-a043-51f8-91f1-72852fc3dd25,FC005063,감마홀 [홍대],민간(대학로 외),서울특별시 마포구 와우산로21길 19-11 (서교동),,37.5518550,126.9229290,valid,KR,Asia/Seoul,,,,1,,,"[""https://www.instagram.com/gammahall.live""]",false,false,false,false,false,false,false,false,false,false,2026-09-24 00:40:06.600403+00,,2026-09-24 02:00:17.21355+00,2026-09-24 02:00:17.21355+00,1
11b1e975-b011-53bf-b01c-c493b0a55455,cc116256-a043-51f8-91f1-72852fc3dd25,FC000850,구로구민회관,공공(문예회관),서울특별시 구로구 가마산로25길 21 (구로동),,37.4970570,126.8895588,valid,KR,Asia/Seoul,,,1989,1,531,02-860-2592,"[""https://www.guroartsvalley.or.kr/meetingHall?guroart_menu_cd=U0015""]",false,false,false,false,false,true,true,true,false,false,2026-09-23 20:40:15.066805+00,,2026-09-24 02:00:17.21355+00,2026-09-24 02:00:17.21355+00,1
11c7ab21-f906-5c34-96f0-05069b429143,cc116256-a043-51f8-91f1-72852fc3dd25,FC002382,자양스테이션(파리뮤직포럼),기타(비공연장),서울특별시 광진구 자양로11길 18 (자양동),,37.5346187,127.0830326,valid,KR,Asia/Seoul,,,2019,1,50,02-158-4840,"[""https://blog.naver.com/parismusicforum""]",false,false,false,false,false,false,false,false,false,false,2026-09-14 15:03:26+00,,2026-09-16 06:14:28.979553+00,2026-09-16 06:14:28.979553+00,1
11e6d12c-e5c5-5a90-8a7c-6d5d634233cb,cc116256-a043-51f8-91f1-72852fc3dd25,FC003956,어댑터씨어터 2관,민간(대학로 외),"부산광역시 수영구 광남로 102 (광안동, 에이스 로얄 팰리스)",,35.1508961,129.1154563,valid,KR,Asia/Seoul,,,2024,1,92,,"[""https://adapter.theater/index""]",false,false,false,false,false,false,false,false,false,false,2026-09-24 05:50:04.718142+00,,2026-09-25 02:50:17.102193+00,2026-09-25 02:50:17.102193+00,1
12235277-f04b-58bc-82d1-b00e5d3bb113,cc116256-a043-51f8-91f1-72852fc3dd25,FC004310,구로창의아트홀,민간(대학로 외),서울특별시 구로구 경인로 416 (고척동),,37.4982916,126.8658154,valid,KR,Asia/Seoul,,,,1,208,02-2039-6309,"[""https://www.guroartsvalley.or.kr/user/overall/overallArt10.do""]",false,false,false,false,false,false,false,false,false,false,2026-09-23 20:40:04.572806+00,,2026-09-24 02:00:17.21355+00,2026-09-24 02:00:17.21355+00,1
1271df3d-41c7-501c-b304-148327891e14,cc116256-a043-51f8-91f1-72852fc3dd25,FC004209,소태산홀,민간(대학로 외),서울특별시 동작구 현충로 75 (흑석동),,37.5097591,126.9638593,valid,KR,Asia/Seoul,,,,1,445,02-815-3460,"[""http://sotaesanarthall.com/index.php""]",false,false,false,false,false,false,false,false,false,false,2026-09-24 18:50:13.040081+00,,2026-09-25 02:50:17.102193+00,2026-09-25 02:50:17.102193+00,1
12794853-afe1-515a-99e1-fb9640545d6e,cc116256-a043-51f8-91f1-72852fc3dd25,FC000403,청주예술의전당,공공(문예회관),충청북도 청주시 서원구 흥덕로 69 (사직동),,36.6420171,127.4697533,valid,KR,Asia/Seoul,,,1995,2,2491,043-201-2304,"[""https://www.cheongju.go.kr/ac/index.do""]",false,true,false,true,false,true,true,true,true,false,2026-09-24 19:20:17.554046+00,,2026-09-16 06:14:28.979553+00,2026-09-25 03:53:58.236199+00,2
12f07f8b-100f-5e92-a56c-151e8a10659d,cc116256-a043-51f8-91f1-72852fc3dd25,FC001407,작은극장 다함,민간(대학로 외),대전광역시 동구 대전로448번길 70 (가오동),,36.3074733,127.4555493,valid,KR,Asia/Seoul,,,2016,1,200,042-282-2116,[],false,false,false,false,false,false,false,false,false,false,2026-09-24 19:30:07.008124+00,,2026-09-16 06:14:28.979553+00,2026-09-25 03:53:58.236199+00,2
14023bff-e265-59a3-b0aa-60637651f668,cc116256-a043-51f8-91f1-72852fc3dd25,FC000310,검단복지회관,공공(기타),인천광역시 서구 완정로92번길 18 (마전동),,37.6005574,126.6658702,valid,KR,Asia/Seoul,,,2001,1,200,032-561-4115,"[""http://www.issi.or.kr/welfare/design/index.asp""]",false,true,false,false,false,true,true,true,true,false,2026-09-23 19:50:08.036262+00,,2026-09-24 02:00:17.21355+00,2026-09-24 02:00:17.21355+00,1
142aaf1f-69e2-5805-8b5d-f57e1d70de1e,cc116256-a043-51f8-91f1-72852fc3dd25,FC004482,광복극장,민간(대학로),서울특별시 종로구 성균관로 15-10 (명륜3가),,37.5838860,126.9971560,valid,KR,Asia/Seoul,,,,1,,,[],false,false,false,false,false,false,false,false,false,false,2026-09-24 17:40:06.169318+00,,2026-09-25 02:50:17.102193+00,2026-09-25 02:50:17.102193+00,1
14d31790-0e81-5558-a38f-4e9e63ee66b9,cc116256-a043-51f8-91f1-72852fc3dd25,FC001793,연세대학교 백주년기념관,민간(대학로 외),서울특별시 서대문구 연세로 50 (신촌동),,37.5620902,126.9380569,valid,KR,Asia/Seoul,,,1988,1,829,02-2123-3697,"[""https://yonsei-arts.com/""]",true,true,true,false,false,true,true,true,true,false,2026-09-23 22:30:10.404126+00,,2026-09-24 02:00:17.21355+00,2026-09-24 02:00:17.21355+00,1
15a3842a-3546-56d5-9179-8c8290a069b3,cc116256-a043-51f8-91f1-72852fc3dd25,FC001166,HD아트센터(구 현대예술관),민간(대학로 외),울산광역시 동구 명덕로 10 (서부동),,35.5229511,129.4309727,valid,KR,Asia/Seoul,,,1998,2,1180,00-1522-3331,"[""http://www.hhiarts.co.kr/main.jsp""]",true,true,false,true,true,true,true,true,false,true,2026-09-23 16:00:14.82548+00,,2026-09-16 06:14:28.979553+00,2026-09-24 02:01:39.338769+00,2
164ebe54-86ac-5009-8df8-9006cd90b165,cc116256-a043-51f8-91f1-72852fc3dd25,FC004931,더퍼포머씨어터 [화성],민간(대학로 외),경기도 화성시 동탄구 경기동로 468-5 (장지동),,37.1526320,127.1220930,valid,KR,Asia/Seoul,,,,1,,,"[""https://www.20magic.com/""]",false,false,false,false,false,true,false,false,true,false,2026-09-24 02:40:16.988047+00,,2026-09-24 03:20:17.345552+00,2026-09-24 03:20:17.345552+00,1
165d6953-de3f-5352-90f5-783ab5f59b85,cc116256-a043-51f8-91f1-72852fc3dd25,FC000178,을숙도문화회관,공공(문예회관),부산광역시 사하구 낙동남로1233번길 25 (하단동),,35.1099098,128.9448523,valid,KR,Asia/Seoul,,,2002,3,927,051-220-5804,"[""http://www.saha.go.kr/eulsukdo/contents.do?mId=0103000000""]",false,true,false,false,false,true,true,false,true,false,2026-09-24 02:30:10.901257+00,,2026-09-24 03:20:17.345552+00,2026-09-24 03:20:17.345552+00,1
16b9d65f-6d4b-5c67-aab5-24527ac38b88,cc116256-a043-51f8-91f1-72852fc3dd25,FC000021,안양아트센터,공공(문예회관),경기도 안양시 만안구 문예로36번길 16 (안양동),,37.3845562,126.9313681,valid,KR,Asia/Seoul,,,1989,2,2246,031-687-0500,"[""http://www.ayac.or.kr/""]",false,false,false,false,false,true,true,true,true,true,2026-09-24 16:10:04.617662+00,,2026-09-25 02:50:17.102193+00,2026-09-25 02:50:17.102193+00,1
16d2af53-2d04-5038-a7a2-3d244d7dd3bb,cc116256-a043-51f8-91f1-72852fc3dd25,FC003462,스케치홀 (구.소극장 선물 1관),민간(대학로),서울특별시 종로구 동숭길 145 (동숭동),,37.5831766,127.0022799,valid,KR,Asia/Seoul,,,,2,211,,[],false,false,false,false,false,false,false,false,false,false,2026-09-24 03:50:06.645104+00,,2026-09-25 02:50:17.102193+00,2026-09-25 02:50:17.102193+00,1
17c242d2-2df2-5ab5-9b18-f357dcab4d84,cc116256-a043-51f8-91f1-72852fc3dd25,FC002990,음악공간 중력장,민간(대학로 외),서울특별시 동작구 현충로 104(흑석동),,37.5074916,126.9650050,valid,KR,Asia/Seoul,,,,1,,010-8738-7721,"[""https://blog.naver.com/musicspacegf""]",false,false,false,false,false,false,false,false,false,false,2026-09-24 19:30:09.140522+00,,2026-09-25 02:50:17.102193+00,2026-09-25 02:50:17.102193+00,1
17eca39d-4667-5765-9df1-c05ad1876e49,cc116256-a043-51f8-91f1-72852fc3dd25,FC001298,루미나아트홀 (구.시온아트홀),민간(대학로),서울특별시 종로구 대학로8가길 52 (동숭동),,37.5829439,127.0026271,valid,KR,Asia/Seoul,,,2017,1,144,070-8719-9106,"[""https://www.wwww.theblessed.net/""]",false,false,false,false,false,false,false,false,false,false,2026-09-24 17:50:14.661597+00,,2026-09-25 02:50:17.102193+00,2026-09-25 02:50:17.102193+00,1
18480312-1d6e-50e2-af5d-9c67fc684cd3,cc116256-a043-51f8-91f1-72852fc3dd25,FC001655,누림아트홀,공공(문예회관),경기도 화성시 남양읍 시청로 155,,37.1987619,126.8285775,valid,KR,Asia/Seoul,,,2017,1,360,031-357-5238,"[""http://art.hcf.or.kr/subpage/index/504""]",true,true,false,true,false,true,true,true,true,true,2026-09-24 04:20:10.300219+00,,2026-09-25 02:50:17.102193+00,2026-09-25 02:50:17.102193+00,1
18ddd5f5-1c4b-50bb-94dc-57d2fa1bb2bb,cc116256-a043-51f8-91f1-72852fc3dd25,FC002898,문화공간 이룸 [전주],민간(대학로 외),전라북도 전주시 완산구 용머리로 36(효자동1가),,35.8055148,127.1144693,valid,KR,Asia/Seoul,,,,1,130,063-223-5323,"[""https://arterum.imweb.me/""]",false,false,false,false,false,false,false,false,false,false,2026-09-23 23:00:02.877857+00,,2026-09-24 02:00:17.21355+00,2026-09-24 02:00:17.21355+00,1
19048005-1554-5c5c-94cd-31302bce8ed5,cc116256-a043-51f8-91f1-72852fc3dd25,FC000328,KT&G 상상마당 라이브홀 [마포],민간(대학로 외),서울특별시 마포구 어울마당로 65 (서교동),,37.5509250,126.9211420,valid,KR,Asia/Seoul,,,2007,3,226,02-2014-2024,"[""http://www.sangsangmadang.com/""]",false,true,false,false,false,false,false,false,false,true,2026-09-24 16:00:15.014354+00,,2026-09-25 02:50:17.102193+00,2026-09-25 02:50:17.102193+00,1
19643dc7-616c-5e59-ab1b-048190ee5aec,cc116256-a043-51f8-91f1-72852fc3dd25,FC002912,동네극장,민간(대학로 외),서울특별시 동대문구 안암로6길 19(용두동),,37.5791469,127.0259164,valid,KR,Asia/Seoul,,,,1,96,02-333-0416,"[""https://www.instagram.com/local_book_club/""]",false,false,false,false,false,true,false,false,false,false,2026-09-24 02:10:15.45022+00,,2026-09-24 03:20:17.345552+00,2026-09-24 03:20:17.345552+00,1
19ac4e77-f76e-52ce-a57e-8b742d956c75,cc116256-a043-51f8-91f1-72852fc3dd25,FC003527,세종중앙공원,기타(비공연장),세종특별자치시 중앙공원로 60 (세종동),,36.4917742,127.2717369,valid,KR,Asia/Seoul,,,2020,6,2372,044-301-3927,"[""https://www.sejong.go.kr/park/index.do""]",true,true,true,false,false,true,false,false,false,false,2026-09-24 02:50:10.867568+00,,2026-09-24 03:20:17.345552+00,2026-09-24 03:20:17.345552+00,1
1a148978-8a9c-54f9-8edd-2774e64b5da9,cc116256-a043-51f8-91f1-72852fc3dd25,FC000011,디큐브링크아트센터,민간(대학로 외),"서울특별시 구로구 경인로 662 (신도림동, 디큐브시티)",,37.5084321,126.8887332,valid,KR,Asia/Seoul,,,2011,2,1742,02-2211-3000,"[""http://www.d3art.co.kr""]",true,true,false,true,true,true,true,true,false,true,2026-09-24 03:30:07.192319+00,,2026-09-24 03:40:17.060409+00,2026-09-24 03:40:17.060409+00,1
1a2859cc-6437-5f04-8a41-da36e0435cb6,cc116256-a043-51f8-91f1-72852fc3dd25,FC000073,롤링홀,민간(대학로 외),서울특별시 마포구 어울마당로 35 (서교동) 지하 1층,,37.5484417,126.9201058,valid,KR,Asia/Seoul,,,1995,1,200,02-325-6071,"[""http://www.rollinghall.co.kr/""]",false,false,false,false,false,false,false,false,false,false,2026-09-23 18:50:02.690852+00,,2026-09-24 02:00:17.21355+00,2026-09-24 02:00:17.21355+00,1
1a5ec712-39ac-527c-9112-b1054f055d72,cc116256-a043-51f8-91f1-72852fc3dd25,FC000039,나루아트센터,공공(문예회관),서울특별시 광진구 능동로 76 (자양동),,37.5373529,127.0705248,valid,KR,Asia/Seoul,,,2005,3,785,02-2049-4711,"[""http://www.naruart.or.kr/""]",false,true,false,false,false,true,true,true,true,true,2026-09-23 23:10:16.634284+00,,2026-09-16 06:14:28.979553+00,2026-09-24 02:01:39.338769+00,2
1a9d7bf8-2ddc-5639-856b-b2420da3efa3,cc116256-a043-51f8-91f1-72852fc3dd25,FC002132,라율아트홀,민간(대학로 외),서울특별시 서초구 반포대로 20 (서초동) 2층,,37.4824610,127.0126495,valid,KR,Asia/Seoul,,,,1,60,02-522-7278,"[""https://rayularthall.modoo.at/""]",false,false,false,false,false,true,true,true,false,false,2026-09-23 22:10:16.611825+00,,2026-09-24 02:00:17.21355+00,2026-09-24 02:00:17.21355+00,1
1b01b681-7514-57cf-9f53-9fd7ec324bd0,cc116256-a043-51f8-91f1-72852fc3dd25,FC001451,강동구민회관,공공(기타),서울특별시 강동구 상암로 168 (천호동) 강동구민회관,,37.5457299,127.1412042,valid,KR,Asia/Seoul,,,1989,1,609,02-488-5542,"[""https://www.igangdong.or.kr/page/ce/ce_0101.asp""]",false,false,false,false,false,true,true,true,true,true,2026-09-23 17:30:05.448394+00,,2026-09-16 06:14:28.979553+00,2026-09-24 02:01:39.338769+00,2
1b716065-720b-5ced-80e7-0052ab889cf3,cc116256-a043-51f8-91f1-72852fc3dd25,FC003892,옥타바리움 라이브홀,민간(대학로 외),서울특별시 마포구 와우산로18길 16 (서교동),,37.5509163,126.9238938,valid,KR,Asia/Seoul,,,,1,70,,"[""https://octavarium.modoo.at/""]",false,false,false,false,false,false,false,false,false,false,2026-09-23 19:10:04.668259+00,,2026-09-24 02:00:17.21355+00,2026-09-24 02:00:17.21355+00,1
1b97a53b-52ce-5167-a61d-507b98edf73c,cc116256-a043-51f8-91f1-72852fc3dd25,FC000908,아산시 평생학습관(아산아트홀),공공(문예회관),충청남도 아산시 남부로 92 (용화동),,36.7705363,126.9919902,valid,KR,Asia/Seoul,,,1992,2,2008,041-537-3903,"[""http://life.asan.go.kr/_kor/index.asp""]",false,false,false,false,false,true,true,true,true,false,2026-09-24 02:30:04.54096+00,,2026-09-16 06:14:28.979553+00,2026-09-24 03:25:06.778885+00,2
1bb4f0cb-9c97-56a4-a9a6-67889974e723,cc116256-a043-51f8-91f1-72852fc3dd25,FC000001,예술의전당 [서울],국립,서울특별시 서초구 남부순환로 2406 (서초동),,37.4786896,127.0118241,valid,KR,Asia/Seoul,,,1988,11,164344,02-580-1300,"[""http://www.sac.or.kr""]",true,true,true,true,true,true,true,true,true,true,2026-09-24 16:30:02.728245+00,,2026-09-16 06:14:28.979553+00,2026-09-25 03:53:58.236199+00,2
1c3295c2-9183-5bab-b848-fffab4164385,cc116256-a043-51f8-91f1-72852fc3dd25,FC003365,수상한창고,민간(대학로 외),서울특별시 금천구 금하로24길 7(시흥동),,37.4506581,126.9088159,valid,KR,Asia/Seoul,,,2021,1,35,070-8812-2020,"[""https://suscoop.com/""]",false,false,false,false,false,false,false,false,false,false,2026-09-24 00:50:14.545697+00,,2026-09-24 02:00:17.21355+00,2026-09-24 02:00:17.21355+00,1
1c66d496-10ba-5419-9909-354830956bee,cc116256-a043-51f8-91f1-72852fc3dd25,FC002894,북아현아트홀,공공(기타),서울특별시 서대문구 북아현로 51(북아현동),,37.5618398,126.9554383,valid,KR,Asia/Seoul,,,2021,1,206,02-360-8663,"[""https://www.sscmc.or.kr/culture3/""]",false,false,false,false,false,true,true,false,false,false,2026-09-23 22:30:02.205565+00,,2026-09-24 02:00:17.21355+00,2026-09-24 02:00:17.21355+00,1
1cc1373c-3560-570e-b9df-22ca7644526f,cc116256-a043-51f8-91f1-72852fc3dd25,FC001617,제주난타극장,민간(대학로 외),제주특별자치도 제주시 선돌목동길 56-26 (오등동),,33.4426234,126.5370550,valid,KR,Asia/Seoul,,,2017,1,651,064-723-8878,"[""http://nanta.i-pmc.co.kr/Nanta/kr/about/nantaTheater04.aspx""]",true,true,true,false,false,true,true,true,true,true,2026-09-24 00:20:14.615323+00,,2026-09-16 06:14:28.979553+00,2026-09-24 02:01:39.338769+00,2
1cc4e67a-b9e9-5c1f-b50d-9be7bcd2d2c7,cc116256-a043-51f8-91f1-72852fc3dd25,FC000030,국립남도국악원,국립,전남광주통합특별시 진도군 임회면 진도대로 3818,,34.3849048,126.2247902,valid,KR,Asia/Seoul,,,2004,2,640,061-540-4033,"[""https://jindo.gugak.go.kr/""]",false,true,false,false,false,true,true,true,true,false,2026-09-23 15:40:18.187251+00,,2026-09-24 02:00:17.21355+00,2026-09-24 02:00:17.21355+00,1
1d033500-8257-530c-bebf-ac5ca3b53673,cc116256-a043-51f8-91f1-72852fc3dd25,FC001893,건설회관,민간(대학로 외),서울특별시 강남구 언주로 711 (논현동),,37.5173236,127.0341480,valid,KR,Asia/Seoul,,,,1,674,,[],true,true,false,false,false,true,true,false,false,false,2026-09-24 17:10:04.308756+00,,2026-09-25 02:50:17.102193+00,2026-09-25 02:50:17.102193+00,1
1d8fa076-ef41-57f8-8bcc-ecdeb86d1aab,cc116256-a043-51f8-91f1-72852fc3dd25,FC001688,소극장 쇠내골,민간(대학로 외),충청북도 청주시 상당구 단재로 28,,36.6246774,127.5013006,valid,KR,Asia/Seoul,,,2014,1,115,010-6889-7388,"[""http://himusical.com/""]",false,false,false,false,false,false,false,false,false,false,2026-09-24 00:20:12.510543+00,,2026-09-16 06:14:28.979553+00,2026-09-24 02:01:39.338769+00,2
1d928db2-7d31-5d42-8563-d06590dc609b,cc116256-a043-51f8-91f1-72852fc3dd25,FC004018,라온씨어터,민간(대학로),서울특별시 종로구 대학로10길 12 (동숭동) 3층,,37.5816149,127.0028075,valid,KR,Asia/Seoul,,,,1,,,[],false,false,false,false,false,false,false,false,false,false,2026-09-24 03:50:10.884748+00,,2026-09-25 02:50:17.102193+00,2026-09-25 02:50:17.102193+00,1
1de4f055-dff6-55f8-80b2-d220afaf0c2c,cc116256-a043-51f8-91f1-72852fc3dd25,FC001264,노원구민의전당(구. 노원구민회관),공공(기타),서울특별시 노원구 동일로 1229 (중계동),,37.6389549,127.0663326,valid,KR,Asia/Seoul,,,1989,1,679,02-2289-6841,"[""https://www.nowonsc.kr/fmcs/102""]",false,false,false,false,false,false,false,true,false,false,2026-09-24 15:50:06.961147+00,,2026-09-25 02:50:17.102193+00,2026-09-25 02:50:17.102193+00,1
1e92b4bb-f94a-575b-9c85-986a64ccbdcf,cc116256-a043-51f8-91f1-72852fc3dd25,FC000113,한전아트센터,공공(기타),서울특별시 서초구 효령로72길 60 (서초동),,37.4856845,127.0280225,valid,KR,Asia/Seoul,,,2001,1,999,02-2105-8133,"[""http://cyber.kepco.co.kr/kepco/AR/main.do?menuCd=FN10""]",false,true,false,false,false,true,true,true,true,true,2026-09-23 21:00:13.104746+00,,2026-09-24 02:00:17.21355+00,2026-09-24 02:00:17.21355+00,1
1ea6d38d-acc3-5d00-8568-63675eab891e,cc116256-a043-51f8-91f1-72852fc3dd25,FC000550,수원청소년문화센터,공공(기타),경기도 수원시 팔달구 권광로 293 (인계동),,37.2741231,127.0348936,valid,KR,Asia/Seoul,,,2000,2,617,031-218-0400,"[""http://www.syf.or.kr/web/page.do?menuIdx=358""]",false,true,true,false,false,true,true,true,false,false,2026-09-24 17:30:10.854555+00,,2026-09-25 02:50:17.102193+00,2026-09-25 02:50:17.102193+00,1
1f079d11-338d-5eec-bb5e-607c32136c3b,cc116256-a043-51f8-91f1-72852fc3dd25,FC001331,극장 봄 (봄소극장),민간(대학로),서울특별시 성북구 삼선교로 14 (삼선동1가),,37.5875069,127.0073524,valid,KR,Asia/Seoul,,,2011,1,55,070-4127-8318,"[""http://theaterbom.modoo.at""]",false,false,false,false,false,false,false,false,false,false,2026-09-24 19:10:15.256371+00,,2026-09-25 02:50:17.102193+00,2026-09-25 02:50:17.102193+00,1
1f3d4cd9-413a-513d-8d55-8133836ffb0d,cc116256-a043-51f8-91f1-72852fc3dd25,FC001792,연세대학교 대강당,민간(대학로 외),서울특별시 서대문구 연세로 50 (신촌동),,37.5643122,126.9389179,valid,KR,Asia/Seoul,,,1958,1,1641,02-2123-3818,"[""https://yonsei-arts.com/""]",true,true,true,false,false,true,true,true,true,false,2026-09-24 17:00:12.757705+00,,2026-09-25 02:50:17.102193+00,2026-09-25 02:50:17.102193+00,1
1f5c3b12-d6ef-5b28-8af6-8731340f745a,cc116256-a043-51f8-91f1-72852fc3dd25,FC001178,어울아트센터(구. 대구북구문예회관),공공(문예회관),대구광역시 북구 구암로 47 (관음동),,35.9351297,128.5462372,valid,KR,Asia/Seoul,,,1999,2,541,053-320-5120,"[""http://www.hbcf.or.kr/front/""]",false,false,false,false,false,true,true,true,true,true,2026-09-23 16:30:02.641355+00,,2026-09-16 06:14:28.979553+00,2026-09-24 02:01:39.338769+00,2
1f9e3348-7d3a-5531-a0b0-c1e48c43d762,cc116256-a043-51f8-91f1-72852fc3dd25,FC002364,그랜드하얏트서울,기타(비공연장),서울특별시 용산구 소월로 322 (한남동),,37.5395421,126.9978140,valid,KR,Asia/Seoul,,,2019,3,715,02-797-1234,"[""https://www.hyatt.com/ko-KR/hotel/south-korea/grand-hyatt-seoul/selrs""]",true,true,false,false,false,true,true,false,false,false,2026-09-23 23:30:10.934081+00,,2026-09-24 02:00:17.21355+00,2026-09-24 02:00:17.21355+00,1
20501672-04a3-58aa-b63f-0751c1563b70,cc116256-a043-51f8-91f1-72852fc3dd25,FC001414,코델아트홀,민간(대학로),서울특별시 종로구 동숭길 78 (동숭동) 지하1층,,37.5817072,127.0042819,valid,KR,Asia/Seoul,,,2016,1,120,010-6802-1974,"[""https://codellarthall.modoo.at/""]",false,false,false,false,false,false,false,false,false,false,2026-09-23 21:40:08.50937+00,,2026-09-24 02:00:17.21355+00,2026-09-24 02:00:17.21355+00,1
20aede90-2b8a-54b5-88a4-ec107effe83b,cc116256-a043-51f8-91f1-72852fc3dd25,FC004343,복합문화공간 플랜에이,민간(대학로 외),대전광역시 유성구 엑스포로97번길 40 (도룡동),,36.3763434,127.3904662,valid,KR,Asia/Seoul,,,2014,1,150,070-4229-8196,"[""https://blog.naver.com/plan-a2021""]",false,false,false,false,false,false,false,false,false,false,2026-09-23 18:30:08.480827+00,,2026-09-24 02:00:17.21355+00,2026-09-24 02:00:17.21355+00,1
20c9cc4e-f61b-52c4-b33b-539af6ed48ce,cc116256-a043-51f8-91f1-72852fc3dd25,FC001572,한국소리터,공공(기타),경기도 평택시 현덕면 평택호길 147,,36.9220198,126.9218361,valid,KR,Asia/Seoul,,,2011,2,857,031-683-3891,"[""http://soriter.or.kr/soriter/index.php""]",false,true,false,false,false,true,true,true,false,true,2026-09-24 04:10:02.523278+00,,2026-09-25 02:50:17.102193+00,2026-09-25 02:50:17.102193+00,1
2133a6f1-434d-5786-879a-907b8d4fa224,cc116256-a043-51f8-91f1-72852fc3dd25,FC005046,까망돌어울마당,민간(대학로 외),서울특별시 동작구 서달로 129 (흑석동),,37.5051190,126.9606110,valid,KR,Asia/Seoul,,,,1,100,,[],false,false,false,false,false,false,false,false,false,false,2026-09-23 23:40:12.797209+00,,2026-09-24 02:00:17.21355+00,2026-09-24 02:00:17.21355+00,1
21388b3f-495a-5ade-8ce7-202cec5a8bce,cc116256-a043-51f8-91f1-72852fc3dd25,FC002942,전포와일드클럽,기타(비공연장),부산광역시 부산진구 서전로37번길 14-1(전포동),,35.1583946,129.0642014,valid,KR,Asia/Seoul,,,,1,40,010-6607-3313,"[""https://www.spacecloud.kr/space/34797""]",false,false,false,false,false,false,false,false,false,false,2026-09-23 18:40:13.262069+00,,2026-09-24 02:00:17.21355+00,2026-09-24 02:00:17.21355+00,1
2146b958-2496-5d72-b3c2-073ab2434136,cc116256-a043-51f8-91f1-72852fc3dd25,FC000248,삼일로창고극장,민간(대학로 외),서울특별시 중구 삼일대로9길 12 (저동1가),,37.5633965,126.9878853,valid,KR,Asia/Seoul,,,1975,1,60,02-3789-9640,"[""http://samilro.com""]",false,false,false,false,false,false,false,false,false,false,2026-09-23 23:00:05.087856+00,,2026-09-24 02:00:17.21355+00,2026-09-24 02:00:17.21355+00,1
21537697-9ba5-503f-b582-8cf485248054,cc116256-a043-51f8-91f1-72852fc3dd25,FC003417,서울아트센터,민간(대학로 외),서울특별시 종로구 평창문화로 70 (평창동),,37.6057568,126.9678907,valid,KR,Asia/Seoul,,,2023,2,1083,02-2287-0500,[],false,false,false,false,false,false,false,false,false,false,2026-09-24 03:10:04.518561+00,,2026-09-24 03:20:17.345552+00,2026-09-24 03:20:17.345552+00,1
216c8ae8-71ab-53c6-a4c4-f943a46a7e79,cc116256-a043-51f8-91f1-72852fc3dd25,FC001848,오류아트홀,공공(기타),서울특별시 구로구 경인로20가길 38 (오류동),,37.4958396,126.8456366,valid,KR,Asia/Seoul,,,2018,1,365,02-2614-7969,"[""https://www.guroartsvalley.or.kr/user/home.do""]",false,false,false,false,false,true,true,true,true,true,2026-09-23 23:00:13.172234+00,,2026-09-24 02:00:17.21355+00,2026-09-24 02:00:17.21355+00,1
21f67392-7e02-5dc8-a885-87e275c00402,cc116256-a043-51f8-91f1-72852fc3dd25,FC000260,제주문예회관,공공(문예회관),제주특별자치도 제주시 동광로 69 (일도이동),,33.5043089,126.5353859,valid,KR,Asia/Seoul,,,1988,2,998,064-710-7641,"[""http://www.jeju.go.kr/jejuculture/index.htm""]",false,false,false,true,false,true,true,false,false,false,2026-09-24 16:30:13.228922+00,,2026-09-16 06:14:28.979553+00,2026-09-25 03:53:58.236199+00,2
22113d8f-479f-5b88-a855-11df53a55ad8,cc116256-a043-51f8-91f1-72852fc3dd25,FC002782,후암씨어터(콘텐츠룸),민간(대학로),서울특별시 종로구 대학로11길 23 (명륜4가),,37.5820588,127.0004181,valid,KR,Asia/Seoul,,,,1,100,,[],false,false,false,false,false,false,false,false,false,false,2026-09-24 04:00:04.766204+00,,2026-09-25 02:50:17.102193+00,2026-09-25 02:50:17.102193+00,1
223f511d-ec05-5c25-a64e-5274d6aec745,cc116256-a043-51f8-91f1-72852fc3dd25,FC001207,컬쳐씨어터(구. 휴먼시어터),민간(대학로),서울특별시 종로구 대학로8가길 80 (동숭동),,37.5824518,127.0032519,valid,KR,Asia/Seoul,,,2016,1,120,010-9012-6001,[],true,false,false,false,false,false,false,false,true,true,2026-09-24 05:50:13.066674+00,,2026-09-25 02:50:17.102193+00,2026-09-25 02:50:17.102193+00,1
22583734-b8b4-520d-914a-9fb9adb638d4,cc116256-a043-51f8-91f1-72852fc3dd25,FC000365,원주치악예술관,공공(문예회관),강원도 원주시 서원대로 331 (명륜동),,37.3353862,127.9444934,valid,KR,Asia/Seoul,,,1994,2,600,033-763-9114,"[""http://www.wonju.go.kr/www/contents.do?key=328""]",false,true,false,false,false,true,true,false,true,false,2026-09-24 05:00:13.07486+00,,2026-09-16 06:14:28.979553+00,2026-09-25 03:53:58.236199+00,2
228cb15f-cfb7-5373-8673-130f5e9fab6e,cc116256-a043-51f8-91f1-72852fc3dd25,FC001479,창조문화활력센터 소극장 624,공공(기타),부산광역시 북구 백양대로 1167 (구포동),,35.2064389,129.0044021,valid,KR,Asia/Seoul,,,2013,2,123,051-336-8521,"[""https://cafe.naver.com/bswindow.cafe""]",false,true,false,false,false,true,false,false,false,false,2026-09-24 05:10:16.9449+00,,2026-09-16 06:14:28.979553+00,2026-09-25 03:53:58.236199+00,2
22936b6f-c6cd-56ec-ba9b-56b6c6633221,cc116256-a043-51f8-91f1-72852fc3dd25,FC000580,명동난타극장,민간(대학로 외),서울특별시 중구 명동길 26 (명동2가),,37.5634096,126.9837369,valid,KR,Asia/Seoul,,,2009,1,386,02-739-8288,"[""http://www.i-pmc.co.kr/UIPage/Theatre/Theatre01.aspx""]",false,false,false,false,false,false,false,false,false,false,2026-09-24 06:30:04.448598+00,,2026-09-25 02:50:17.102193+00,2026-09-25 02:50:17.102193+00,1
22a3872d-ffb9-534b-91ec-4f7020a0a8e6,cc116256-a043-51f8-91f1-72852fc3dd25,FC002471,군포시평생학습원,공공(기타),경기도 군포시 고산로 263 (당동),,37.3463508,126.9430831,valid,KR,Asia/Seoul,,,2006,1,87,031-390-3050,"[""https://www.happygp.or.kr/""]",false,false,false,true,true,true,true,true,false,false,2026-09-23 19:30:06.74925+00,,2026-09-24 02:00:17.21355+00,2026-09-24 02:00:17.21355+00,1
22b08fa1-8744-5d16-a23f-6d38e34cb981,cc116256-a043-51f8-91f1-72852fc3dd25,FC004285,et theatre 1 (구. 눈빛극장),민간(대학로),서울특별시 종로구 혜화로 17 (명륜1가),,37.5871099,126.9997845,valid,KR,Asia/Seoul,,,,1,233,,"[""https://www.emotionaltheatre.com/theatre/theatre.php""]",false,false,false,false,false,false,false,false,false,false,2026-09-23 18:10:06.82002+00,,2026-09-24 02:00:17.21355+00,2026-09-24 02:00:17.21355+00,1
236ab99c-1f0b-50bc-bcb4-e5213001f630,cc116256-a043-51f8-91f1-72852fc3dd25,FC002828,SCC 선 아트홀,민간(대학로 외),서울특별시 서초구 동산로 44(양재동),,37.4710999,127.0438459,valid,KR,Asia/Seoul,,,,1,75,02-3434-4923,"[""https://sccsunarthall.com/""]",false,false,false,false,false,false,false,false,false,false,2026-09-24 19:20:04.629283+00,,2026-09-25 02:50:17.102193+00,2026-09-25 02:50:17.102193+00,1
2477fda2-afac-5384-933c-17ec16e6686f,cc116256-a043-51f8-91f1-72852fc3dd25,FC004785,런던스테이지 [대전 중구],민간(대학로 외),대전광역시 중구 대종로 460 (대흥동),,36.3257390,127.4278790,valid,KR,Asia/Seoul,,,,1,,,"[""https://www.instagram.com/londonstage_dj""]",false,false,false,false,false,false,false,false,false,false,2026-09-24 02:20:08.728421+00,,2026-09-24 03:20:17.345552+00,2026-09-24 03:20:17.345552+00,1
24918cbe-7403-55ee-9730-09811a9c868f,cc116256-a043-51f8-91f1-72852fc3dd25,FC000859,우전소극장,민간(대학로 외),대구광역시 남구 현충로 256 (대명동),,35.8552072,128.5832752,valid,KR,Asia/Seoul,,,2005,1,100,053-653-2086,[],false,false,false,false,false,false,false,false,false,false,2026-09-23 16:50:13.076388+00,,2026-09-24 02:00:17.21355+00,2026-09-24 02:00:17.21355+00,1
2499db42-19ef-5101-910f-091f50ea2d39,cc116256-a043-51f8-91f1-72852fc3dd25,FC001561,롯데마트 어린이소극장 [구미],민간(대학로 외),경상북도 구미시 구미대로22길 11 (신평동) 롯데마트 구미점 3층,,36.1131943,128.3652613,valid,KR,Asia/Seoul,,,2005,1,184,054-440-2490,"[""http://company.lottemart.com/branch/bc/floorView.do?brnchCd=0100129""]",true,true,true,false,true,true,true,true,false,false,2026-09-23 16:50:08.785799+00,,2026-09-16 06:14:28.979553+00,2026-09-24 02:01:39.338769+00,2
2568975c-81e2-5bea-b83f-b816e7a1e216,cc116256-a043-51f8-91f1-72852fc3dd25,FC004789,백제문화전당,공공(문예회관),충청남도 공주시 고마나루길 73 (웅진동),,36.4641000,127.1060770,valid,KR,Asia/Seoul,,,2026,1,,,"[""https://www.gongjucf.or.kr/bjac/main/view""]",false,false,false,false,false,false,false,false,false,false,2026-09-24 02:30:02.697596+00,,2026-09-16 06:14:28.979553+00,2026-09-24 03:25:06.778885+00,2
257f2608-85fb-52de-a687-6fd2de4343fe,cc116256-a043-51f8-91f1-72852fc3dd25,FC002033,구름아래소극장,민간(대학로 외),서울특별시 마포구 와우산로29가길 15 (서교동),,37.5541887,126.9285390,valid,KR,Asia/Seoul,,,2019,1,200,02-3280-8800,"[""http://gurumare.co.kr/""]",true,true,false,false,false,false,false,false,false,false,2026-09-23 20:20:12.548786+00,,2026-09-24 02:00:17.21355+00,2026-09-24 02:00:17.21355+00,1
262c0b81-18bc-5403-a5ca-94eb09f01db7,cc116256-a043-51f8-91f1-72852fc3dd25,FC000760,옥천문화예술회관,공공(문예회관),충청북도 옥천군 옥천읍 문정1길 32,,36.3036801,127.5742062,valid,KR,Asia/Seoul,,,2008,1,478,043-730-3403,"[""http://www.ocac.go.kr/2012/""]",false,false,false,true,false,true,true,false,false,false,2026-09-23 23:30:04.702898+00,,2026-09-24 02:00:17.21355+00,2026-09-24 02:00:17.21355+00,1
262f56d5-815c-5c3c-a338-7ed957c57be2,cc116256-a043-51f8-91f1-72852fc3dd25,FC001532,민들레연극마을,민간(대학로 외),경기도 화성시 우정읍 이화뱅곳길 22,,37.0378517,126.7980722,valid,KR,Asia/Seoul,,,2007,3,300,031-358-7587,"[""http://www.mdl.or.kr/home/""]",false,false,false,false,false,false,false,false,false,false,2026-09-23 19:50:05.997637+00,,2026-09-24 02:00:17.21355+00,2026-09-24 02:00:17.21355+00,1
265ab81f-15c5-50a2-bd74-7bf8811d9c7c,cc116256-a043-51f8-91f1-72852fc3dd25,FC003151,한국공예관 문화제조창,공공(기타),충청북도 청주시 청원구 상당로 314(내덕동),,36.6561955,127.4923824,valid,KR,Asia/Seoul,,,,1,300,043-268-0255,"[""https://cjkcm.org/""]",false,true,false,false,false,true,false,false,false,false,2026-09-24 05:20:10.592164+00,,2026-09-16 06:14:28.979553+00,2026-09-25 03:53:58.236199+00,2
26a56f75-7b54-584e-88b4-d2a407571b7c,cc116256-a043-51f8-91f1-72852fc3dd25,FC002766,보노마루,공공(기타),경기도 안산시 상록구 본오로 182 (본오동),,37.3012795,126.8673218,valid,KR,Asia/Seoul,,,,1,151,031-481-0571,"[""https://blog.naver.com/cityansan/222155306418""]",false,false,false,false,false,true,false,false,false,false,2026-09-24 00:10:17.054769+00,,2026-09-24 02:00:17.21355+00,2026-09-24 02:00:17.21355+00,1
26be0ece-c67d-5de8-b25e-2170a8bbfd00,cc116256-a043-51f8-91f1-72852fc3dd25,FC001296,충남대학교 정심화국제문화회관,공공(기타),대전광역시 유성구 대학로 99,,36.3679381,127.3442986,valid,KR,Asia/Seoul,,,2000,3,2395,042-821-8081,"[""https://jsh.cnu.ac.kr/smain.html""]",false,true,true,false,false,true,true,false,true,false,2026-09-24 01:20:02.257729+00,,2026-09-24 02:00:17.21355+00,2026-09-24 02:00:17.21355+00,1
2738263c-7e52-5acf-a909-bd6066633df5,cc116256-a043-51f8-91f1-72852fc3dd25,FC001818,공감센터,민간(대학로 외),서울특별시 중구 퇴계로88길 38 (신당동),,37.5640044,127.0201980,valid,KR,Asia/Seoul,,,2006,1,1024,02-2234-5211,"[""https://jctown.modoo.at/""]",false,true,false,false,false,false,false,true,false,false,2026-09-23 16:30:08.659457+00,,2026-09-24 02:00:17.21355+00,2026-09-24 02:00:17.21355+00,1
27713b77-e785-5fc2-96d7-bc494bfe81d2,cc116256-a043-51f8-91f1-72852fc3dd25,FC001371,한국만화박물관,공공(기타),경기도 부천시 길주로 1 (상동),,37.5084357,126.7418586,valid,KR,Asia/Seoul,,,2001,1,386,032-310-3090,"[""http://www.komacon.kr/comicsmuseum/index.asp""]",true,true,false,true,true,true,true,true,true,true,2026-09-23 16:50:06.686407+00,,2026-09-24 02:00:17.21355+00,2026-09-24 02:00:17.21355+00,1
27a1a694-08d3-522e-9a3f-920f3b313720,cc116256-a043-51f8-91f1-72852fc3dd25,FC001539,큐씨어터(구. 수상한흥신소전용관),민간(대학로),서울특별시 종로구 대학로8가길 79 (동숭동),,37.5824389,127.0035453,valid,KR,Asia/Seoul,,,2016,1,250,070-4162-8320,"[""http://cms6.cku.ac.kr/user/indexSub.do?codyMenuSeq=1908&siteId=media""]",false,false,true,false,false,false,false,false,false,false,2026-09-24 01:40:14.831066+00,,2026-09-24 02:00:17.21355+00,2026-09-24 02:00:17.21355+00,1
27d1b91f-aa50-56fd-aafd-a29a9aac4072,cc116256-a043-51f8-91f1-72852fc3dd25,FC000662,세종국악당,공공(문예회관),경기도 여주시 영릉로 125 (하동),,37.2971351,127.6249408,valid,KR,Asia/Seoul,,,1991,1,388,031-887-2066,"[""http://www.yjcf.or.kr/cms/content/view/215""]",false,false,false,false,false,true,false,false,false,false,2026-09-24 00:50:16.633617+00,,2026-09-16 06:14:28.979553+00,2026-09-24 02:01:39.338769+00,2
28b737aa-84c6-5fda-b91e-2f66689cc3ae,cc116256-a043-51f8-91f1-72852fc3dd25,FC004998,창작공간 BBB,민간(대학로),서울특별시 종로구 이화장길 46 (이화동),,37.5773620,127.0047090,valid,KR,Asia/Seoul,,,,1,70,,[],false,false,false,false,false,false,false,false,false,false,2026-09-23 23:10:08.414342+00,,2026-09-24 02:00:17.21355+00,2026-09-24 02:00:17.21355+00,1
2a0c83a4-d537-5dc8-ab58-e57d6a959137,cc116256-a043-51f8-91f1-72852fc3dd25,FC003016,후케즈,민간(대학로 외),서울특별시 영등포구 경인로 715(문래동2가),,37.5119070,126.8931680,valid,KR,Asia/Seoul,,,,1,30,010-4785-2986,"[""https://www.hukez.com/home""]",false,false,false,false,false,false,false,false,false,false,2026-09-24 18:40:06.625656+00,,2026-09-25 02:50:17.102193+00,2026-09-25 02:50:17.102193+00,1
2a2ecbb3-9d31-52a3-8d3f-f84428a85255,cc116256-a043-51f8-91f1-72852fc3dd25,FC004516,서울문화예술교육센터 은평(서울무용창작센터),공공(문예회관),서울특별시 은평구 수색로 322-2 (수색동),,37.5850950,126.8937670,valid,KR,Asia/Seoul,,,2025,3,255,02-2106-1300,"[""https://scecep.creatorlink.net/""]",false,false,false,false,false,false,false,false,false,false,2026-09-24 05:30:02.632374+00,,2026-09-16 06:14:28.979553+00,2026-09-25 03:53:58.236199+00,2
2a937b4e-c94e-5507-8fcc-803fc6f3ad95,cc116256-a043-51f8-91f1-72852fc3dd25,FC001425,스튜디오 QDA(구. 춤공장),민간(대학로 외),서울특별시 영등포구 도림로126길 1 (문래동3가),,37.5176033,126.8952890,valid,KR,Asia/Seoul,,,2013,1,20,010-6228-5952,"[""http://blog.daum.net/ironworksplay""]",false,false,false,false,false,false,false,false,false,false,2026-09-24 01:30:15.172612+00,,2026-09-24 02:00:17.21355+00,2026-09-24 02:00:17.21355+00,1
2ae68381-85d0-5f69-84f6-6bf2235f9074,cc116256-a043-51f8-91f1-72852fc3dd25,FC004835,로비 바이 컨템포러리 테일즈,기타(비공연장),서울특별시 종로구 대학로14길 26-1 (혜화동),,37.5845280,127.0026880,valid,KR,Asia/Seoul,,,,1,,,"[""https://www.instagram.com/contem_lobby/""]",false,false,false,false,false,false,false,false,false,false,2026-09-24 01:20:08.506509+00,,2026-09-24 02:00:17.21355+00,2026-09-24 02:00:17.21355+00,1
2b044a5b-930b-5a20-a11a-68948566f5dd,cc116256-a043-51f8-91f1-72852fc3dd25,FC000460,완주향토예술문화회관,공공(문예회관),전라북도 완주군 삼례읍 삼봉로 215,,35.9198340,127.0929778,valid,KR,Asia/Seoul,,,2001,1,196,063-291-7245,"[""http://culture.wanju.go.kr/index.do?menuCd=DOM_000000101003003000""]",false,false,false,false,false,false,false,false,false,false,2026-09-24 16:10:11.127384+00,,2026-09-25 02:50:17.102193+00,2026-09-25 02:50:17.102193+00,1
2b69a34d-3888-557a-965e-b4d69e6567ec,cc116256-a043-51f8-91f1-72852fc3dd25,FC000297,송죽씨어터,민간(대학로 외),대구광역시 중구 교동길 15 (화전동),,35.8734323,128.5954894,valid,KR,Asia/Seoul,,,2009,1,260,053-252-5733,"[""http://songjuk.alltheway.kr/""]",false,false,false,false,false,false,false,false,false,false,2026-09-24 19:10:04.612156+00,,2026-09-25 02:50:17.102193+00,2026-09-25 02:50:17.102193+00,1
2bbdbab2-fe7f-5af6-aef9-9d8e27a19123,cc116256-a043-51f8-91f1-72852fc3dd25,FC004779,링크더스페이스(LINK THE SPACE),민간(대학로),서울특별시 종로구 대학로8가길 105 (동숭동),,37.5813750,127.0035270,valid,KR,Asia/Seoul,,,,2,431,,"[""http://www.linkartcenter.co.kr/notice""]",false,false,false,false,false,false,false,false,false,false,2026-09-23 22:50:02.793859+00,,2026-09-24 02:00:17.21355+00,2026-09-24 02:00:17.21355+00,1
2bc2f9ad-d4b2-563e-bca4-3ccdc777556b,cc116256-a043-51f8-91f1-72852fc3dd25,FC002989,스튜디오 블루,민간(대학로),서울특별시 종로구 대학로8가길 80(동숭동),,37.5824773,127.0032680,valid,KR,Asia/Seoul,,,,1,180,02-725-9207,[],false,false,false,false,false,false,false,false,false,false,2026-09-24 17:40:02.04592+00,,2026-09-25 02:50:17.102193+00,2026-09-25 02:50:17.102193+00,1
2c033a9c-537c-5c4b-8b05-f1ee6349a09c,cc116256-a043-51f8-91f1-72852fc3dd25,FC001668,서대문문화체육회관,공공(문예회관),서울특별시 서대문구 백련사길 39 (홍은동),,37.5808378,126.9317514,valid,KR,Asia/Seoul,,,1993,2,739,02-360-8686,"[""http://www.sscmc.or.kr/culture1/lend_library/equip_info.asp""]",false,false,false,false,false,true,true,true,true,true,2026-09-23 18:20:06.743195+00,,2026-09-16 06:14:28.979553+00,2026-09-24 02:01:39.338769+00,2
2c421e61-22e1-5d63-94d3-78ba3bb8791d,cc116256-a043-51f8-91f1-72852fc3dd25,FC004796,링크원스테이지(LINK ONE STAGE),민간(대학로 외),서울특별시 서대문구 응암로 118 (북가좌동),,37.5829360,126.9138580,valid,KR,Asia/Seoul,,,,1,80,,[],false,false,false,false,false,false,false,false,false,false,2026-09-24 00:40:17.096518+00,,2026-09-24 02:00:17.21355+00,2026-09-24 02:00:17.21355+00,1
2ca3719d-90e4-58a4-8735-4fad8e775d65,cc116256-a043-51f8-91f1-72852fc3dd25,FC002945,가톨릭관동대학교,민간(대학로 외),강원도 강릉시 범일로579번길 24(내곡동),,37.7373288,128.8737046,valid,KR,Asia/Seoul,,,,1,6017,,[],false,false,false,false,false,false,false,false,false,false,2026-09-24 17:20:12.770851+00,,2026-09-25 02:50:17.102193+00,2026-09-25 02:50:17.102193+00,1
2cd3c92d-b405-5597-8b43-95e7655ebc82,cc116256-a043-51f8-91f1-72852fc3dd25,FC002740,윤아트홀,민간(대학로 외),경기도 수원시 팔달구 권광로207번길 28 (인계동),,37.2666379,127.0318962,valid,KR,Asia/Seoul,,,,1,40,031-222-2570,"[""https://yunarthall.modoo.at/""]",false,false,false,false,false,true,false,false,false,false,2026-09-24 18:30:08.813269+00,,2026-09-25 02:50:17.102193+00,2026-09-25 02:50:17.102193+00,1
2ce8bf1a-1429-52f9-a661-e9e39fce02a3,cc116256-a043-51f8-91f1-72852fc3dd25,FC001107,한국방송회관 코바코홀 (구. 브로드홀),공공(기타),서울특별시 양천구 목동동로 233 (목동) 한국방송회관,,37.5269334,126.8713879,valid,KR,Asia/Seoul,,,1998,1,290,070-7581-8902,"[""https://broadcast.kobaco.co.kr/main.jsp""]",false,false,false,false,false,true,false,false,false,false,2026-09-23 17:50:02.590111+00,,2026-09-24 02:00:17.21355+00,2026-09-24 02:00:17.21355+00,1
2d088e0a-1a4f-5141-ae40-7a63b874bf9a,cc116256-a043-51f8-91f1-72852fc3dd25,FC001973,삼락생태공원,공공(기타),부산광역시 사상구 낙동대로 1231 (삼락동),,35.1700322,128.9765692,valid,KR,Asia/Seoul,,,1998,1,,051-303-0048,"[""https://www.busan.go.kr/nakdong/samrakpark01""]",false,false,false,false,false,true,true,false,false,false,2026-09-24 05:40:17.401464+00,,2026-09-16 06:14:28.979553+00,2026-09-25 03:53:58.236199+00,2
2d174540-0699-5e0c-9f6e-cc54746d3337,cc116256-a043-51f8-91f1-72852fc3dd25,FC004651,플레이리스트,기타(비공연장),강원특별자치도 원주시 지정면 신평로 132,,37.3818110,127.8809270,valid,KR,Asia/Seoul,,,,1,,,"[""https://www.pieplans.kr/playlist""]",false,false,false,false,false,false,false,false,false,false,2026-09-24 18:20:06.558652+00,,2026-09-25 02:50:17.102193+00,2026-09-25 02:50:17.102193+00,1
2d50492c-ff0f-5e7e-bc50-9732839cea09,cc116256-a043-51f8-91f1-72852fc3dd25,FC000623,소극장 고도,민간(대학로 외),대전광역시 중구 중앙로112번길 13 (대흥동),,36.3268216,127.4229322,valid,KR,Asia/Seoul,,,2010,1,80,042-226-3861,[],false,true,false,false,false,false,false,false,false,false,2026-09-23 21:40:16.934231+00,,2026-09-16 06:14:28.979553+00,2026-09-24 02:01:39.338769+00,2
2d7d62fa-e27a-5a3d-9282-d6fbc07f5328,cc116256-a043-51f8-91f1-72852fc3dd25,FC001213,NOL 씨어터 대학로 (구. 대학로뮤지컬센터),민간(대학로),서울특별시 종로구 동숭길 100,,37.5820171,127.0035363,valid,KR,Asia/Seoul,,,2013,4,2693,,[],true,true,false,false,false,true,true,false,false,false,2026-09-23 21:10:12.843017+00,,2026-09-24 02:00:17.21355+00,2026-09-24 02:00:17.21355+00,1
2ddf51f9-0432-5e55-a8a3-866194ebbdf3,cc116256-a043-51f8-91f1-72852fc3dd25,FC002517,선릉아트홀,민간(대학로 외),서울특별시 강남구 테헤란로 337 (역삼동),,37.5047895,127.0484597,valid,KR,Asia/Seoul,,,2017,1,77,02-553-0067,"[""http://www.gayatarthall.com/""]",false,false,false,false,false,true,true,true,true,true,2026-09-24 03:20:04.837889+00,,2026-09-24 03:20:17.345552+00,2026-09-24 03:20:17.345552+00,1
2df9126a-91ca-5b5a-8458-ee2ebbf912c6,cc116256-a043-51f8-91f1-72852fc3dd25,FC000142,연천수레울아트홀,공공(문예회관),경기도 연천군 연천읍 문화로 150,,38.1090534,127.0799162,valid,KR,Asia/Seoul,,,2010,2,716,031-834-3770,"[""http://sureul.co.kr/company/arthall_intro.jsp""]",false,false,false,false,false,true,true,true,false,true,2026-09-24 03:50:02.644036+00,,2026-09-25 02:50:17.102193+00,2026-09-25 02:50:17.102193+00,1
2e5ea49d-d4bd-5d7d-889a-d4443a72a375,cc116256-a043-51f8-91f1-72852fc3dd25,FC003625,신세계남산,민간(대학로 외),서울특별시 중구 장충단로 180 (장충동1가),,37.5604780,127.0063084,valid,KR,Asia/Seoul,,,,1,477,,"[""https://www.junggu.seoul.kr/tour/content.do?cmsid=14981&mode=view&cid=1259737476""]",false,false,false,false,false,false,false,false,false,false,2026-09-24 18:50:06.617194+00,,2026-09-25 02:50:17.102193+00,2026-09-25 02:50:17.102193+00,1
2e6e31f9-dbac-562a-9dbf-fb67b32cbc37,cc116256-a043-51f8-91f1-72852fc3dd25,FC001787,강릉아트센터 (구. 강릉문화예술관),공공(문예회관),강원도 강릉시 종합운동장길 84 (교동),,37.7716846,128.8953050,valid,KR,Asia/Seoul,,,1992,7,1637,033-660-6800,"[""http://www.gn.go.kr/artscenter/index.do""]",false,true,false,false,true,true,true,true,true,true,2026-09-23 16:30:04.502325+00,,2026-09-16 06:14:28.979553+00,2026-09-24 02:01:39.338769+00,2
2f8220bf-e9fe-5efe-87c5-cd4169fb4a17,cc116256-a043-51f8-91f1-72852fc3dd25,FC005056,정관에듀파크,공공(기타),부산광역시 기장군 정관읍 모전로 11,,35.3403810,129.1643370,valid,KR,Asia/Seoul,,,,1,626,,"[""https://jglib.gijang.go.kr/edupark/main.do""]",false,false,false,false,false,false,false,false,false,false,2026-09-23 22:30:08.267468+00,,2026-09-16 06:14:28.979553+00,2026-09-24 02:01:39.338769+00,2
2f8ac849-0ccd-50ed-a2a4-9b5709ea8425,cc116256-a043-51f8-91f1-72852fc3dd25,FC003939,선농단역사문화관,공공(기타),서울특별시 동대문구 무학로44길 38 (제기동),,37.5811838,127.0318885,valid,KR,Asia/Seoul,,,2015,2,,02-3295-5560,"[""https://www.ddm.go.kr/sun/index.do""]",false,false,false,false,false,true,true,false,false,false,2026-09-24 18:00:11.343059+00,,2026-09-25 02:50:17.102193+00,2026-09-25 02:50:17.102193+00,1
2ffafb98-4873-5822-9f25-5fe04db1dea7,cc116256-a043-51f8-91f1-72852fc3dd25,FC002081,용인어린이상상의숲,공공(기타),경기도 용인시 처인구 동백죽전대로 61 (삼가동),,37.2503893,127.1655069,valid,KR,Asia/Seoul,,,2019,3,210,031-323-6500,"[""http://www.yicf.or.kr/lib/mainPage.do""]",false,true,false,true,true,true,true,false,false,false,2026-09-24 16:30:15.294591+00,,2026-09-16 06:14:28.979553+00,2026-09-25 03:53:58.236199+00,2
307a1279-2279-5148-b552-28e4cbd23242,cc116256-a043-51f8-91f1-72852fc3dd25,FC002674,공간소극장 [대연역],민간(대학로 외),부산광역시 남구 수영로 지하 242 (대연동),,35.1342618,129.0944425,valid,KR,Asia/Seoul,,,2019,1,60,051-611-8518,"[""http://cafe.naver.com/ggtheater""]",false,false,false,false,false,false,false,false,false,false,2026-09-23 21:10:08.529266+00,,2026-09-24 02:00:17.21355+00,2026-09-24 02:00:17.21355+00,1
309fd56e-75d9-584e-9f0b-2c4a4a390b1a,cc116256-a043-51f8-91f1-72852fc3dd25,FC001796,부평문화사랑방,공공(기타),인천광역시 부평구 주부토로 173 (갈산동),,37.5106970,126.7256982,valid,KR,Asia/Seoul,,,2003,1,126,032-505-5995,"[""https://www.bpcf.or.kr/facility/culturelove/introduce.asp""]",false,false,false,false,false,true,true,true,false,false,2026-09-24 02:00:06.681814+00,,2026-09-24 02:00:17.21355+00,2026-09-24 02:00:17.21355+00,1
30ff8d07-d2bb-504b-b63c-f56bcb472895,cc116256-a043-51f8-91f1-72852fc3dd25,FC001196,구리아트홀,공공(문예회관),경기도 구리시 아차산로 453,,37.5954358,127.1299638,valid,KR,Asia/Seoul,,,2013,4,1030,031-580-7900,"[""https://www.guriart.or.kr/PageLink.do""]",false,true,false,true,true,true,true,true,true,true,2026-09-23 18:40:09.111478+00,,2026-09-16 06:14:28.979553+00,2026-09-24 02:01:39.338769+00,2
31832970-5353-5829-8713-74d8ce8967b3,cc116256-a043-51f8-91f1-72852fc3dd25,FC001667,한밭대학교,민간(대학로 외),대전광역시 유성구 동서대로 125 (덕명동),,36.3507993,127.3006108,valid,KR,Asia/Seoul,,,2001,2,861,042-821-1114,"[""https://www.hanbat.ac.kr/cns/sub02_02.do""]",true,true,true,false,false,true,true,true,false,false,2026-09-24 02:20:13.008425+00,,2026-09-24 03:20:17.345552+00,2026-09-24 03:20:17.345552+00,1
321e9b58-c154-5730-846e-74562d4a7bf6,cc116256-a043-51f8-91f1-72852fc3dd25,FC003749,카페와안,기타(비공연장),인천광역시 연수구 인천타워대로132번길 24 (송도동),,37.3856812,126.6432481,valid,KR,Asia/Seoul,,,,1,,,[],false,false,false,false,false,false,false,false,false,false,2026-09-24 18:00:09.252717+00,,2026-09-25 02:50:17.102193+00,2026-09-25 02:50:17.102193+00,1
32cf0c91-4dc3-5053-8240-e985126a6b70,cc116256-a043-51f8-91f1-72852fc3dd25,FC001815,마루아트홀,민간(대학로),서울특별시 종로구 대학로8가길 30 (동숭동),,37.5822530,127.0025458,valid,KR,Asia/Seoul,,,2018,1,170,070-4618-5753,"[""https://www.instagram.com/my_ps_partner_maruart/""]",false,false,false,false,false,false,false,false,false,false,2026-09-24 06:20:17.241397+00,,2026-09-25 02:50:17.102193+00,2026-09-25 02:50:17.102193+00,1
339c3278-948c-5c89-be49-85f04209f999,cc116256-a043-51f8-91f1-72852fc3dd25,FC004164,디너씨어터,민간(대학로 외),서울특별시 송파구 백제고분로48길 7 (방이동),,37.5116556,127.1141774,valid,KR,Asia/Seoul,,,,1,,,[],false,false,false,false,false,false,false,false,false,false,2026-09-24 05:50:02.801091+00,,2026-09-16 06:14:28.979553+00,2026-09-25 03:53:58.236199+00,2
33fb42f1-b206-531d-8489-5e9ed58e10dc,cc116256-a043-51f8-91f1-72852fc3dd25,FC004725,화성예술의전당,공공(문예회관),경기도 화성시 노작로 11-1 (오산동),,37.1926370,127.0863620,valid,KR,Asia/Seoul,,,,3,1450,,"[""https://hac.hcf.or.kr/index.do""]",false,false,false,false,true,false,false,false,false,false,2026-09-23 20:40:17.179657+00,,2026-09-24 02:00:17.21355+00,2026-09-24 02:00:17.21355+00,1
34061d01-bcfa-559e-b40e-66502927b467,cc116256-a043-51f8-91f1-72852fc3dd25,FC000014,충무아트센터,공공(문예회관),서울특별시 중구 퇴계로 387 (흥인동),,37.5660139,127.0148131,valid,KR,Asia/Seoul,,,2005,5,2045,02-2230-6601,[],true,true,false,true,false,true,true,true,true,false,2026-09-24 03:30:05.362418+00,,2026-09-24 03:40:17.060409+00,2026-09-24 03:40:17.060409+00,1
3480786e-2ddb-5c1f-a140-be44aa740ab9,cc116256-a043-51f8-91f1-72852fc3dd25,FC003915,온맘씨어터,민간(대학로 외),서울특별시 마포구 어울마당로 94-8 (서교동),,37.5531403,126.9222208,valid,KR,Asia/Seoul,,,,1,100,,[],false,false,false,false,false,false,false,false,false,false,2026-09-24 16:00:08.590039+00,,2026-09-25 02:50:17.102193+00,2026-09-25 02:50:17.102193+00,1
348b900d-5bae-592a-be90-ff72d37d2254,cc116256-a043-51f8-91f1-72852fc3dd25,FC001376,소극장 6번출구,민간(대학로 외),부산광역시 수영구 수영로 477 (남천동),,35.1485415,129.1104031,valid,KR,Asia/Seoul,,,2009,1,90,051-625-2117,"[""http://blog.naver.com/mac1986""]",false,false,false,false,false,false,false,false,false,false,2026-09-24 16:50:17.53399+00,,2026-09-25 02:50:17.102193+00,2026-09-25 02:50:17.102193+00,1
35298662-7be3-59ca-9873-f1eadde97de3,cc116256-a043-51f8-91f1-72852fc3dd25,FC002784,세종 음악창작소 누리락,민간(대학로 외),세종특별자치시 갈매로 387 (어진동),,36.4985469,127.2638296,valid,KR,Asia/Seoul,,,,1,182,044-850-0571,"[""https://www.nurirock.or.kr/base/main/view""]",false,false,false,false,false,true,false,false,false,false,2026-09-23 22:20:16.521921+00,,2026-09-16 06:14:28.979553+00,2026-09-24 02:01:39.338769+00,2
356db2a2-b498-5aca-8bff-b280cedea82f,cc116256-a043-51f8-91f1-72852fc3dd25,FC000018,안산문화예술의전당,공공(문예회관),경기도 안산시 단원구 화랑로 312 (고잔동),,37.3196723,126.8225557,valid,KR,Asia/Seoul,,,2004,4,3429,031-481-4000,"[""http://www.ansanart.com/""]",false,true,false,true,false,true,true,true,false,true,2026-09-23 18:00:07.22707+00,,2026-09-16 06:14:28.979553+00,2026-09-24 02:01:39.338769+00,2
35eaaf40-78f4-59c1-b375-22b727b6ab34,cc116256-a043-51f8-91f1-72852fc3dd25,FC000518,구미시문화예술회관,공공(문예회관),경상북도 구미시 송정대로 89 (송정동 75),,36.1183785,128.3489841,valid,KR,Asia/Seoul,,,1989,3,2166,054-480-4560,[],false,false,false,false,false,true,false,false,false,false,2026-09-23 21:30:05.439416+00,,2026-09-16 06:14:28.979553+00,2026-09-24 02:01:39.338769+00,2
363dc2d4-a7a4-5604-b67c-ae30b6e01cc6,cc116256-a043-51f8-91f1-72852fc3dd25,FC001404,대학로 이음센터(한국장애인문화예술원),공공(기타),서울특별시 종로구 대학로 112 (동숭동),,37.5811397,127.0023829,valid,KR,Asia/Seoul,,,2015,2,120,02-760-9700,"[""http://www.i-eum.or.kr/contents/view?contentsNo=6&level=1&menuNo=5""]",false,true,false,false,false,false,false,true,true,true,2026-09-24 02:50:02.556321+00,,2026-09-16 06:14:28.979553+00,2026-09-24 03:25:06.778885+00,2
366c003b-1bb4-509c-9c35-1aa8b2ea7476,cc116256-a043-51f8-91f1-72852fc3dd25,FC002478,뉴코아소극장 [부천],민간(대학로 외),경기도 부천시 송내대로 239 (상동),,37.5041199,126.7566315,valid,KR,Asia/Seoul,,,2007,1,160,032-624-8120,"[""https://nc123.modoo.at/""]",true,true,false,false,false,true,true,true,false,true,2026-09-23 23:40:06.434125+00,,2026-09-24 02:00:17.21355+00,2026-09-24 02:00:17.21355+00,1
36f75b26-0aac-5ee3-b41f-7d0023e61570,cc116256-a043-51f8-91f1-72852fc3dd25,FC005069,하늘문화센터 [인천],공공(기타),인천광역시 영종구 영종해안북로 1000-26 (운서동),,37.4956970,126.4727360,valid,KR,Asia/Seoul,,,,1,376,,"[""https://www.insiseol.or.kr/culture/sky/""]",false,false,false,false,false,false,false,false,false,false,2026-09-23 21:50:10.630597+00,,2026-09-24 02:00:17.21355+00,2026-09-24 02:00:17.21355+00,1
374eed77-7dff-52d5-a607-07fbcfb5cde0,cc116256-a043-51f8-91f1-72852fc3dd25,FC001134,아신극장,민간(대학로 외),대전광역시 중구 대종로 458 (대흥동) 대산빌딩 2-3층,,36.3256123,127.4280378,valid,KR,Asia/Seoul,,,2013,2,314,00-1599-9210,"[""https://asinartcompany.modoo.at/""]",false,false,false,false,false,false,false,false,false,false,2026-09-24 05:40:13.141926+00,,2026-09-25 02:50:17.102193+00,2026-09-25 02:50:17.102193+00,1
37a5e73f-8693-5ecb-a960-7192b0479c62,cc116256-a043-51f8-91f1-72852fc3dd25,FC000824,이천아트홀,공공(문예회관),경기도 이천시 부악로 40 (중리동),,37.2711919,127.4343487,valid,KR,Asia/Seoul,,,2009,3,1651,031-644-2100,"[""https://art.icheon.go.kr/files/intro_02_01.php""]",false,false,false,true,false,true,true,true,true,true,2026-09-24 02:20:15.160244+00,,2026-09-24 03:20:17.345552+00,2026-09-24 03:20:17.345552+00,1
37b5a2ed-d1d8-5625-8ea3-a49e0286a98b,cc116256-a043-51f8-91f1-72852fc3dd25,FC003553,계룡시민체육관,민간(대학로 외),충청남도 계룡시 엄사면 문화1로 51,,36.2698355,127.2332728,valid,KR,Asia/Seoul,,,,2,1218,,"[""https://gyeryong.go.kr/ac/html/sub01/010401.html""]",false,false,false,false,false,false,false,false,false,false,2026-09-23 23:40:02.439133+00,,2026-09-16 06:14:28.979553+00,2026-09-24 02:01:39.338769+00,2
37edfb6a-c8f7-58ed-8e1a-800a39a9eea9,cc116256-a043-51f8-91f1-72852fc3dd25,FC002226,광야아트센터,민간(대학로 외),서울특별시 강남구 선릉로 806 (청담동),,37.5238653,127.0396166,valid,KR,Asia/Seoul,,,2019,1,216,02-741-9182,"[""https://stgwangya.modoo.at/""]",false,true,false,true,true,true,false,true,true,true,2026-09-24 18:10:10.617069+00,,2026-09-25 02:50:17.102193+00,2026-09-25 02:50:17.102193+00,1
37f80604-4b76-5c6f-a372-255df16ad33f,cc116256-a043-51f8-91f1-72852fc3dd25,FC001130,소나무예술극장,민간(대학로 외),경기도 광명시 하안로288번길 15 (하안동),,37.4622125,126.8813430,valid,KR,Asia/Seoul,,,1997,1,200,02-893-6977,"[""https://blog.naver.com/pepe519""]",false,false,false,false,false,true,false,false,false,false,2026-09-24 04:20:04.081135+00,,2026-09-25 02:50:17.102193+00,2026-09-25 02:50:17.102193+00,1
380ea745-1330-5385-859b-2816404db07a,cc116256-a043-51f8-91f1-72852fc3dd25,FC001942,포스코광양백운아트홀,민간(대학로 외),전남광주통합특별시 광양시 금호로 215 (금호동),,34.9430494,127.7258084,valid,KR,Asia/Seoul,,,1992,1,990,061-790-6020,"[""https://www.posco.co.kr/homepage/docs/kor6/jsp/common/posco/s91a1000031c.jsp""]",false,true,false,false,false,true,true,false,false,false,2026-09-23 23:40:16.932379+00,,2026-09-24 02:00:17.21355+00,2026-09-24 02:00:17.21355+00,1
3836209c-1e1f-52ef-bbf2-434f2edfde59,cc116256-a043-51f8-91f1-72852fc3dd25,FC001415,대전시립연정국악원,공공(문예회관),대전광역시 서구 둔산대로 181 (만년동),,36.3555511,127.3899450,valid,KR,Asia/Seoul,,,2015,2,1088,042-270-8500,"[""https://www.daejeon.go.kr/kmusic/""]",false,false,false,true,false,true,true,true,true,true,2026-09-23 15:40:14.068075+00,,2026-09-16 06:14:28.979553+00,2026-09-24 02:01:39.338769+00,2
38414bac-6bc1-5a70-a651-f3112ba313dc,cc116256-a043-51f8-91f1-72852fc3dd25,FC003396,오마이갓 전용관,민간(대학로),서울특별시 종로구 동숭길 68 (동숭동),,37.5813131,127.0043055,valid,KR,Asia/Seoul,,,2023,1,78,,[],false,false,false,false,false,false,false,false,false,false,2026-09-24 06:20:15.153125+00,,2026-09-25 02:50:17.102193+00,2026-09-25 02:50:17.102193+00,1
389c8c88-9da2-5a98-b717-8d523bb03a93,cc116256-a043-51f8-91f1-72852fc3dd25,FC000815,M극장,민간(대학로 외),서울특별시 강남구 논현로4길 36 (개포동),,37.4736304,127.0529192,valid,KR,Asia/Seoul,,,2006,1,150,02-578-6812,"[""http://www.mtheater.co.kr/""]",false,false,false,false,false,true,false,false,false,false,2026-09-23 21:30:09.697642+00,,2026-09-24 02:00:17.21355+00,2026-09-24 02:00:17.21355+00,1
38c54d94-cb6e-586b-9b46-9bf5ab74e7fa,cc116256-a043-51f8-91f1-72852fc3dd25,FC000431,서천문예의전당,공공(문예회관),충청남도 서천군 서천읍 서천로14번길 20,,36.0763774,126.6982314,valid,KR,Asia/Seoul,,,1989,2,826,041-953-4758,"[""https://seocheonctf.or.kr/index.do""]",false,false,false,false,false,false,false,false,false,false,2026-09-24 02:40:04.278391+00,,2026-09-24 03:20:17.345552+00,2026-09-24 03:20:17.345552+00,1
39bd184c-4f30-5bd4-85f7-fe76635e9f39,cc116256-a043-51f8-91f1-72852fc3dd25,FC001261,KBS홀 [울산],공공(기타),울산광역시 남구 번영로 212 (달동),,35.5441989,129.3265401,valid,KR,Asia/Seoul,,,1988,1,1804,052-270-7181,"[""https://kbsbiz.co.kr/kbs%ec%9a%b8%ec%82%b0%ed%99%80/""]",false,false,false,false,false,true,false,false,false,false,2026-09-23 17:20:16.906615+00,,2026-09-24 02:00:17.21355+00,2026-09-24 02:00:17.21355+00,1
39cf3037-6878-5a71-a419-7c110949988e,cc116256-a043-51f8-91f1-72852fc3dd25,FC000838,가온아트홀 [부산],민간(대학로 외),부산광역시 동구 자성로 133번길 10,,35.1381413,129.0650770,valid,KR,Asia/Seoul,,,2012,2,370,00-1600-1602,"[""http://gaonart.alltheway.kr/""]",false,true,false,false,false,true,false,false,false,false,2026-09-23 22:40:06.353101+00,,2026-09-16 06:14:28.979553+00,2026-09-24 02:01:39.338769+00,2
3a219225-2fd6-53f8-9838-96fda382835d,cc116256-a043-51f8-91f1-72852fc3dd25,FC004646,아스트라홀,민간(대학로 외),서울특별시 마포구 동교로22길 14 (서교동),,37.5551140,126.9188160,valid,KR,Asia/Seoul,,,,1,150,,[],false,false,false,false,false,false,false,false,false,false,2026-09-23 18:50:17.127425+00,,2026-09-24 02:00:17.21355+00,2026-09-24 02:00:17.21355+00,1
3a385abb-9069-511e-b288-d62a8ba3eb8e,cc116256-a043-51f8-91f1-72852fc3dd25,FC001517,전주대사습청(구.전주소리문화관),공공(기타),전라북도 전주시 완산구 한지길 56 (풍남동3가) 한옥생활체험관 옆,,35.8176573,127.1533483,valid,KR,Asia/Seoul,,,2011,3,265,063-231-0771,[],false,false,false,false,false,false,true,false,false,false,2026-09-24 02:20:04.534144+00,,2026-09-24 03:20:17.345552+00,2026-09-24 03:20:17.345552+00,1
3a4907ab-6c0b-5a5c-8cc3-7e1807462081,cc116256-a043-51f8-91f1-72852fc3dd25,FC004389,지지대악,민간(대학로 외),서울특별시 종로구 인사동5길 10 (인사동),,37.5728650,126.9856530,valid,KR,Asia/Seoul,,,,1,20,,[],false,false,false,false,false,false,false,false,false,false,2026-09-23 21:40:04.316745+00,,2026-09-24 02:00:17.21355+00,2026-09-24 02:00:17.21355+00,1
3a85f2be-5fd4-5382-aeb7-1916c345831a,cc116256-a043-51f8-91f1-72852fc3dd25,FC001271,통영국제음악당,공공(문예회관),경상남도 통영시 큰발개1길 38 (도남동),,34.8261089,128.4397664,valid,KR,Asia/Seoul,,,2014,4,1613,055-650-0400,"[""http://www.timf.org/""]",true,false,false,false,false,true,true,true,true,true,2026-09-24 17:40:16.751208+00,,2026-09-25 02:50:17.102193+00,2026-09-25 02:50:17.102193+00,1
3aec753b-a99b-599c-a33e-e5d91846d541,cc116256-a043-51f8-91f1-72852fc3dd25,FC004269,언드 (und),민간(대학로 외),경상남도 거제시 거제대로 3734 (옥포동),,34.8900375,128.6906065,valid,KR,Asia/Seoul,,,,1,,,"[""https://www.instagram.com/und_space""]",false,false,false,false,false,false,false,false,false,false,2026-09-24 02:30:15.129613+00,,2026-09-24 03:20:17.345552+00,2026-09-24 03:20:17.345552+00,1
3b103fea-bc97-50b4-902b-881e214a81b7,cc116256-a043-51f8-91f1-72852fc3dd25,FC000785,대학로 자유극장 (자유문화발전소),민간(대학로),서울특별시 종로구 대학로12길 31 (동숭동),,37.5827026,127.0036052,valid,KR,Asia/Seoul,,,2005,1,233,02-743-0661,[],false,false,false,false,false,true,false,false,false,false,2026-09-23 22:40:10.553826+00,,2026-09-24 02:00:17.21355+00,2026-09-24 02:00:17.21355+00,1
3b11f4e9-124b-5705-8c81-9e3b7c4dcd1a,cc116256-a043-51f8-91f1-72852fc3dd25,FC000793,용산아트홀,공공(문예회관),서울특별시 용산구 녹사평대로 150(이태원동 34-87),,37.5324851,126.9903470,valid,KR,Asia/Seoul,,,2010,2,1091,02-2199-7260,"[""http://art.yongsan.go.kr""]",false,true,true,true,false,true,true,false,false,false,2026-09-23 22:00:15.331939+00,,2026-09-24 02:00:17.21355+00,2026-09-24 02:00:17.21355+00,1
3c17f9f5-9089-5438-aea7-0d7947022153,cc116256-a043-51f8-91f1-72852fc3dd25,FC003645,명화라이브홀,민간(대학로 외),서울특별시 영등포구 버드나루로 30 (영등포동2가),,37.5215623,126.9124118,valid,KR,Asia/Seoul,,,,1,962,,[],false,false,false,false,false,false,false,false,false,false,2026-09-23 17:10:14.92518+00,,2026-09-24 02:00:17.21355+00,2026-09-24 02:00:17.21355+00,1
3c341ba8-fcdf-515a-9751-77f36ed94ae1,cc116256-a043-51f8-91f1-72852fc3dd25,FC000823,용인시문화예술회관,공공(문예회관),경기도 용인시 처인구 중부대로1392번길 15 (김량장동),,37.2317133,127.1988539,valid,KR,Asia/Seoul,,,1989,1,626,031-260-3300,"[""http://yicf.or.kr/main/""]",false,true,false,false,false,true,true,true,false,false,2026-09-24 17:00:17.00426+00,,2026-09-25 02:50:17.102193+00,2026-09-25 02:50:17.102193+00,1
3dd666b9-e971-585d-99e3-ef33cf62a67e,cc116256-a043-51f8-91f1-72852fc3dd25,FC004928,스튜디오 엔텐바흐(Studio ENTENBACH),민간(대학로 외),서울특별시 마포구 동교로 178 (동교동),,37.5562830,126.9217570,valid,KR,Asia/Seoul,,,,1,,,"[""https://www.instagram.com/studio_entenbach/""]",false,false,false,false,false,false,false,false,false,false,2026-09-24 05:10:08.46684+00,,2026-09-16 06:14:28.979553+00,2026-09-25 03:53:58.236199+00,2
3de70a77-1fec-51aa-a82d-bea2598ffd4a,cc116256-a043-51f8-91f1-72852fc3dd25,FC001074,KBS홀 [부산],공공(기타),부산광역시 수영구 수영로 429 (남천동 63) KBS부산방송총국,,35.1580172,129.1145222,valid,KR,Asia/Seoul,,,1991,1,2847,051-620-7181,"[""http://busan.kbs.co.kr/""]",false,false,false,false,false,false,false,false,false,false,2026-09-24 18:10:06.384792+00,,2026-09-25 02:50:17.102193+00,2026-09-25 02:50:17.102193+00,1
3e1e43da-f417-5df7-ba1b-3c7b197fc125,cc116256-a043-51f8-91f1-72852fc3dd25,FC000076,대전예술의전당,공공(문예회관),대전광역시 서구 둔산대로 135 (만년동),,36.3665211,127.3837135,valid,KR,Asia/Seoul,,,2003,4,3039,042-270-8333,"[""https://www.daejeon.go.kr/djac/index.do""]",false,true,false,true,false,true,true,true,true,true,2026-09-24 16:20:15.164327+00,,2026-09-16 06:14:28.979553+00,2026-09-25 03:53:58.236199+00,2
3e5e5729-77b2-5905-8a53-2c3d2b6381d8,cc116256-a043-51f8-91f1-72852fc3dd25,FC004666,한국트로트가요센터,공공(기타),전남광주통합특별시 영암군 영암읍 기찬랜드로 19-10,,34.7915670,126.6853710,valid,KR,Asia/Seoul,,,,1,206,061-470-2803,[],false,false,false,false,false,false,false,false,false,false,2026-09-23 22:40:08.42955+00,,2026-09-24 02:00:17.21355+00,2026-09-24 02:00:17.21355+00,1
3e93cda8-6ff9-5097-93d5-43529b0d5f70,cc116256-a043-51f8-91f1-72852fc3dd25,FC002588,씨어터 쿰,민간(대학로),서울특별시 종로구 창경궁로 253-7 (명륜2가),,37.5844442,126.9994928,valid,KR,Asia/Seoul,,,,1,111,02-6085-0015,[],false,false,false,false,false,true,false,false,false,false,2026-09-23 20:00:10.983378+00,,2026-09-24 02:00:17.21355+00,2026-09-24 02:00:17.21355+00,1
3ebfa6fd-cacf-535f-a63b-aa14077623f7,cc116256-a043-51f8-91f1-72852fc3dd25,FC004957,음악정원홀,민간(대학로 외),대전광역시 유성구 지족로328번길 14-26 (지족동),,36.3862910,127.3119940,valid,KR,Asia/Seoul,,,,1,50,,[],false,false,false,false,false,false,false,false,false,false,2026-09-23 22:10:06.188666+00,,2026-09-24 02:00:17.21355+00,2026-09-24 02:00:17.21355+00,1
3f4eda9b-1e3d-5f04-aa07-48f1789b68b8,cc116256-a043-51f8-91f1-72852fc3dd25,FC004802,피오레아트앤엔터(피오레움),민간(대학로 외),서울특별시 서초구 효령로52길 16 (서초동),,37.4835990,127.0128440,valid,KR,Asia/Seoul,,,,1,,,[],false,false,false,false,false,false,false,false,false,false,2026-09-23 18:50:04.555338+00,,2026-09-24 02:00:17.21355+00,2026-09-24 02:00:17.21355+00,1
3f51389c-d583-5ee1-bfde-fc6e3a71d78b,cc116256-a043-51f8-91f1-72852fc3dd25,FC004947,블랙박스 1357,민간(대학로),서울특별시 종로구 대학로 135-7 (명륜4가),,37.5831270,127.0011540,valid,KR,Asia/Seoul,,,,1,,,[],false,false,false,false,false,false,false,false,false,false,2026-09-24 05:40:15.368184+00,,2026-09-25 02:50:17.102193+00,2026-09-25 02:50:17.102193+00,1
3f64df8c-7c8f-5434-9538-278245ba5d1f,cc116256-a043-51f8-91f1-72852fc3dd25,FC000298,아트플러스씨어터,민간(대학로 외),대구광역시 중구 동성로3길 89 (공평동),,35.8694160,128.5981550,valid,KR,Asia/Seoul,,,2011,2,257,053-422-7679,"[""https://artplustheater.kr/""]",false,false,false,false,false,false,false,false,false,false,2026-09-24 03:20:17.345552+00,,2026-09-24 03:20:17.345552+00,2026-09-24 03:20:17.345552+00,1
3f75a823-fd14-57c9-ad86-0d1b9b2e8a84,cc116256-a043-51f8-91f1-72852fc3dd25,FC002849,홍대우주정거장,기타(비공연장),서울특별시 마포구 와우산로29길 16(서교동),,37.5550169,126.9290200,valid,KR,Asia/Seoul,,,2017,1,,070-8692-8277,"[""http://spacestation.co.kr/""]",true,true,false,false,false,true,false,true,false,false,2026-09-23 22:50:10.862865+00,,2026-09-24 02:00:17.21355+00,2026-09-24 02:00:17.21355+00,1
3f7afb1d-acf1-5630-9b50-00b22ceeee9c,cc116256-a043-51f8-91f1-72852fc3dd25,FC001349,강릉원주대학교 해람문화관,민간(대학로 외),강원도 강릉시 죽헌길 7 (지변동),,37.7708509,128.8714463,valid,KR,Asia/Seoul,,,1996,1,1076,033-640-2560,"[""http://www.gwnu.ac.kr/kor/154/subview.do?enc=Zm5jdDF8QEB8JTJGY3VsdHVyZSUyRmtvciUyRmxpc3QuZG8lM0ZndWJ1biUzRDIlMjY%3D""]",true,true,true,false,false,true,true,true,true,false,2026-09-24 02:10:19.715139+00,,2026-09-16 06:14:28.979553+00,2026-09-24 03:25:06.778885+00,2
3f9f4183-cfec-554e-a55d-d0408880d0f6,cc116256-a043-51f8-91f1-72852fc3dd25,FC000155,잡월드 나래울극장,공공(기타),경기도 성남시 분당구 분당수서로 501(정자동 4-6),,37.3784840,127.1056718,valid,KR,Asia/Seoul,,,2012,2,504,00-1644-1333,"[""http://koreajobworld.or.kr/Index.do""]",false,true,true,true,true,true,true,true,false,true,2026-09-24 17:20:02.543994+00,,2026-09-16 06:14:28.979553+00,2026-09-25 03:53:58.236199+00,2
4076ead7-5c65-55b7-bf9e-628388dedc7e,cc116256-a043-51f8-91f1-72852fc3dd25,FC001811,KOCCA콘텐츠문화광장,공공(기타),서울특별시 동대문구 회기로 66 (청량리동),,37.5909630,127.0445760,valid,KR,Asia/Seoul,,,2017,1,193,02-6310-0776,"[""https://edu.kocca.kr/testbed/main/main.do""]",false,false,false,false,false,true,true,true,true,true,2026-09-23 23:10:02.337769+00,,2026-09-24 02:00:17.21355+00,2026-09-24 02:00:17.21355+00,1
40901dff-9f49-5366-b90a-65a4af17b82b,cc116256-a043-51f8-91f1-72852fc3dd25,FC001169,아양아트센터,공공(문예회관),대구광역시 동구 효동로2길 24 (효목동),,35.8797836,128.6519603,valid,KR,Asia/Seoul,,,2004,3,1700,053-951-3300,"[""http://www.ayangarts.or.kr/""]",false,false,true,false,false,true,true,true,true,true,2026-09-23 22:00:06.924489+00,,2026-09-24 02:00:17.21355+00,2026-09-24 02:00:17.21355+00,1
40aaf192-c679-55d5-81f6-354a1c535e41,cc116256-a043-51f8-91f1-72852fc3dd25,FC005006,프로타주 갤러리(FROTTAGE),기타(비공연장),서울특별시 마포구 독막로15길 12 (상수동),,37.5483670,126.9223020,valid,KR,Asia/Seoul,,,,1,,,"[""https://www.frottagegallery.com/""]",false,false,false,false,false,false,false,false,false,false,2026-09-24 17:00:02.413958+00,,2026-09-25 02:50:17.102193+00,2026-09-25 02:50:17.102193+00,1
411be611-b34b-5615-9ac6-f44fdc0425f2,cc116256-a043-51f8-91f1-72852fc3dd25,FC000052,KT&G 상상마당 대치아트홀,민간(대학로 외),서울특별시 강남구 영동대로 416 (대치동),,37.5065437,127.0653516,valid,KR,Asia/Seoul,,,2006,1,422,02-3404-4311,"[""https://www.sangsangmadang.com/info/DC""]",false,true,true,false,false,true,true,true,false,true,2026-09-24 02:10:05.453152+00,,2026-09-24 03:20:17.345552+00,2026-09-24 03:20:17.345552+00,1
4132ef62-9afa-52a0-8d77-ffb40c126699,cc116256-a043-51f8-91f1-72852fc3dd25,FC002752,전태일기념관,공공(기타),서울특별시 종로구 청계천로 105 (관수동),,37.5684665,126.9893003,valid,KR,Asia/Seoul,,,2019,1,62,02-318-0903,"[""https://www.taeil.org/""]",false,false,false,false,false,false,true,false,false,false,2026-09-24 18:50:04.522443+00,,2026-09-25 02:50:17.102193+00,2026-09-25 02:50:17.102193+00,1
4137d1fd-8360-58db-afad-808a9c3bc371,cc116256-a043-51f8-91f1-72852fc3dd25,FC002035,Vel.R 벨르 (구. 벨로주 [홍대]),민간(대학로 외),서울특별시 마포구 잔다리로 46 (서교동),,37.5524309,126.9188172,valid,KR,Asia/Seoul,,,2008,1,123,,[],false,true,false,false,false,false,true,false,false,false,2026-09-23 16:10:16.984497+00,,2026-09-24 02:00:17.21355+00,2026-09-24 02:00:17.21355+00,1
41a78cfb-c9b0-5858-87f9-347cd87ef89e,cc116256-a043-51f8-91f1-72852fc3dd25,FC003664,정조테마공연장,공공(기타),경기도 수원시 팔달구 정조로 817 (팔달로1가),,37.2810212,127.0162158,valid,KR,Asia/Seoul,,,2023,1,258,031-290-3578,"[""https://www.swcf.or.kr/?p=350""]",false,false,false,false,false,false,true,true,false,true,2026-09-24 03:00:10.687648+00,,2026-09-16 06:14:28.979553+00,2026-09-24 03:25:06.778885+00,2
41a8452b-6500-5701-8ecf-5c0b34b29c3a,cc116256-a043-51f8-91f1-72852fc3dd25,FC001141,연극실험실 혜화동1번지,민간(대학로),서울특별시 종로구 창경궁로35길 7 (혜화동),,37.5863370,127.0013307,valid,KR,Asia/Seoul,,,1993,1,70,010-8946-4164,"[""https://www.facebook.com/hhdlab""]",false,false,false,false,false,false,false,false,false,false,2026-09-24 03:20:06.906862+00,,2026-09-24 03:20:17.345552+00,2026-09-24 03:20:17.345552+00,1
41ddebea-1206-54c4-812c-13ddbdad3445,cc116256-a043-51f8-91f1-72852fc3dd25,FC001975,톤스튜디오 서울,민간(대학로 외),서울특별시 마포구 성미산로 64-5 (성산동),,37.5593835,126.9154822,valid,KR,Asia/Seoul,,,2002,1,39,02-3141-4605,"[""http://tonestudio.co.kr/""]",false,false,false,false,false,true,false,true,true,false,2026-09-23 18:20:17.057777+00,,2026-09-24 02:00:17.21355+00,2026-09-24 02:00:17.21355+00,1
41f8ae66-8f2b-545b-98ed-1126ea4f6ed1,cc116256-a043-51f8-91f1-72852fc3dd25,FC002156,파주 임진각 평화누리,기타(비공연장),경기도 파주시 문산읍 임진각로 148-40,,37.8917224,126.7447247,valid,KR,Asia/Seoul,,,,1,30000,031-956-8300,"[""https://www.pajusisul.or.kr/info/info_09_01.php""]",true,false,true,false,false,true,true,true,false,false,2026-09-24 03:10:10.829103+00,,2026-09-24 03:20:17.345552+00,2026-09-24 03:20:17.345552+00,1
42528714-6e63-54ce-bccd-dd619e7b88b8,cc116256-a043-51f8-91f1-72852fc3dd25,FC004738,샤봉디씨어터,민간(대학로),서울특별시 종로구 창경궁로34길 24-6 (명륜2가),,37.5839750,127.0008330,valid,KR,Asia/Seoul,,,,1,95,,[],false,false,false,false,false,false,false,false,false,false,2026-09-24 06:10:10.845681+00,,2026-09-25 02:50:17.102193+00,2026-09-25 02:50:17.102193+00,1
4381e262-3aff-5d25-9bc9-7d2021727e10,cc116256-a043-51f8-91f1-72852fc3dd25,FC002785,KT&G 상상마당 라이브홀 [부산],민간(대학로 외),부산광역시 부산진구 서면로 39 (부전동),,35.1542715,129.0573028,valid,KR,Asia/Seoul,,,,5,217,051-809-5555,"[""https://www.sangsangmadang.com/main/BS""]",false,true,false,false,false,false,false,false,false,false,2026-09-23 16:50:17.108876+00,,2026-09-16 06:14:28.979553+00,2026-09-24 02:01:39.338769+00,2
438431fa-27a3-5573-885e-e87eb8502f7d,cc116256-a043-51f8-91f1-72852fc3dd25,FC000292,문화예술전용극장CT,민간(대학로 외),대구광역시 중구 중앙대로 394 (남일동),,35.8683220,128.5940139,valid,KR,Asia/Seoul,,,2007,1,270,053-252-5733,"[""http://cafe.daum.net/artCT""]",false,false,false,false,false,false,false,false,false,false,2026-09-24 19:10:06.752057+00,,2026-09-25 02:50:17.102193+00,2026-09-25 02:50:17.102193+00,1
43e2bf67-c6a2-5a5b-ae6e-b02bafd2e3b3,cc116256-a043-51f8-91f1-72852fc3dd25,FC005077,서점 바람길,기타(비공연장),서울특별시 중랑구 동일로114길 9 (상봉동),,37.5933680,127.0809230,valid,KR,Asia/Seoul,,,,1,,,"[""https://www.instagram.com/baramgilbooks""]",false,false,false,false,false,false,false,false,false,false,2026-09-23 17:00:15.071421+00,,2026-09-24 02:00:17.21355+00,2026-09-24 02:00:17.21355+00,1
4402cbdb-5161-5f00-ac67-b38999daf6f6,cc116256-a043-51f8-91f1-72852fc3dd25,FC005026,삼세영 갤러리,기타(비공연장),서울특별시 종로구 평창44길 2 (평창동),,37.6136260,126.9782750,valid,KR,Asia/Seoul,,,,1,,,[],false,false,false,false,false,false,false,false,false,false,2026-09-24 04:20:08.153889+00,,2026-09-25 02:50:17.102193+00,2026-09-25 02:50:17.102193+00,1
44961ee7-dec1-5ad0-b3f2-09ba9ce20218,cc116256-a043-51f8-91f1-72852fc3dd25,FC000576,NH아트홀,민간(대학로 외),서울특별시 중구 통일로 120 (충정로1가),,37.5658125,126.9675261,valid,KR,Asia/Seoul,,,2011,1,406,02-3143-5959,"[""http://www.fanta-stick.co.kr/kor/fs1.html""]",false,false,false,false,false,true,true,false,true,false,2026-09-24 04:40:10.638171+00,,2026-09-25 02:50:17.102193+00,2026-09-25 02:50:17.102193+00,1
4497e0d6-28b6-5648-a7e7-d9d5b5441437,cc116256-a043-51f8-91f1-72852fc3dd25,FC001536,충남도청 문예회관,공공(문예회관),충청남도 예산군 삽교읍 도청대로 600,,36.6811150,126.6710119,valid,KR,Asia/Seoul,,,2012,1,836,041-635-3815,"[""https://www.chungnam.go.kr/art.do""]",true,true,true,false,false,true,true,true,true,true,2026-09-23 22:50:06.747278+00,,2026-09-16 06:14:28.979553+00,2026-09-24 02:01:39.338769+00,2
45f9e0de-0e18-5353-83e0-d10424341699,cc116256-a043-51f8-91f1-72852fc3dd25,FC000204,수성아트피아,공공(문예회관),대구광역시 수성구 무학로 180 (지산동),,35.8295426,128.6284150,valid,KR,Asia/Seoul,,,2007,3,1460,053-666-3300,"[""http://www.ssartpia.kr""]",false,false,false,false,false,true,true,true,false,false,2026-09-24 16:40:08.501264+00,,2026-09-25 02:50:17.102193+00,2026-09-25 02:50:17.102193+00,1
4612291e-57bb-5d56-9f7e-bb5acda59736,cc116256-a043-51f8-91f1-72852fc3dd25,FC000711,김해 장유문화센터,공공(기타),경상남도 김해시 대청로176번길 7 (대청동),,35.1914593,128.7969708,valid,KR,Asia/Seoul,,,2002,1,333,055-330-7451,"[""https://lib.gimhae.go.kr/jangyu.web""]",false,false,false,false,false,true,false,false,false,false,2026-09-23 17:10:06.617925+00,,2026-09-24 02:00:17.21355+00,2026-09-24 02:00:17.21355+00,1
461945fd-8c94-596d-9303-ae3106668b2b,cc116256-a043-51f8-91f1-72852fc3dd25,FC001197,의성문화회관,공공(문예회관),경상북도 의성군 의성읍 충효로 88,,36.3554517,128.7027348,valid,KR,Asia/Seoul,,,2000,1,998,054-830-6931,"[""https://www.usc.go.kr/tour/sights/detail.tc?idx=27""]",false,false,false,false,false,true,true,true,true,true,2026-09-24 02:00:10.867971+00,,2026-09-24 02:00:17.21355+00,2026-09-24 02:00:17.21355+00,1
467356e4-0565-597b-8fd1-66640ca748a0,cc116256-a043-51f8-91f1-72852fc3dd25,FC001308,영주시민회관,공공(문예회관),경상북도 영주시 선비로 213 (영주동),,36.8230344,128.6170240,valid,KR,Asia/Seoul,,,1984,1,490,054-634-3124,[],false,false,false,false,false,true,true,true,true,true,2026-09-24 05:00:02.930369+00,,2026-09-25 02:50:17.102193+00,2026-09-25 02:50:17.102193+00,1
4702147b-7550-5ed3-b781-ac6e2ec8d126,cc116256-a043-51f8-91f1-72852fc3dd25,FC001246,BNK부산은행 조은극장,민간(대학로 외),부산광역시 중구 구덕로34번길 4 (남포동2가),,35.0983004,129.0323253,valid,KR,Asia/Seoul,,,2009,3,572,00-1588-2757,"[""http://www.gp-gp.co.kr/""]",false,false,false,false,false,false,false,false,true,true,2026-09-23 21:00:07.022666+00,,2026-09-24 02:00:17.21355+00,2026-09-24 02:00:17.21355+00,1
47145a20-f41e-5521-9736-01ebef962b93,cc116256-a043-51f8-91f1-72852fc3dd25,FC001841,파라다이스시티,민간(대학로 외),인천광역시 중구 영종해안남로321번길 186 (운서동),,37.4335451,126.4592002,valid,KR,Asia/Seoul,,,2014,4,1820,00-1833-8855,"[""https://www.p-city.com/front/facility?SC_MENU_CATE=Meeting&M1=MEW&M2=ME""]",true,true,false,false,false,true,true,true,false,true,2026-09-24 04:30:10.679184+00,,2026-09-25 02:50:17.102193+00,2026-09-25 02:50:17.102193+00,1
4789be84-d842-548c-9720-b0ee735ce292,cc116256-a043-51f8-91f1-72852fc3dd25,FC001224,"플렉스라운지 (구. 스테이라운지, 구. 인디팍)",민간(대학로 외),서울특별시 마포구 양화로 100-10 (서교동),,37.5524844,126.9189927,valid,KR,Asia/Seoul,,,2015,1,150,010-7702-0100,"[""https://flexlounge2015.modoo.at/?link=5p1mbfuc""]",false,false,false,false,false,true,false,false,false,false,2026-09-23 21:50:12.672333+00,,2026-09-24 02:00:17.21355+00,2026-09-24 02:00:17.21355+00,1
47da5a7c-567a-58e2-a541-747ed2154c0a,cc116256-a043-51f8-91f1-72852fc3dd25,FC001263,전주한벽문화관,공공(문예회관),전라북도 전주시 완산구 전주천동로 20 - 0 전통문화센터,,35.8119872,127.1584930,valid,KR,Asia/Seoul,,,2002,4,774,063-280-7000,"[""http://www.jt.or.kr/""]",false,false,false,false,false,true,true,true,false,true,2026-09-24 00:00:16.836301+00,,2026-09-24 02:00:17.21355+00,2026-09-24 02:00:17.21355+00,1
47fb4c64-87f6-5613-84fe-db5d17ef653d,cc116256-a043-51f8-91f1-72852fc3dd25,FC004065,수원문화원 (빛누리아트홀),민간(대학로 외),경기도 수원시 권선구 호매실로 237 (호매실동),,37.2653772,126.9569357,valid,KR,Asia/Seoul,,,,1,499,,[],false,false,false,false,false,false,false,false,false,false,2026-09-23 20:30:13.045565+00,,2026-09-24 02:00:17.21355+00,2026-09-24 02:00:17.21355+00,1
48c721c7-6e02-5907-b309-c95c9d2805ba,cc116256-a043-51f8-91f1-72852fc3dd25,FC002973,아르디ys아트홀,민간(대학로 외),경상남도 양산시 물금읍 증산역로 163,,35.3094950,129.0077204,valid,KR,Asia/Seoul,,,,1,80,,"[""https://ardi.modoo.at/""]",false,false,false,false,false,false,false,false,false,false,2026-09-25 00:20:02.258197+00,,2026-09-16 06:14:28.979553+00,2026-09-25 03:53:58.236199+00,2
4ae618b8-1f11-528d-92c8-d986a5e7f139,cc116256-a043-51f8-91f1-72852fc3dd25,FC004391,매키탄 호텔,민간(대학로 외),서울특별시 중구 퇴계로 212 (필동2가),,37.5610813,126.9953564,valid,KR,Asia/Seoul,,,,2,,,[],false,false,false,false,false,false,false,false,false,false,2026-09-24 01:00:04.593295+00,,2026-09-24 02:00:17.21355+00,2026-09-24 02:00:17.21355+00,1
4b133925-09c8-55fc-9c0e-cf6d1cd931e4,cc116256-a043-51f8-91f1-72852fc3dd25,FC003568,인천문화양조장,민간(대학로 외),인천광역시 동구 서해대로513번길 15 (창영동),,,,unknown,,,,,,1,,032-422-8630,"[""https://spacebeam.net/brewery-space-guide""]",false,false,false,false,false,false,false,false,false,false,2026-09-23 22:50:17.152028+00,,2026-09-24 02:00:17.21355+00,2026-09-24 02:00:17.21355+00,1
4bc07aab-9610-51f4-b4f1-061bcc5ce4c9,cc116256-a043-51f8-91f1-72852fc3dd25,FC002120,롯데백화점 [영등포],민간(대학로 외),서울특별시 영등포구 경인로 846 (영등포동 618-496),,37.5648082,126.9810886,valid,KR,Asia/Seoul,,,,1,374,02-771-2500,"[""https://www.lotteshopping.com/branchShopGuide/storeInfoSub?cstrCd=0010&brndCd=B220104&cstrShopNo=SHP00000000000000030&flrCd=10""]",true,true,true,false,true,true,true,true,true,true,2026-09-23 21:50:16.943301+00,,2026-09-16 06:14:28.979553+00,2026-09-24 02:01:39.338769+00,2
4be12198-9bb9-53ab-9db9-015d160ab8ab,cc116256-a043-51f8-91f1-72852fc3dd25,FC001920,해바라기소극장 [부산],민간(대학로 외),부산광역시 남구 용소로13번길 30 (대연동),,35.1367693,129.1022655,valid,KR,Asia/Seoul,,,,1,119,00-1600-1716,[],false,false,false,false,false,false,false,false,false,false,2026-09-24 06:30:08.652512+00,,2026-09-25 02:50:17.102193+00,2026-09-25 02:50:17.102193+00,1
4bf2bc8a-bda4-5b16-b447-6dc0ad250fed,cc116256-a043-51f8-91f1-72852fc3dd25,FC001685,강동문화복지회관,공공(문예회관),경상북도 구미시 인동가산로 392 (구평동) 강동문화복지회관,,36.0904747,128.4549330,valid,KR,Asia/Seoul,,,2017,3,1217,054-480-2990,"[""http://www.gumi.go.kr/artsgd/contents.do?mId=0104040000""]",false,true,false,false,false,true,true,true,true,true,2026-09-24 15:40:19.05478+00,,2026-09-16 06:14:28.979553+00,2026-09-25 03:53:58.236199+00,2
4c04b76e-bc13-538a-b70f-dbf6e72b157f,cc116256-a043-51f8-91f1-72852fc3dd25,FC001398,보성군문화예술회관,공공(문예회관),전남광주통합특별시 보성군 보성읍 송재로 281-9,,34.7778023,127.0880658,valid,KR,Asia/Seoul,,,2015,1,497,061-850-8660,"[""http://www.boseong.go.kr/art""]",false,false,false,false,true,true,true,true,true,true,2026-09-23 23:00:06.877959+00,,2026-09-24 02:00:17.21355+00,2026-09-24 02:00:17.21355+00,1
4d0f70c4-1f1f-5875-9bd9-5bb4b91b25cf,cc116256-a043-51f8-91f1-72852fc3dd25,FC001379,"아루또소극장 (구. 소담소극장, 구. 코메디컬센터)",민간(대학로),서울특별시 종로구 대학로8가길 48 (동숭동),,37.5828996,127.0024036,valid,KR,Asia/Seoul,,,2017,1,97,02-6012-2511,[],false,false,false,false,false,false,false,false,false,false,2026-09-24 00:10:14.948182+00,,2026-09-24 02:00:17.21355+00,2026-09-24 02:00:17.21355+00,1
4d4ccf88-a888-5316-ac9b-6e4d85d1b999,cc116256-a043-51f8-91f1-72852fc3dd25,FC003948,제천예술의전당,공공(문예회관),충청북도 제천시 동명로 77 (명동),,37.1356797,128.2083233,valid,KR,Asia/Seoul,,,2024,1,799,043-641-5520,"[""https://www.jecheon.go.kr/jcac""]",false,true,false,false,false,true,false,false,false,false,2026-09-24 03:10:12.981992+00,,2026-09-16 06:14:28.979553+00,2026-09-24 03:25:06.778885+00,2
4d6863b1-cba9-5bf5-9386-f60bc2252c2b,cc116256-a043-51f8-91f1-72852fc3dd25,FC002061,우리소극장 [의정부],민간(대학로 외),경기도 의정부시 용민로 483 (민락동),,37.7507781,127.1181088,valid,KR,Asia/Seoul,,,2020,1,50,010-3954-5899,"[""https://woorihall.modoo.at/""]",false,true,true,false,false,true,true,true,false,false,2026-09-24 17:50:06.223384+00,,2026-09-16 06:14:28.979553+00,2026-09-25 03:53:58.236199+00,2
4d8c9172-d970-57dd-bf08-f730d23b5cf9,cc116256-a043-51f8-91f1-72852fc3dd25,FC000118,동탄복합문화센터 반석아트홀,공공(문예회관),경기도 화성시 노작로 134 (반송동),,37.2006588,127.0739123,valid,KR,Asia/Seoul,,,2011,2,1155,00-1588-5234,"[""https://www.hcf.or.kr/hdmc/121""]",false,true,false,false,false,true,true,true,false,true,2026-09-23 23:30:06.934427+00,,2026-09-24 02:00:17.21355+00,2026-09-24 02:00:17.21355+00,1
4df8c267-6080-596b-9d06-4b43f446862e,cc116256-a043-51f8-91f1-72852fc3dd25,FC000649,장안구민회관 한누리아트홀,공공(기타),경기도 수원시 장안구 송원로 101 (조원동),,37.3039008,127.0101682,valid,KR,Asia/Seoul,,,2006,1,499,031-240-3000,"[""https://www.suwonudc.co.kr/jacc/PageLink.do""]",false,true,false,true,false,true,true,true,true,false,2026-09-23 17:00:12.964732+00,,2026-09-24 02:00:17.21355+00,2026-09-24 02:00:17.21355+00,1
4e7950eb-0439-505c-a48f-75bc12fd2cea,cc116256-a043-51f8-91f1-72852fc3dd25,FC002928,야기스튜디오,민간(대학로 외),서울특별시 강남구 헌릉로569길 37(세곡동),,37.4668167,127.0976059,valid,KR,Asia/Seoul,,,,1,,02-554-0171,"[""https://www.yagi.co.kr/""]",false,false,false,false,false,true,false,false,false,false,2026-09-24 18:00:07.132362+00,,2026-09-16 06:14:28.979553+00,2026-09-25 03:53:58.236199+00,2
4ed2798c-f20f-5e0c-8a90-6201d4abb79f,cc116256-a043-51f8-91f1-72852fc3dd25,FC000415,공주문예회관,공공(문예회관),충청남도 공주시 고마나루길 5 (웅진동),,36.4600328,127.1114038,valid,KR,Asia/Seoul,,,1990,2,735,041-840-2180,"[""http://acc.gongju.go.kr/""]",false,true,false,true,false,true,true,false,true,false,2026-09-23 18:30:16.875835+00,,2026-09-24 02:00:17.21355+00,2026-09-24 02:00:17.21355+00,1
4ed804cc-5f77-50f9-963f-f779ca096ff7,cc116256-a043-51f8-91f1-72852fc3dd25,FC001716,명동대성당,기타(비공연장),서울특별시 중구 명동길 74 (명동2가) 명동성당,,37.5631770,126.9873604,valid,KR,Asia/Seoul,,,2017,3,676,02-774-1784,"[""http://www.mdsd.or.kr/""]",false,false,false,false,false,true,false,false,false,false,2026-09-24 02:50:17.128443+00,,2026-09-24 03:20:17.345552+00,2026-09-24 03:20:17.345552+00,1
4f06998a-95da-5ae8-902c-6287d49f8060,cc116256-a043-51f8-91f1-72852fc3dd25,FC004124,신도시,기타(비공연장),서울특별시 중구 을지로11길 31 (수표동),,37.5678117,126.9907362,valid,KR,Asia/Seoul,,,,1,,070-4141-1124,[],false,false,false,false,false,false,false,false,false,false,2026-09-24 05:40:04.648489+00,,2026-09-25 02:50:17.102193+00,2026-09-25 02:50:17.102193+00,1
4f527f46-9f61-5dd6-9fb3-0204b59ba047,cc116256-a043-51f8-91f1-72852fc3dd25,FC000867,서라벌문화회관,공공(문예회관),경상북도 경주시 금성로 236 (사정동),,35.8384087,129.2076376,valid,KR,Asia/Seoul,,,1979,1,494,054-779-8930,[],false,false,false,false,false,true,false,false,false,false,2026-09-24 16:10:08.885001+00,,2026-09-25 02:50:17.102193+00,2026-09-25 02:50:17.102193+00,1
4f70d76e-cca9-5938-8570-24b229dc98c1,cc116256-a043-51f8-91f1-72852fc3dd25,FC001857,하하아트홀 (구. 성원아트홀),민간(대학로 외),부산광역시 강서구 명지오션시티4로 88 (명지동),,35.0830421,128.9036133,valid,KR,Asia/Seoul,,,2018,1,174,00-1899-5435,"[""http://www.sungwonarthall.co.kr/""]",false,true,false,false,false,true,false,false,false,false,2026-09-24 15:50:17.578371+00,,2026-09-25 02:50:17.102193+00,2026-09-25 02:50:17.102193+00,1
4f764565-c998-563c-a171-f9e9a3088387,cc116256-a043-51f8-91f1-72852fc3dd25,FC000412,계룡문화예술의전당,공공(문예회관),충청남도 계룡시 엄사면 문화1로 13,,36.2729241,127.2341481,valid,KR,Asia/Seoul,,,2011,2,918,042-840-3707,"[""http://ac.gyeryong.go.kr/html/kr/index.html""]",false,false,false,false,false,true,true,false,false,false,2026-09-24 01:30:02.877548+00,,2026-09-24 02:00:17.21355+00,2026-09-24 02:00:17.21355+00,1
4f840bc5-98fd-5f31-a7ca-d584be318a0c,cc116256-a043-51f8-91f1-72852fc3dd25,FC000057,용인포은아트홀,공공(문예회관),경기도 용인시 수지구 포은대로 499 (죽전동),,37.3256631,127.1046948,valid,KR,Asia/Seoul,,,2012,1,1259,031-260-3351,"[""http://yicf.or.kr/main/?skin=guide010101.htm""]",false,false,false,false,false,true,true,true,true,true,2026-09-23 17:40:03.990718+00,,2026-09-16 06:14:28.979553+00,2026-09-24 02:01:39.338769+00,2
4fc67823-2e66-5494-8df6-abcc56811bfa,cc116256-a043-51f8-91f1-72852fc3dd25,FC000059,영등포아트홀,공공(문예회관),서울특별시 영등포구 국회대로 596 (당산동3가),,37.5260380,126.9000890,valid,KR,Asia/Seoul,,,2009,1,526,02-2670-4024,[],false,false,false,false,false,true,true,true,true,true,2026-09-23 17:20:10.674848+00,,2026-09-24 02:00:17.21355+00,2026-09-24 02:00:17.21355+00,1
50363ce4-d344-51d9-9f7d-04cfcbb1a579,cc116256-a043-51f8-91f1-72852fc3dd25,FC001218,드림시어터 [대학로],민간(대학로),서울특별시 종로구 대학로10길 15 - 11,,37.5822206,127.0027636,valid,KR,Asia/Seoul,,,2012,1,126,010-3749-0221,"[""https://bulltheatre.modoo.at/?link=cb6i15sg""]",false,false,false,false,false,false,false,false,false,false,2026-09-24 17:40:10.443778+00,,2026-09-25 02:50:17.102193+00,2026-09-25 02:50:17.102193+00,1
50765f34-9cdc-5c79-ba17-6ecae55b728f,cc116256-a043-51f8-91f1-72852fc3dd25,FC001142,R&J씨어터(구. 연진아트홀),민간(대학로),서울특별시 종로구 낙산길 14 (동숭동),,37.5802937,127.0052653,valid,KR,Asia/Seoul,,,2006,1,127,02-747-1912,[],false,false,false,false,false,false,false,false,false,false,2026-09-23 22:30:14.6021+00,,2026-09-24 02:00:17.21355+00,2026-09-24 02:00:17.21355+00,1
50a69ba0-af4e-5f6b-a089-c4228fd66031,cc116256-a043-51f8-91f1-72852fc3dd25,FC000065,한국문화의집 KOUS,공공(기타),서울특별시 강남구 테헤란로92길 12-9 (대치동),,37.5067845,127.0604609,valid,KR,Asia/Seoul,,,2003,1,230,02-3011-1788,[],false,false,false,false,false,true,false,false,false,false,2026-09-23 18:30:10.579253+00,,2026-09-24 02:00:17.21355+00,2026-09-24 02:00:17.21355+00,1
51e02b59-60de-5402-a3c1-732b5c30a295,cc116256-a043-51f8-91f1-72852fc3dd25,FC000185,상상아트홀 [대전],민간(대학로 외),대전광역시 중구 대종로505번길 28(선화동),,36.3288066,127.4234165,valid,KR,Asia/Seoul,,,2011,1,130,00-1899-4429,"[""http://cafe.daum.net/sangsanghall""]",false,false,false,false,false,false,false,false,false,false,2026-09-23 23:40:08.496376+00,,2026-09-16 06:14:28.979553+00,2026-09-24 02:01:39.338769+00,2
52053923-b9ce-5c4f-a3df-a5707d0d7227,cc116256-a043-51f8-91f1-72852fc3dd25,FC004208,브이씨어터,민간(대학로),서울특별시 종로구 혜화로 18 (혜화동),,37.5871701,127.0001984,valid,KR,Asia/Seoul,,,,1,,,[],false,false,false,false,false,false,false,false,false,false,2026-09-24 19:30:02.984021+00,,2026-09-16 06:14:28.979553+00,2026-09-25 03:53:58.236199+00,2
5236c8a2-1213-5bdb-a69a-19e89af969c3,cc116256-a043-51f8-91f1-72852fc3dd25,FC004889,남극장(NAM THEATER),기타(비공연장),서울특별시 관악구 관악로14나길 13 (봉천동),,37.4774330,126.9574410,valid,KR,Asia/Seoul,,,,1,,,"[""https://www.instagram.com/namtheater/""]",false,false,false,false,false,false,false,false,false,false,2026-09-24 18:20:10.57142+00,,2026-09-25 02:50:17.102193+00,2026-09-25 02:50:17.102193+00,1
525a750a-588c-5f80-9f2e-c04bb81b2143,cc116256-a043-51f8-91f1-72852fc3dd25,FC000517,경주예술의전당,공공(문예회관),경상북도 경주시 알천북로 1 (황성동),,35.8625869,129.2058652,valid,KR,Asia/Seoul,,,2010,6,3184,054-777-2949,"[""https://garts.kr/index.do""]",false,true,false,false,true,true,true,true,true,true,2026-09-24 15:50:11.144609+00,,2026-09-16 06:14:28.979553+00,2026-09-25 03:53:58.236199+00,2
52644074-067e-58c2-a796-df88c9c0b275,cc116256-a043-51f8-91f1-72852fc3dd25,FC002183,카페 언플러그드,기타(비공연장),서울특별시 마포구 와우산로33길 26 (서교동),,37.5555046,126.9292123,valid,KR,Asia/Seoul,,,,1,60,070-4200-9251,"[""https://www.facebook.com/cafeunplugged.music""]",false,true,false,false,false,false,false,false,false,false,2026-09-24 16:50:04.704616+00,,2026-09-25 02:50:17.102193+00,2026-09-25 02:50:17.102193+00,1
52a93a0b-07ce-5f4b-b936-edcb1f2ecc0c,cc116256-a043-51f8-91f1-72852fc3dd25,FC001306,광주남구문화예술회관,공공(문예회관),전남광주통합특별시 남구 봉선로 208 (봉선동),,35.1221068,126.9079579,valid,KR,Asia/Seoul,,,2003,1,402,062-670-5060,"[""http://www.nglcc.kr/""]",true,true,false,false,false,true,true,true,false,true,2026-09-24 15:40:14.729906+00,,2026-09-25 02:50:17.102193+00,2026-09-25 02:50:17.102193+00,1
52ae36f2-f01c-5601-b858-506d2d5d00f9,cc116256-a043-51f8-91f1-72852fc3dd25,FC001236,예스24 스테이지(구. DCF대명문화공장),민간(대학로),서울특별시 종로구 대학로12길 21 (동숭동),,37.5827158,127.0032484,valid,KR,Asia/Seoul,,,2014,3,962,02-742-9637,"[""https://yes24stage.com/""]",false,false,false,false,false,true,false,false,false,false,2026-09-23 20:50:18.135605+00,,2026-09-24 02:00:17.21355+00,2026-09-24 02:00:17.21355+00,1
52b408eb-a7ca-58d7-b724-456d64c50a56,cc116256-a043-51f8-91f1-72852fc3dd25,FC004339,국악전용극장 잔치마당,민간(대학로 외),인천광역시 부평구 마장로 24 (십정동),,37.4810211,126.7098701,valid,KR,Asia/Seoul,,,,1,100,032-501-1454,[],false,false,false,false,false,false,false,false,false,false,2026-09-24 18:20:14.798723+00,,2026-09-25 02:50:17.102193+00,2026-09-25 02:50:17.102193+00,1
52cb629e-7bb0-5f46-b1a1-51a08f630ca2,cc116256-a043-51f8-91f1-72852fc3dd25,FC003622,휘게홀,민간(대학로 외),전라북도 전주시 덕진구 와룡로 30 (송천동2가),,35.8622454,127.1122952,valid,KR,Asia/Seoul,,,,1,50,,[],false,false,false,false,false,false,false,false,false,false,2026-09-23 20:40:10.928542+00,,2026-09-24 02:00:17.21355+00,2026-09-24 02:00:17.21355+00,1
52f33a24-ff64-509c-b866-d8b9cf74c426,cc116256-a043-51f8-91f1-72852fc3dd25,FC003092,숲세권 라이브,기타(비공연장),서울특별시 영등포구 도림로126길 1 (문래동3가),,37.5139790,126.8965070,valid,KR,Asia/Seoul,,,,1,,070-1369-1992,[],false,false,false,false,false,false,false,false,false,false,2026-09-24 01:40:02.295122+00,,2026-09-24 02:00:17.21355+00,2026-09-24 02:00:17.21355+00,1
53af16cb-7e1f-5f5e-bc87-70b9c348e7c4,cc116256-a043-51f8-91f1-72852fc3dd25,FC000743,광양시문화예술회관,공공(문예회관),전남광주통합특별시 광양시 광양읍 향교길 9-30,,34.9799827,127.5875892,valid,KR,Asia/Seoul,,,1996,2,679,061-797-2529,"[""http://www.gwangyang.go.kr/tour_culture/index.gwangyang?menuCd=DOM_000000409001002001""]",false,false,false,false,false,true,true,false,true,false,2026-09-24 04:20:01.983459+00,,2026-09-16 06:14:28.979553+00,2026-09-25 03:53:58.236199+00,2
54644579-6c81-56bc-84c4-1849d7b65b63,cc116256-a043-51f8-91f1-72852fc3dd25,FC000062,백암아트홀,민간(대학로 외),서울특별시 강남구 테헤란로113길 7 (삼성동),,37.5103488,127.0659625,valid,KR,Asia/Seoul,,,2004,1,417,02-559-1333,"[""http://www.baekamhall.com/""]",false,false,false,false,false,true,true,false,false,true,2026-09-23 20:40:02.708498+00,,2026-09-24 02:00:17.21355+00,2026-09-24 02:00:17.21355+00,1
555238b9-fded-5b8c-9476-5b6227452fcd,cc116256-a043-51f8-91f1-72852fc3dd25,FC002062,쌀롱드무지끄,민간(대학로 외),서울특별시 종로구 창의문로 129 (부암동),,37.5923644,126.9659950,valid,KR,Asia/Seoul,,,2019,1,20,010-8826-8364,"[""https://salondemusique.modoo.at/""]",false,false,false,false,false,false,false,false,false,false,2026-09-24 00:40:15.033542+00,,2026-09-24 02:00:17.21355+00,2026-09-24 02:00:17.21355+00,1
55b3b5a1-ef4b-5e30-95d3-9c803b7c06ed,cc116256-a043-51f8-91f1-72852fc3dd25,FC003190,에이치아츠 (H-Art),민간(대학로 외),대구광역시 남구 현충로48길 19(대명동),,35.8527959,128.5844351,valid,KR,Asia/Seoul,,,2023,2,30,010-9468-5199,"[""https://onlyforyoujazz.modoo.at/""]",false,false,false,false,false,false,false,false,false,false,2026-09-24 16:40:10.614684+00,,2026-09-16 06:14:28.979553+00,2026-09-25 03:53:58.236199+00,2
55cc4505-1b04-5cbf-afa9-08e62ce9594d,cc116256-a043-51f8-91f1-72852fc3dd25,FC002777,후암스테이지,민간(대학로),서울특별시 종로구 대학로11길 23 (명륜4가),,37.5820588,127.0004181,valid,KR,Asia/Seoul,,,2003,2,230,,"[""https://m.cafe.daum.net/mimania""]",false,false,false,false,false,false,false,false,false,false,2026-09-24 03:10:06.616224+00,,2026-09-24 03:20:17.345552+00,2026-09-24 03:20:17.345552+00,1
55ebae2e-eb9b-596d-b97f-231f51690d16,cc116256-a043-51f8-91f1-72852fc3dd25,FC000382,티오엠씨어터(구. 문화공간필링),민간(대학로),서울특별시 종로구 대학로8가길 85 (동숭동),,37.5822467,127.0037166,valid,KR,Asia/Seoul,,,2014,3,555,00-1544-8303,"[""http://www.towntom.com/""]",false,false,false,false,false,true,false,false,false,false,2026-09-23 18:30:14.791283+00,,2026-09-24 02:00:17.21355+00,2026-09-24 02:00:17.21355+00,1
55fb0ae9-9ffc-5492-93ce-9a48d8e9fe8d,cc116256-a043-51f8-91f1-72852fc3dd25,FC000435,예산문예회관,공공(문예회관),충청남도 예산군 예산읍 아리랑로 185-14,,36.6853620,126.8496174,valid,KR,Asia/Seoul,,,1993,1,510,041-339-8211,"[""http://public.yesan.go.kr/public/sub03_02.do""]",false,false,false,false,false,true,true,true,true,false,2026-09-23 18:50:10.826368+00,,2026-09-24 02:00:17.21355+00,2026-09-24 02:00:17.21355+00,1
56521b92-db7a-5b8b-8301-8efb10b35c17,cc116256-a043-51f8-91f1-72852fc3dd25,FC002854,초록씨어터,민간(대학로),서울특별시 종로구 대학로 128(동숭동),,37.5827051,127.0021572,valid,KR,Asia/Seoul,,,,1,160,070-4870-1931,"[""https://parangtheatre.modoo.at/""]",false,false,false,false,false,false,false,false,false,false,2026-09-24 06:30:06.592623+00,,2026-09-25 02:50:17.102193+00,2026-09-25 02:50:17.102193+00,1
5667d3cb-a055-56da-aa3e-7a6655ec2125,cc116256-a043-51f8-91f1-72852fc3dd25,FC002679,청주대학교,기타(비공연장),충청북도 청주시 청원구 대성로 298 (내덕동),,36.6508565,127.4951991,valid,KR,Asia/Seoul,,,,2,,043-229-8114,"[""https://www.cju.ac.kr/www/index.do""]",false,false,false,false,false,true,false,false,false,false,2026-09-24 06:00:06.082166+00,,2026-09-16 06:14:28.979553+00,2026-09-25 03:53:58.236199+00,2
57370196-4961-57cf-9792-0a595823c1d6,cc116256-a043-51f8-91f1-72852fc3dd25,FC001075,KNN시어터,민간(대학로 외),부산광역시 해운대구 센텀서로 30 KNN타워,,35.1736900,129.1269010,valid,KR,Asia/Seoul,,,2014,1,280,051-664-7880,"[""https://www.instagram.com/knntheater.official/""]",false,false,false,false,false,true,true,true,true,true,2026-09-24 03:20:13.168733+00,,2026-09-16 06:14:28.979553+00,2026-09-24 03:25:06.778885+00,2
577fcad6-8032-5c55-8470-d66dbdc32da7,cc116256-a043-51f8-91f1-72852fc3dd25,FC000676,원주백운아트홀,공공(문예회관),강원도 원주시 시청로 1 (무실동),,37.3418293,127.9194676,valid,KR,Asia/Seoul,,,2007,1,962,033-737-3820,"[""http://www.wonju.go.kr/baekunart/contents.do?key=630""]",false,false,false,false,false,true,true,true,true,false,2026-09-23 18:40:03.08473+00,,2026-09-24 02:00:17.21355+00,2026-09-24 02:00:17.21355+00,1
57cb9be4-fd28-5239-a54f-85b20b26b616,cc116256-a043-51f8-91f1-72852fc3dd25,FC001393,여우별아트홀,민간(대학로 외),대구광역시 중구 동성로3길 35 (삼덕동1가),,35.8669510,128.5972946,valid,KR,Asia/Seoul,,,2015,1,156,010-2875-1931,"[""https://foxstar.modoo.at/""]",false,false,false,false,false,true,false,false,false,false,2026-09-24 03:00:06.336978+00,,2026-09-16 06:14:28.979553+00,2026-09-24 03:25:06.778885+00,2
57f9053b-c32c-5979-bec3-5c245aa27a38,cc116256-a043-51f8-91f1-72852fc3dd25,FC005015,샤로수길 일대,공공(기타),서울특별시 관악구 관악로14길 104 (봉천동),,37.4776940,126.9580660,valid,KR,Asia/Seoul,,,,1,,,[],false,false,false,false,false,false,false,false,false,false,2026-09-24 15:30:15.398438+00,,2026-09-25 02:50:17.102193+00,2026-09-25 02:50:17.102193+00,1
57fcaabb-80bd-58eb-b8e0-669fd14ee1ec,cc116256-a043-51f8-91f1-72852fc3dd25,FC005025,인제문화원,공공(기타),강원특별자치도 인제군 인제읍 비봉로29번길 17,,38.0677690,128.1752290,valid,KR,Asia/Seoul,,,,1,,,"[""http://www.injeculture.org/""]",false,false,false,false,false,false,false,false,false,false,2026-09-24 04:10:17.184003+00,,2026-09-16 06:14:28.979553+00,2026-09-25 03:53:58.236199+00,2
585448a9-e925-5212-bb10-e7863a58e06c,cc116256-a043-51f8-91f1-72852fc3dd25,FC000885,성산아트홀,공공(문예회관),경상남도 창원시 성산구 중앙대로 181 (용호동),,35.2293871,128.6831193,valid,KR,Asia/Seoul,,,2000,2,2560,055-268-7900,"[""http://www.cwcf.or.kr/facility/facility_sungsan.asp""]",true,false,false,false,false,true,false,false,false,false,2026-09-24 01:50:08.716079+00,,2026-09-16 06:14:28.979553+00,2026-09-24 02:01:39.338769+00,2
5864fd44-a933-57b0-9bd5-598e8c1ccacf,cc116256-a043-51f8-91f1-72852fc3dd25,FC004156,어연히하우스,기타(비공연장),대구광역시 남구 중앙대로51길 129-1 (대명동),,35.8557069,128.5834116,valid,KR,Asia/Seoul,,,,1,,,"[""https://blog.naver.com/wofla5807""]",false,false,false,false,false,false,false,false,false,false,2026-09-24 03:30:09.322442+00,,2026-09-16 06:14:28.979553+00,2026-09-24 03:42:15.284487+00,2
58dbab70-52ba-55c5-ae55-780a9a47db16,cc116256-a043-51f8-91f1-72852fc3dd25,FC001106,소명아트홀 (구.메가폴리스아트홀),민간(대학로 외),충청북도 청주시 상당구 중앙로 30 (북문로2가),,36.6396573,127.4889033,valid,KR,Asia/Seoul,,,2023,1,112,043-222-1434,"[""http://somyung.modoo.at/""]",false,false,false,false,false,false,false,false,false,false,2026-09-24 03:40:02.708301+00,,2026-09-16 06:14:28.979553+00,2026-09-24 03:42:15.284487+00,2
59288a45-a4b5-5bac-aaa4-58971af3bd52,cc116256-a043-51f8-91f1-72852fc3dd25,FC000371,춘천문화예술회관,공공(문예회관),강원도 춘천시 효자상길5번길 13 (효자동),,37.8727557,127.7291882,valid,KR,Asia/Seoul,,,1993,2,940,033-259-5841,"[""http://www.cccf.or.kr/designer/skin/cafacility/cahallfacility.html""]",false,false,false,false,false,true,true,true,false,false,2026-09-23 19:20:02.581408+00,,2026-09-16 06:14:28.979553+00,2026-09-24 02:01:39.338769+00,2
597c59f5-0e1d-5340-ac0d-37f39559c352,cc116256-a043-51f8-91f1-72852fc3dd25,FC000282,대구학생문화센터,공공(기타),대구광역시 달서구 용산로 181 (용산동),,35.8530407,128.5294985,valid,KR,Asia/Seoul,,,2003,3,1600,053-231-1288,"[""https://www.dge.go.kr/dccs/main.do""]",false,true,false,false,false,true,false,false,false,false,2026-09-24 05:30:12.787151+00,,2026-09-25 02:50:17.102193+00,2026-09-25 02:50:17.102193+00,1
598c6c67-8f5c-5c1d-9b97-9db857f61105,cc116256-a043-51f8-91f1-72852fc3dd25,FC004317,모스크바홀,민간(대학로 외),서울특별시 서초구 효령로 242 (서초동),,37.4836706,127.0105919,valid,KR,Asia/Seoul,,,2025,1,50,,[],false,false,false,false,false,false,false,false,false,false,2026-09-24 06:30:12.850729+00,,2026-09-25 02:50:17.102193+00,2026-09-25 02:50:17.102193+00,1
598e8141-fb8c-5123-8108-7c04c61f91fc,cc116256-a043-51f8-91f1-72852fc3dd25,FC000323,대전평송청소년문화센터,공공(기타),대전광역시 서구 둔산대로 201 (만년동),,36.3656880,127.3915739,valid,KR,Asia/Seoul,,,1997,2,1105,042-480-1622,"[""http://www.pyoungsong.com/""]",true,true,false,false,false,true,false,false,false,false,2026-09-23 17:10:04.609369+00,,2026-09-16 06:14:28.979553+00,2026-09-24 02:01:39.338769+00,2
59979035-f676-543a-8648-9d6c74a3352f,cc116256-a043-51f8-91f1-72852fc3dd25,FC000664,용인문화예술원,공공(기타),경기도 용인시 처인구 중부대로 1199 (삼가동),,37.2406893,127.1791536,valid,KR,Asia/Seoul,,,2005,2,470,031-323-6371,"[""https://www.yicf.or.kr/PageLink.do""]",false,false,false,false,false,true,true,true,true,true,2026-09-24 00:30:17.251211+00,,2026-09-16 06:14:28.979553+00,2026-09-24 02:01:39.338769+00,2
5a45decc-05d3-5afb-9f9a-c6861dd4dc43,cc116256-a043-51f8-91f1-72852fc3dd25,FC000817,삼청각,기타(비공연장),서울특별시 성북구 대사관로 3,,37.5971435,126.9843235,valid,KR,Asia/Seoul,,,1972,1,150,02-765-3700,"[""http://www.samcheonggak.or.kr/index.asp""]",false,false,false,false,false,true,false,false,false,false,2026-09-24 00:20:06.309005+00,,2026-09-16 06:14:28.979553+00,2026-09-24 02:01:39.338769+00,2
5a6564ae-66b0-5772-9c92-a97465989c02,cc116256-a043-51f8-91f1-72852fc3dd25,FC000481,강진아트홀,공공(문예회관),전남광주통합특별시 강진군 강진읍 영랑로1길 9,,34.6381360,126.7705351,valid,KR,Asia/Seoul,,,2011,2,892,061-430-3973,"[""http://arthall.gangjin.go.kr/apps/""]",false,true,false,false,false,true,false,false,false,false,2026-09-23 19:10:12.778385+00,,2026-09-24 02:00:17.21355+00,2026-09-24 02:00:17.21355+00,1
5aa88d41-1ad2-5c3a-a2df-a1768eeaaa40,cc116256-a043-51f8-91f1-72852fc3dd25,FC001250,보라 아트홀(구. 지구인아트홀),민간(대학로),서울특별시 종로구 창경궁로 260 (명륜2가),,37.5843848,127.0005190,valid,KR,Asia/Seoul,,,2014,1,170,02-745-3641,[],false,true,false,false,false,false,false,false,false,false,2026-09-24 17:10:10.687849+00,,2026-09-25 02:50:17.102193+00,2026-09-25 02:50:17.102193+00,1
5aeaabed-27ca-57d7-9662-6c42c5cfac4f,cc116256-a043-51f8-91f1-72852fc3dd25,FC001066,북촌창우극장,민간(대학로 외),서울특별시 종로구 창덕궁길 29-6 (원서동),,37.5788675,126.9888445,valid,KR,Asia/Seoul,,,1993,1,100,02-747-3809,"[""https://bcchangwoo.modoo.at/""]",false,false,false,false,false,false,false,false,false,false,2026-09-24 18:20:08.442122+00,,2026-09-25 02:50:17.102193+00,2026-09-25 02:50:17.102193+00,1
5af0384f-d8ea-54cf-bdae-2464a494086e,cc116256-a043-51f8-91f1-72852fc3dd25,FC005073,원베일리 인바이트,기타(비공연장),"서울특별시 서초구 반포대로 333 (반포동, 래미안 원베일리)",,37.5065440,126.9987050,valid,KR,Asia/Seoul,,,,1,,,"[""https://www.instagram.com/p/DLTrrZVJG66/?hl=ko&img_index=2""]",false,false,false,false,false,false,false,false,false,false,2026-09-24 17:20:17.042197+00,,2026-09-25 02:50:17.102193+00,2026-09-25 02:50:17.102193+00,1
5b2e17b5-2f00-5c11-a88a-ed2d7a644b0c,cc116256-a043-51f8-91f1-72852fc3dd25,FC004402,언더시티 (UNDER CITY),민간(대학로 외),서울특별시 성동구 성수이로22길 61 (성수동2가),,37.5431482,127.0639071,valid,KR,Asia/Seoul,,,,1,,,"[""https://www.instagram.com/undercity_culture/""]",false,false,false,false,false,false,false,false,false,false,2026-09-23 15:40:11.972132+00,,2026-09-24 02:00:17.21355+00,2026-09-24 02:00:17.21355+00,1
5b71909d-c622-5003-a257-44ce13650176,cc116256-a043-51f8-91f1-72852fc3dd25,FC000878,거제문화예술회관,공공(문예회관),경상남도 거제시 장승로 145 (장승포동),,34.8671887,128.7239789,valid,KR,Asia/Seoul,,,2003,5,2043,055-680-1000,"[""http://www.geojeart.or.kr/""]",false,true,false,false,false,true,true,false,false,false,2026-09-23 17:00:06.804505+00,,2026-09-16 06:14:28.979553+00,2026-09-24 02:01:39.338769+00,2
5cf83e6f-efc2-5abd-913c-f7c4bf37bb22,cc116256-a043-51f8-91f1-72852fc3dd25,FC003408,한국문화테마파크,민간(대학로 외),경상북도 안동시 도산면 월천길 300,,36.6949489,128.8399520,valid,KR,Asia/Seoul,,,,1,,,[],false,false,false,false,false,false,false,false,false,false,2026-09-24 01:20:04.29303+00,,2026-09-24 02:00:17.21355+00,2026-09-24 02:00:17.21355+00,1
5cf8dad1-15d1-5c0e-b505-6fcfb612e043,cc116256-a043-51f8-91f1-72852fc3dd25,FC002877,세종예술의전당,공공(기타),세종특별자치시 국립박물관로 21(나성동),,36.4866708,127.2673677,valid,KR,Asia/Seoul,,,2022,6,1071,044-850-8921,"[""https://www.sjac.or.kr/""]",false,false,false,false,false,true,false,false,false,false,2026-09-23 19:50:16.475517+00,,2026-09-16 06:14:28.979553+00,2026-09-24 02:01:39.338769+00,2
5d1947ed-dafa-5f08-989d-ce418bb333c8,cc116256-a043-51f8-91f1-72852fc3dd25,FC003171,제나아트홀 (구. 룸씨어터),민간(대학로),서울특별시 종로구 대학로10길 12(동숭동) 지하1층,,37.5816149,127.0028075,valid,KR,Asia/Seoul,,,,1,204,,[],false,false,false,false,false,false,false,false,false,false,2026-09-24 06:20:13.222105+00,,2026-09-25 02:50:17.102193+00,2026-09-25 02:50:17.102193+00,1
5dd8d4c4-d457-598e-9a39-5b2ebbf846fa,cc116256-a043-51f8-91f1-72852fc3dd25,FC000584,함안문화예술회관,공공(문예회관),경상남도 함안군 가야읍 함안대로 619-1,,35.2832820,128.4012381,valid,KR,Asia/Seoul,,,2005,3,650,055-580-3608,"[""https://www.haman.go.kr/art.web""]",false,false,false,false,false,true,true,true,true,true,2026-09-23 19:20:10.697611+00,,2026-09-16 06:14:28.979553+00,2026-09-24 02:01:39.338769+00,2
5e27de2a-64d5-5652-bcae-6b6073a8c14e,cc116256-a043-51f8-91f1-72852fc3dd25,FC000375,태백문화예술회관,공공(문예회관),강원특별자치도 태백시 고원로 203 (황지동),,37.1719185,128.9880057,valid,KR,Asia/Seoul,,,2003,3,1605,033-552-1360,"[""http://www.taebaek.go.kr/www/contents.do?key=495""]",false,false,false,false,false,true,true,true,true,true,2026-09-24 01:50:02.487507+00,,2026-09-24 02:00:17.21355+00,2026-09-24 02:00:17.21355+00,1
5e57e2c8-6bfc-5f93-9e73-f4d45f33ddff,cc116256-a043-51f8-91f1-72852fc3dd25,FC002779,천안어린이꿈누리터 (구. 천안시 어린이 회관),공공(기타),충청남도 천안시 동남구 옛시청길 39 (문화동),,36.8066330,127.1511772,valid,KR,Asia/Seoul,,,,2,396,070-4944-0360,"[""https://www.cachildren.kr/kor/index.do""]",false,true,false,true,true,true,true,false,false,false,2026-09-24 03:50:04.522855+00,,2026-09-16 06:14:28.979553+00,2026-09-25 03:53:58.236199+00,2
5ea05876-89c2-5f4f-8953-8c30eb4b6a38,cc116256-a043-51f8-91f1-72852fc3dd25,FC005061,코오롱 야외음악당,공공(기타),대구광역시 달서구 야외음악당로 180 (두류동),,35.8510950,128.5561300,valid,KR,Asia/Seoul,,,,1,1080,,"[""https://daeguartscenter.or.kr/index.do?menu_id=00001548""]",false,false,false,false,false,false,false,false,false,false,2026-09-24 01:00:08.833479+00,,2026-09-24 02:00:17.21355+00,2026-09-24 02:00:17.21355+00,1
5eaf6a31-ada3-5b19-ab57-85fc8724f852,cc116256-a043-51f8-91f1-72852fc3dd25,FC001242,여수시민회관,공공(문예회관),전남광주통합특별시 여수시 좌수영로 69 (광무동),,34.7469581,127.7279227,valid,KR,Asia/Seoul,,,1987,1,960,061-659-3799,"[""https://www.yeosu.go.kr/www/sphere/culture/mn0401/mn0401-1""]",false,false,false,false,true,true,true,true,true,false,2026-09-23 22:40:04.214718+00,,2026-09-16 06:14:28.979553+00,2026-09-24 02:01:39.338769+00,2
5ef20a59-668d-5f9c-a1fe-70b2c20d42ea,cc116256-a043-51f8-91f1-72852fc3dd25,FC000416,지인시어터(구. 알과핵소극장),민간(대학로),서울특별시 종로구 동숭길 25 (동숭동),,37.5798541,127.0035752,valid,KR,Asia/Seoul,,,1998,1,176,02-745-8833,[],false,false,false,false,false,true,true,false,false,false,2026-09-24 00:20:16.734163+00,,2026-09-24 02:00:17.21355+00,2026-09-24 02:00:17.21355+00,1
5f125aeb-70dc-5294-9872-b936b2ac9c4e,cc116256-a043-51f8-91f1-72852fc3dd25,FC004616,펍지 성수(PUBG 성수),기타(비공연장),서울특별시 성동구 왕십리로4길 5 (성수동1가),,37.5458010,127.0455550,valid,KR,Asia/Seoul,,,,1,,,"[""https://www.instagram.com/pubg.seongsu/""]",false,false,false,false,false,false,false,false,false,false,2026-09-24 02:30:17.186281+00,,2026-09-16 06:14:28.979553+00,2026-09-24 03:25:06.778885+00,2
5fcb045b-5e9b-57d8-889e-d3e1e3ee024a,cc116256-a043-51f8-91f1-72852fc3dd25,FC000081,울산문화예술회관,공공(문예회관),울산광역시 남구 번영로 200 (달동),,35.5429378,129.3270899,valid,KR,Asia/Seoul,,,1995,3,2550,052-266-8282,"[""http://ucac.ulsan.go.kr/""]",false,false,false,false,false,true,true,true,true,true,2026-09-23 16:40:08.316728+00,,2026-09-16 06:14:28.979553+00,2026-09-24 02:01:39.338769+00,2
601ffa70-04e2-5a4e-b001-f03f0873a0b2,cc116256-a043-51f8-91f1-72852fc3dd25,FC000053,장성문화예술회관,공공(문예회관),전남광주통합특별시 장성군 장성읍 문화로 110,,35.3022066,126.7665501,valid,KR,Asia/Seoul,,,2011,2,883,061-390-7552,"[""https://www.jangseong.go.kr/home/www/openinfo/openinfo_15/""]",true,true,true,false,false,true,true,true,false,true,2026-09-23 21:10:10.743791+00,,2026-09-16 06:14:28.979553+00,2026-09-24 02:01:39.338769+00,2
60a2f822-7998-5754-9793-88aebee2ade6,cc116256-a043-51f8-91f1-72852fc3dd25,FC000419,씨어터조이 (구. 마당세실극장),민간(대학로),서울특별시 종로구 이화장길 78 (동숭동),,37.5786430,127.0046295,valid,KR,Asia/Seoul,,,1997,1,100,02-747-5773,[],false,false,false,false,false,false,false,false,false,false,2026-09-24 18:10:04.263246+00,,2026-09-25 02:50:17.102193+00,2026-09-25 02:50:17.102193+00,1
6134063d-dda8-5f01-86f5-6cd202d999e9,cc116256-a043-51f8-91f1-72852fc3dd25,FC004799,공간 서론,민간(대학로 외),서울특별시 성북구 동소문로 24 (동소문동2가),,37.5893810,127.0087810,valid,KR,Asia/Seoul,,,,1,50,,[],false,false,false,false,false,false,false,false,false,false,2026-09-23 23:20:02.731241+00,,2026-09-24 02:00:17.21355+00,2026-09-24 02:00:17.21355+00,1
61762203-7303-5fc2-aac5-1fd2bfa2e340,cc116256-a043-51f8-91f1-72852fc3dd25,FC000032,강북문화예술회관,공공(문예회관),서울특별시 강북구 삼각산로 85 (수유동),,37.6407764,127.0131584,valid,KR,Asia/Seoul,,,2001,2,839,02-944-8979,"[""https://www.gbcf.or.kr/""]",true,false,true,false,false,true,true,true,true,true,2026-09-23 20:10:04.551859+00,,2026-09-24 02:00:17.21355+00,2026-09-24 02:00:17.21355+00,1
61b66382-eeb8-5b89-b9b8-64600e9d07dd,cc116256-a043-51f8-91f1-72852fc3dd25,FC004422,아르코 꿈밭극장,국립,서울특별시 종로구 대학로12길 46 (동숭동),,37.5820420,127.0037310,valid,KR,Asia/Seoul,,,2024,3,219,02-3668-0007,"[""https://theater.arko.or.kr/""]",false,false,false,false,false,false,false,false,false,false,2026-09-23 23:00:15.306138+00,,2026-09-16 06:14:28.979553+00,2026-09-24 02:01:39.338769+00,2
632a0be6-74f6-53d6-87b8-91e60d9f57c7,cc116256-a043-51f8-91f1-72852fc3dd25,FC000196,대덕문화전당,공공(문예회관),대구광역시 남구 앞산순환로 478 (대명동),,35.8314679,128.5771147,valid,KR,Asia/Seoul,,,1998,1,536,053-664-3131,"[""http://nam.daegu.kr/culturalcenter/index.do?menu_id=00001563""]",false,true,false,false,false,true,true,false,true,false,2026-09-24 03:40:10.74018+00,,2026-09-16 06:14:28.979553+00,2026-09-24 03:42:15.284487+00,2
637613d3-57ff-5d94-bd9f-42a5fbeb0eb5,cc116256-a043-51f8-91f1-72852fc3dd25,FC000449,김제문화예술회관,공공(문예회관),전라북도 김제시 성산길 20 (교동),,35.8028856,126.8771935,valid,KR,Asia/Seoul,,,2009,2,718,063-540-4172,"[""http://art.gimje.go.kr/index.sko""]",false,false,false,false,false,true,true,true,true,false,2026-09-23 17:30:13.583389+00,,2026-09-24 02:00:17.21355+00,2026-09-24 02:00:17.21355+00,1
63cc6961-fe1b-52a0-b947-efb4fefb828a,cc116256-a043-51f8-91f1-72852fc3dd25,FC001860,김희수아트센터,민간(대학로 외),서울특별시 동대문구 홍릉로 118 (청량리동),,37.5905713,127.0429186,valid,KR,Asia/Seoul,,,2010,2,140,02-962-7911,"[""http://www.soorimcf.or.kr/index.html""]",false,true,false,false,false,true,true,false,false,false,2026-09-23 22:10:14.502011+00,,2026-09-24 02:00:17.21355+00,2026-09-24 02:00:17.21355+00,1
63ce0c6b-1882-50c4-ad25-93c469c3a0ee,cc116256-a043-51f8-91f1-72852fc3dd25,FC001552,동아백화점 아트홀,민간(대학로 외),대구광역시 중구 달구벌대로 2085 (덕산동),,35.8663137,128.5918474,valid,KR,Asia/Seoul,,,1997,1,124,053-251-3371,[],true,true,false,true,true,true,true,true,false,true,2026-09-24 02:10:13.501482+00,,2026-09-16 06:14:28.979553+00,2026-09-24 03:25:06.778885+00,2
63f45ccd-5739-52eb-ae6b-8d75ebc621da,cc116256-a043-51f8-91f1-72852fc3dd25,FC001337,천마아트센터,민간(대학로 외),경상북도 경산시 대학로 280 (대동),,35.8367325,128.7543680,valid,KR,Asia/Seoul,,,2008,2,2399,053-810-1527,"[""https://www.yu.ac.kr/cmac/index.do""]",true,true,false,false,false,true,true,true,true,true,2026-09-23 21:20:16.789516+00,,2026-09-16 06:14:28.979553+00,2026-09-24 02:01:39.338769+00,2
63fe0ff6-d956-5818-a9c2-8948cdfcb38a,cc116256-a043-51f8-91f1-72852fc3dd25,FC001764,솔가람아트홀,공공(문예회관),경기도 파주시 가람로116번길 170 (와동동),,37.7301182,126.7639205,valid,KR,Asia/Seoul,,,2014,1,300,031-950-1958,"[""https://www.pajucf.or.kr/""]",false,false,false,false,false,false,true,true,true,true,2026-09-24 16:10:15.319034+00,,2026-09-25 02:50:17.102193+00,2026-09-25 02:50:17.102193+00,1
640e1d98-5c0d-5aab-8b18-658595b5f9f0,cc116256-a043-51f8-91f1-72852fc3dd25,FC003460,사천세계아트서커스 (사천세계문화컨텐츠),민간(대학로 외),경상남도 사천시 노을길 146 (실안동),,34.9443346,128.0400005,valid,KR,Asia/Seoul,,,,1,480,,"[""http://www.sacheoncircus.co.kr/""]",false,false,false,false,false,true,false,false,false,false,2026-09-24 06:10:15.087921+00,,2026-09-16 06:14:28.979553+00,2026-09-25 03:53:58.236199+00,2
641b797f-0fb1-5dce-93b8-c24483b7dce5,cc116256-a043-51f8-91f1-72852fc3dd25,FC005067,연천 재인폭포 오토캠핑장,기타(비공연장),경기도 연천군 연천읍 현문로508번길 140,,38.0649320,127.1271830,valid,KR,Asia/Seoul,,,,1,,,"[""https://yccs.or.kr/pub/jeincamp_guide.do""]",false,false,false,false,false,false,false,false,false,false,2026-09-23 23:10:06.331119+00,,2026-09-24 02:00:17.21355+00,2026-09-24 02:00:17.21355+00,1
64541a35-c1da-52d1-91c8-68e9c238d1ca,cc116256-a043-51f8-91f1-72852fc3dd25,FC000808,과천시민회관,공공(문예회관),경기도 과천시 통영로 5 (중앙동),,37.4279091,126.9895045,valid,KR,Asia/Seoul,,,1995,2,1309,02-504-7300,"[""http://www.gccs.or.kr/dev_home/facilities/status.php""]",true,true,false,false,false,true,true,false,true,false,2026-09-24 00:40:12.85843+00,,2026-09-24 02:00:17.21355+00,2026-09-24 02:00:17.21355+00,1
645c0efd-660d-5fca-8a39-1de54996bf6b,cc116256-a043-51f8-91f1-72852fc3dd25,FC002589,성수 소극장(일루미 스튜디오),민간(대학로 외),서울특별시 성동구 성덕정길 135-1 (성수동2가),,37.5366733,127.0584054,valid,KR,Asia/Seoul,,,2019,1,90,02-6396-5785,"[""https://blog.naver.com/illumestudio""]",false,false,false,false,false,false,false,false,false,false,2026-09-24 04:40:08.516252+00,,2026-09-25 02:50:17.102193+00,2026-09-25 02:50:17.102193+00,1
64771ecd-b844-528e-a258-fb553bf9540b,cc116256-a043-51f8-91f1-72852fc3dd25,FC003640,여수월드서커스,민간(대학로 외),전남광주통합특별시 여수시 돌산읍 돌산로 2876,,34.6860406,127.7764878,valid,KR,Asia/Seoul,,,,1,100,,[],false,false,false,false,false,false,false,false,false,false,2026-09-24 19:20:13.254797+00,,2026-09-16 06:14:28.979553+00,2026-09-25 03:53:58.236199+00,2
647f0d3a-dbb3-5dca-bd2e-0f691539ebc2,cc116256-a043-51f8-91f1-72852fc3dd25,FC002634,예술가의 집,국립,서울특별시 종로구 동숭길 3 (동숭동),,37.5805023,127.0032562,valid,KR,Asia/Seoul,,,2010,3,110,02-760-4715,"[""https://arko.or.kr/infra/pm1_01/m2_07/m3_03.do""]",false,true,false,false,false,false,false,false,false,false,2026-09-24 17:50:10.416333+00,,2026-09-25 02:50:17.102193+00,2026-09-25 02:50:17.102193+00,1
6488164d-14e4-532a-ada0-238ee9f406b2,cc116256-a043-51f8-91f1-72852fc3dd25,FC002049,잠실학생체육관,공공(기타),서울특별시 송파구 올림픽로 25 (잠실동),,37.5164791,127.0729996,valid,KR,Asia/Seoul,,,1977,1,5400,02-422-2285,"[""https://ssg.sen.go.kr/fus/MI000000000000000383/html/cont0010v.do""]",false,false,true,false,false,true,true,true,true,false,2026-09-23 17:50:08.62145+00,,2026-09-24 02:00:17.21355+00,2026-09-24 02:00:17.21355+00,1
64d3ad41-ecf1-548c-8567-c2b29d4ec444,cc116256-a043-51f8-91f1-72852fc3dd25,FC002169,군산어린이공연장,공공(기타),전라북도 군산시 대학로 330 (나운동),,35.9645869,126.6930960,valid,KR,Asia/Seoul,,,2016,1,330,063-454-5743,[],false,false,false,false,false,true,true,false,true,false,2026-09-23 21:40:12.744187+00,,2026-09-24 02:00:17.21355+00,2026-09-24 02:00:17.21355+00,1
64e8bdfd-3511-5d82-a498-1eb9f78a9918,cc116256-a043-51f8-91f1-72852fc3dd25,FC004655,평택아트센터,공공(기타),경기도 평택시 고덕로 310 (고덕동),,37.0394620,127.0339680,valid,KR,Asia/Seoul,,,2026,2,1623,,[],false,false,false,false,false,false,false,false,false,false,2026-09-23 17:40:12.427724+00,,2026-09-16 06:14:28.979553+00,2026-09-24 02:01:39.338769+00,2
64f13ba0-3927-505f-9e7f-f2357ef782e3,cc116256-a043-51f8-91f1-72852fc3dd25,FC000826,GS칼텍스 예울마루,공공(문예회관),전남광주통합특별시 여수시 예울마루로 100 (시전동),,34.7498095,127.6649899,valid,KR,Asia/Seoul,,,2012,3,1323,00-1544-7669,"[""https://www.yeulmaru.org/""]",false,true,false,false,true,true,true,true,true,true,2026-09-24 16:40:14.899277+00,,2026-09-16 06:14:28.979553+00,2026-09-25 03:53:58.236199+00,2
652e611c-069c-5bc6-b050-54c1898fb47c,cc116256-a043-51f8-91f1-72852fc3dd25,FC003160,연세대학교 음악대학 체임버홀,민간(대학로 외),서울특별시 서대문구 연세로 50(신촌동),,37.5638064,126.9429309,valid,KR,Asia/Seoul,,,,1,144,02-2123-3022,"[""https://chamberhall.yonsei.ac.kr/chamberhall/index.do""]",false,false,false,false,false,true,false,false,false,false,2026-09-23 23:10:12.575504+00,,2026-09-16 06:14:28.979553+00,2026-09-24 02:01:39.338769+00,2
65e0a471-cb06-5d9e-b7fa-0b3b4757813e,cc116256-a043-51f8-91f1-72852fc3dd25,FC000477,한국소리문화의전당,공공(문예회관),전라북도 전주시 덕진구 소리로 31 (덕진동1가) 소리문화전당,,35.8552450,127.1376670,valid,KR,Asia/Seoul,,,2001,8,10359,063-270-8000,"[""http://www.sori21.co.kr/""]",true,true,false,true,true,true,true,true,true,false,2026-09-24 16:00:10.727613+00,,2026-09-16 06:14:28.979553+00,2026-09-25 03:53:58.236199+00,2
65f8ec57-e88c-5d82-8671-400f9a8217c8,cc116256-a043-51f8-91f1-72852fc3dd25,FC004146,서보아트스페이스(서보미술문화공간)[서울],기타(비공연장),서울특별시 마포구 월드컵북로12안길 3 (성산동),,37.5620777,126.9152742,valid,KR,Asia/Seoul,,,,2,,,[],false,false,false,false,false,false,false,false,false,false,2026-09-24 05:20:08.437601+00,,2026-09-16 06:14:28.979553+00,2026-09-25 03:53:58.236199+00,2
662f3a6e-6219-5d46-adf3-8a3d59802026,cc116256-a043-51f8-91f1-72852fc3dd25,FC001170,김해문화의전당,공공(문예회관),경상남도 김해시 김해대로 2060 (내동),,35.2278426,128.8639096,valid,KR,Asia/Seoul,,,2005,3,2505,055-320-1234,"[""http://www.gasc.or.kr/""]",true,true,false,true,true,true,true,true,true,false,2026-09-24 00:10:10.779052+00,,2026-09-24 02:00:17.21355+00,2026-09-24 02:00:17.21355+00,1
66c5e011-bc40-5f84-8326-660cab4a6cd6,cc116256-a043-51f8-91f1-72852fc3dd25,FC000293,대백프라자,민간(대학로 외),대구광역시 중구 명덕로 333 (대봉동) 대백프라자,,35.8559656,128.6063335,valid,KR,Asia/Seoul,,,2004,3,314,053-420-8088,"[""http://www.debec.co.kr/""]",true,true,false,false,true,true,true,true,true,true,2026-09-23 18:10:17.035168+00,,2026-09-16 06:14:28.979553+00,2026-09-24 02:01:39.338769+00,2
6860c708-83a5-56ed-9f32-97cf1a92e18e,cc116256-a043-51f8-91f1-72852fc3dd25,FC001591,현대백화점 문화홀 [압구정],민간(대학로 외),서울특별시 강남구 압구정로29길 21,,37.5273460,127.0273550,valid,KR,Asia/Seoul,,,1985,1,300,02-3449-5390,"[""http://www.ehyundai.com/newCulture/CW/CW000001_V.do""]",true,true,true,true,true,false,true,true,true,true,2026-09-23 18:00:11.369415+00,,2026-09-24 02:00:17.21355+00,2026-09-24 02:00:17.21355+00,1
687a2208-f91a-5a29-b317-8445d65a937e,cc116256-a043-51f8-91f1-72852fc3dd25,FC000784,금나래아트홀,공공(문예회관),서울특별시 금천구 시흥대로73길 70 (시흥동),,37.4564588,126.8959125,valid,KR,Asia/Seoul,,,2008,2,702,02-2627-2981,[],false,true,true,false,false,true,true,true,true,false,2026-09-24 01:40:04.20356+00,,2026-09-16 06:14:28.979553+00,2026-09-24 02:01:39.338769+00,2
68bea0bb-2224-5038-81b7-442265256c53,cc116256-a043-51f8-91f1-72852fc3dd25,FC003369,JB소극장,민간(대학로 외),충청남도 천안시 동남구 각원사길 114-8(안서동),,36.8290506,127.1844376,valid,KR,Asia/Seoul,,,,1,90,,[],false,false,false,false,false,false,false,false,false,false,2026-09-23 23:20:10.965696+00,,2026-09-16 06:14:28.979553+00,2026-09-24 02:01:39.338769+00,2
68c077cd-0443-58c6-b91a-8b59546be29c,cc116256-a043-51f8-91f1-72852fc3dd25,FC003918,더더더,민간(대학로 외),서울특별시 중구 을지로38길 9-4 (광희동1가),,37.5660433,127.0039785,valid,KR,Asia/Seoul,,,,1,,,[],false,false,false,false,false,false,false,false,false,false,2026-09-24 06:20:08.73739+00,,2026-09-25 02:50:17.102193+00,2026-09-25 02:50:17.102193+00,1
693e86c3-7f56-50da-8a10-f10f3091b7f8,cc116256-a043-51f8-91f1-72852fc3dd25,FC000262,제주아트센터,공공(문예회관),제주특별자치도 제주시 오남로 231 (오라이동),,33.4751552,126.5155061,valid,KR,Asia/Seoul,,,2010,2,2064,064-728-1509,"[""http://arts.jejusi.go.kr/""]",false,true,false,true,false,true,true,true,true,false,2026-09-23 22:50:15.389743+00,,2026-09-16 06:14:28.979553+00,2026-09-24 02:01:39.338769+00,2
69641e16-7e7b-5ca9-bf3f-2da008e40599,cc116256-a043-51f8-91f1-72852fc3dd25,FC001589,KBS스포츠월드(아레나),공공(기타),서울특별시 강서구 공항대로 376 (화곡동) kbs스포츠월드,,37.5567802,126.8476094,valid,KR,Asia/Seoul,,,2015,1,3587,02-2600-8808,"[""https://kbsbiz.co.kr/kbsarena/kbs%EC%95%84%EB%A0%88%EB%82%98/""]",false,false,false,false,false,true,true,false,false,false,2026-09-24 01:10:16.800682+00,,2026-09-24 02:00:17.21355+00,2026-09-24 02:00:17.21355+00,1
69a6c41e-113c-5666-b790-60770614e2d7,cc116256-a043-51f8-91f1-72852fc3dd25,FC004555,인스파이어 컬쳐홀,민간(대학로 외),경기도 화성시 동탄첨단산업1로 27 (영천동),,37.2110260,127.0894700,valid,KR,Asia/Seoul,,,,1,,,"[""https://www.instagram.com/inspire.culture21/""]",false,false,false,false,false,false,false,false,false,false,2026-09-23 18:00:09.324629+00,,2026-09-24 02:00:17.21355+00,2026-09-24 02:00:17.21355+00,1
6a4be317-e045-5909-aabb-8a52534db30e,cc116256-a043-51f8-91f1-72852fc3dd25,FC001910,킨텍스,공공(기타),경기도 고양시 일산서구 킨텍스로 217-60 (대화동),,37.6693071,126.7456845,valid,KR,Asia/Seoul,,,2005,12,2800,031-995-8036,"[""http://www.kintex.com/""]",true,true,true,false,true,true,true,false,false,false,2026-09-23 20:30:15.171012+00,,2026-09-24 02:00:17.21355+00,2026-09-24 02:00:17.21355+00,1
6aab2e37-9aee-570b-b448-caaf58370088,cc116256-a043-51f8-91f1-72852fc3dd25,FC000769,대학로 마로니에소극장(플레이더씨어터),민간(대학로),서울특별시 종로구 동숭길 50 (동숭동),,37.5805247,127.0045603,valid,KR,Asia/Seoul,,,1987,1,100,02-764-0686,"[""http://cafe.naver.com/artfactoryshow""]",false,false,false,false,false,false,false,false,false,false,2026-09-24 06:00:14.682072+00,,2026-09-25 02:50:17.102193+00,2026-09-25 02:50:17.102193+00,1
6afb8e7a-eed3-532b-b6d2-8d9f3407c199,cc116256-a043-51f8-91f1-72852fc3dd25,FC001745,청송문화예술회관,공공(문예회관),경상북도 청송군 청송읍 금월로 244-30,,36.4295305,129.0595325,valid,KR,Asia/Seoul,,,2013,3,416,054-870-6070,"[""https://www.cs.go.kr/countyOffice/culture/00003360.web""]",false,false,false,false,false,true,false,false,false,false,2026-09-14 15:10:14+00,,2026-09-16 06:14:28.979553+00,2026-09-16 06:14:28.979553+00,1
6b18dd86-5aa2-50e4-a91d-58f7434a0214,cc116256-a043-51f8-91f1-72852fc3dd25,FC003017,금천뮤지컬센터,공공(기타),서울특별시 금천구 시흥대로115길 48(독산동),,37.4687771,126.8944749,valid,KR,Asia/Seoul,,,2021,2,197,02-2627-2183,"[""https://www.instagram.com/gcmc.kr/""]",false,false,false,false,false,true,true,false,true,false,2026-09-24 19:00:14.941978+00,,2026-09-25 02:50:17.102193+00,2026-09-25 02:50:17.102193+00,1
6b9eb04d-4de4-5e67-983d-5fef6885d81b,cc116256-a043-51f8-91f1-72852fc3dd25,FC001671,뜻밖의 극장(구. 해우소소극장),민간(대학로 외),서울특별시 성북구 동소문로20나길 27 (동선동1가),,37.5924500,127.0181255,valid,KR,Asia/Seoul,,,2018,1,50,02-921-5080,"[""https://blog.naver.com/theatre-uex""]",false,false,false,false,false,false,false,false,false,false,2026-09-24 01:00:15.154602+00,,2026-09-16 06:14:28.979553+00,2026-09-24 02:01:39.338769+00,2
6bd492d4-14c1-560a-bf6f-55184c04b463,cc116256-a043-51f8-91f1-72852fc3dd25,FC000453,봄날아트홀 (구. 아리랑소극장),민간(대학로),서울특별시 종로구 동숭길 39 (동숭동),,37.5799517,127.0042510,valid,KR,Asia/Seoul,,,1996,2,370,070-8639-7883,[],true,true,false,false,false,false,false,false,false,false,2026-09-24 06:00:16.711807+00,,2026-09-16 06:14:28.979553+00,2026-09-25 03:53:58.236199+00,2
6c073572-71b5-5aad-86d5-9be36045c533,cc116256-a043-51f8-91f1-72852fc3dd25,FC000100,모차르트홀,민간(대학로 외),서울특별시 서초구 명달로 104 (서초동),,37.4855919,127.0042035,valid,KR,Asia/Seoul,,,2004,1,201,02-3472-8222,"[""http://www.mozarthall.co.kr/""]",true,false,false,false,false,true,false,false,false,false,2026-09-23 21:50:04.508491+00,,2026-09-24 02:00:17.21355+00,2026-09-24 02:00:17.21355+00,1
6c11b646-daa8-5f36-b4ec-46fd9ae1628b,cc116256-a043-51f8-91f1-72852fc3dd25,FC004710,이앤아이 아트홀,민간(대학로 외),경기도 고양시 일산서구 중앙로 1568 (대화동),,37.6763210,126.7477620,valid,KR,Asia/Seoul,,,,1,60,,"[""https://blog.naver.com/eni_mstudio_arthall""]",false,false,false,false,false,false,false,false,false,false,2026-09-24 01:10:06.256933+00,,2026-09-16 06:14:28.979553+00,2026-09-24 02:01:39.338769+00,2
6c52d03a-9ec4-506f-9630-ee8c9e82c081,cc116256-a043-51f8-91f1-72852fc3dd25,FC002118,광운대학교 동해문화예술관,민간(대학로 외),서울특별시 노원구 광운로 20(월계동),,37.6193203,127.0583381,valid,KR,Asia/Seoul,,,1994,2,2432,02-940-8614,"[""http://dac.kw.ac.kr/main/main.php""]",true,true,true,false,false,true,true,true,false,false,2026-09-24 17:10:12.770728+00,,2026-09-16 06:14:28.979553+00,2026-09-25 03:53:58.236199+00,2
6c5ebe10-4a5a-5421-b5f7-2cc7231be951,cc116256-a043-51f8-91f1-72852fc3dd25,FC002045,보헤미안 소극장,민간(대학로 외),전남광주통합특별시 동구 문화전당로 43 (광산동),,35.1463079,126.9185474,valid,KR,Asia/Seoul,,,2014,1,100,010-4605-0334,"[""http://cafe.daum.net/bOHEmiAN""]",false,false,false,false,false,false,false,false,false,false,2026-09-23 23:40:14.816908+00,,2026-09-24 02:00:17.21355+00,2026-09-24 02:00:17.21355+00,1
6c9239ac-f27e-59b0-b7b7-1e8c3101d50d,cc116256-a043-51f8-91f1-72852fc3dd25,FC003274,스타스테이지,민간(대학로),서울특별시 종로구 대학로12길 15(동숭동),,37.5827347,127.0028450,valid,KR,Asia/Seoul,,,2022,1,204,010-3239-0523,[],false,false,false,false,false,false,false,false,false,false,2026-09-24 04:40:04.249036+00,,2026-09-25 02:50:17.102193+00,2026-09-25 02:50:17.102193+00,1
6ced6ba4-9773-5f83-822f-0cb994d88250,cc116256-a043-51f8-91f1-72852fc3dd25,FC000832,해운대문화회관,공공(문예회관),부산광역시 해운대구 양운로 97 (좌동),,35.1711676,129.1740165,valid,KR,Asia/Seoul,,,2007,3,588,051-749-7651,"[""https://www.haeundae.go.kr/culture/index.do""]",false,true,false,true,true,true,true,true,false,false,2026-09-24 16:50:15.385881+00,,2026-09-16 06:14:28.979553+00,2026-09-25 03:53:58.236199+00,2
6cfa0721-48d6-5ad7-bc66-e50a26b02219,cc116256-a043-51f8-91f1-72852fc3dd25,FC005020,부산항 제1부두,기타(비공연장),부산광역시 중구 충장대로 26 (중앙동4가),,35.1048760,129.0404010,valid,KR,Asia/Seoul,,,,1,,,[],false,false,false,false,false,false,false,false,false,false,2026-09-24 04:50:10.414781+00,,2026-09-16 06:14:28.979553+00,2026-09-25 03:53:58.236199+00,2
6d3d810b-2741-588d-ab71-0d4ac1531196,cc116256-a043-51f8-91f1-72852fc3dd25,FC000471,정읍사예술회관,공공(문예회관),전라북도 정읍시 시기4길 13 (시기동),,35.5529153,126.8615625,valid,KR,Asia/Seoul,,,1992,1,603,063-539-6424,"[""http://art.jeongeup.go.kr/""]",false,false,false,false,false,true,true,false,true,false,2026-09-24 03:50:08.869752+00,,2026-09-25 02:50:17.102193+00,2026-09-25 02:50:17.102193+00,1
6d44e1c1-5c35-5b24-8697-2c1b8f7eefbc,cc116256-a043-51f8-91f1-72852fc3dd25,FC000336,평택시서부문예회관,공공(문예회관),경기도 평택시 안중읍 서동대로 1531,,36.9898031,126.9199556,valid,KR,Asia/Seoul,,,1991,2,936,031-8024-8321,"[""http://www.pyeongtaek.go.kr/pyeongtaek/contents.do?mId=0601060500""]",false,false,false,false,false,true,true,false,false,false,2026-09-23 17:10:10.789822+00,,2026-09-16 06:14:28.979553+00,2026-09-24 02:01:39.338769+00,2
6db7ad48-349e-5e40-bcf3-e7b42c3fa6e6,cc116256-a043-51f8-91f1-72852fc3dd25,FC004517,모두의 예술 스튜디오,민간(대학로 외),대전광역시 유성구 전민로26번길 21 (전민동),,36.3977530,127.4020220,valid,KR,Asia/Seoul,,,,1,50,,[],false,false,false,false,false,false,false,false,false,false,2026-09-24 18:50:08.766694+00,,2026-09-25 02:50:17.102193+00,2026-09-25 02:50:17.102193+00,1
6dd365fd-aac8-58c9-b72b-d58f358c8c85,cc116256-a043-51f8-91f1-72852fc3dd25,FC001359,파주운정행복센터,공공(문예회관),경기도 파주시 와석순환로 415 (와동동),,37.7242620,126.7510940,valid,KR,Asia/Seoul,,,2013,2,736,031-950-1911,"[""https://www.paju.go.kr/uhc/""]",true,true,true,false,true,true,true,true,true,true,2026-09-23 22:30:16.779258+00,,2026-09-24 02:00:17.21355+00,2026-09-24 02:00:17.21355+00,1
6e17b000-68cd-529a-9846-274fe0218ce9,cc116256-a043-51f8-91f1-72852fc3dd25,FC002632,아르코예술극장,국립,서울특별시 종로구 대학로8길 7 (동숭동),,37.5811855,127.0029999,valid,KR,Asia/Seoul,,,1981,5,855,02-3668-0007,"[""https://theater.arko.or.kr/Home/ko/Main""]",false,false,false,true,false,true,false,false,false,false,2026-09-24 17:00:14.929876+00,,2026-09-16 06:14:28.979553+00,2026-09-25 03:53:58.236199+00,2
6e25592e-5c85-5058-bcf4-e9c87792d872,cc116256-a043-51f8-91f1-72852fc3dd25,FC001444,GB성암아트홀,민간(대학로 외),서울특별시 강남구 선릉로111길 6 (논현동),,37.5110252,127.0429998,valid,KR,Asia/Seoul,,,2023,1,187,02-543-0826,"[""http://www.saart.co/kr/main.php""]",false,false,false,false,false,false,true,false,false,false,2026-09-24 18:10:12.767591+00,,2026-09-25 02:50:17.102193+00,2026-09-25 02:50:17.102193+00,1
6e408204-9b5e-5529-b7a4-5797135ad8dc,cc116256-a043-51f8-91f1-72852fc3dd25,FC004693,XSCALA(엑스칼라),민간(대학로 외),서울특별시 중구 남대문시장10길 2 (회현동1가),,37.5603730,126.9796010,valid,KR,Asia/Seoul,,,2026,1,637,,[],false,false,false,false,false,false,false,false,false,false,2026-09-23 17:30:02.794118+00,,2026-09-24 02:00:17.21355+00,2026-09-24 02:00:17.21355+00,1
6e874c78-eb06-502a-b059-28d7584857bd,cc116256-a043-51f8-91f1-72852fc3dd25,FC000918,제주특별자치도 설문대여성문화센터,공공(기타),제주특별자치도 제주시 선덕로8길 12 (연동),,33.4844207,126.5005950,valid,KR,Asia/Seoul,,,2010,1,810,064-710-4202,"[""http://swcenter.jeju.go.kr/""]",false,false,false,false,false,true,true,false,false,false,2026-09-24 02:10:17.59484+00,,2026-09-24 03:20:17.345552+00,2026-09-24 03:20:17.345552+00,1
6edb7c61-3c21-5c6a-9d44-a7c548c15283,cc116256-a043-51f8-91f1-72852fc3dd25,FC000841,콘텐츠박스(구. 르메이에르 씨어터),민간(대학로),서울특별시 종로구 동숭길 55 (동숭동),,37.5807178,127.0041660,valid,KR,Asia/Seoul,,,2006,1,196,02-747-2232,[],false,false,false,false,false,false,false,false,false,false,2026-09-24 06:30:02.429863+00,,2026-09-25 02:50:17.102193+00,2026-09-25 02:50:17.102193+00,1
6f091d81-9105-5ddb-8650-088f81235917,cc116256-a043-51f8-91f1-72852fc3dd25,FC000788,마포아트센터,공공(문예회관),서울특별시 마포구 대흥로20길 28 (대흥동),,37.5499055,126.9455269,valid,KR,Asia/Seoul,,,2002,3,1475,02-3274-8500,"[""http://www.mapoartcenter.or.kr/""]",false,false,false,false,false,true,true,false,true,false,2026-09-23 16:20:12.900963+00,,2026-09-24 02:00:17.21355+00,2026-09-24 02:00:17.21355+00,1
6f2b5c8e-5d52-57eb-8b9c-e4c8034cbe57,cc116256-a043-51f8-91f1-72852fc3dd25,FC004831,심심(XIMXIM),기타(비공연장),서울특별시 성동구 연무장15길 11 (성수동2가),,37.5426230,127.0592830,valid,KR,Asia/Seoul,,,,1,,,"[""https://www.instagram.com/ximxim_seoul""]",false,false,false,false,false,false,false,false,false,false,2026-09-23 19:50:03.854522+00,,2026-09-24 02:00:17.21355+00,2026-09-24 02:00:17.21355+00,1
705aa942-ae97-578e-916f-8912677a8736,cc116256-a043-51f8-91f1-72852fc3dd25,FC002932,아스가르드 씨어터 (구. 낙산씨어터),민간(대학로),서울특별시 종로구 동숭길 140(혜화동),,37.5836705,127.0025639,valid,KR,Asia/Seoul,,,,1,92,02-6012-2511,[],false,false,false,false,false,false,false,false,false,false,2026-09-24 06:00:08.190663+00,,2026-09-25 02:50:17.102193+00,2026-09-25 02:50:17.102193+00,1
70d2aad6-e32b-54cd-a132-49a16c03ca6f,cc116256-a043-51f8-91f1-72852fc3dd25,FC000854,거제시청소년수련관,공공(기타),경상남도 거제시 계룡로 175 (고현동),,34.8848731,128.6189245,valid,KR,Asia/Seoul,,,2002,1,404,055-639-8161,"[""https://www.gmdc.co.kr/_gjyc/""]",false,true,false,false,false,true,false,false,false,false,2026-09-23 17:50:04.500144+00,,2026-09-24 02:00:17.21355+00,2026-09-24 02:00:17.21355+00,1
70e8c6b2-45a5-5b5d-a735-1b83a1cf783e,cc116256-a043-51f8-91f1-72852fc3dd25,FC001619,강남씨어터,공공(기타),서울특별시 강남구 역삼로7길 16 (역삼동),,37.4951880,127.0332163,valid,KR,Asia/Seoul,,,2007,1,232,02-6712-0531,"[""https://gangnam.go.kr/office/gfac/contents/gfac_place02/1/view.do?mid=gfac_place02""]",false,false,false,false,false,true,true,true,true,true,2026-09-24 17:00:04.350145+00,,2026-09-16 06:14:28.979553+00,2026-09-25 03:53:58.236199+00,2
7170118d-31ea-5b70-abd0-cb6087ab26e3,cc116256-a043-51f8-91f1-72852fc3dd25,FC000853,부산민주공원 공연장,공공(문예회관),부산광역시 중구 민주공원길 19 (영주동),,35.1100718,129.0280727,valid,KR,Asia/Seoul,,,1999,2,535,051-790-7408,"[""http://www.demopark.or.kr/main/main.asp""]",true,false,false,false,false,true,false,false,false,true,2026-09-24 04:10:15.013742+00,,2026-09-25 02:50:17.102193+00,2026-09-25 02:50:17.102193+00,1
7181fd84-0431-53bd-8f2d-902ffb6e508e,cc116256-a043-51f8-91f1-72852fc3dd25,FC003927,LDK,민간(대학로 외),서울특별시 용산구 대사관로20길 8 (한남동),,37.5331280,127.0035086,valid,KR,Asia/Seoul,,,,1,,,[],false,false,false,false,false,false,false,false,false,false,2026-09-24 04:20:12.499736+00,,2026-09-16 06:14:28.979553+00,2026-09-25 03:53:58.236199+00,2
718d7793-4c8e-52d6-906b-8473d4045888,cc116256-a043-51f8-91f1-72852fc3dd25,FC002175,클럽 FF,민간(대학로 외),서울특별시 마포구 와우산로17길 12 (서교동),,37.5502781,126.9223051,valid,KR,Asia/Seoul,,,2005,1,130,010-9025-3407,"[""https://clubff.modoo.at""]",false,true,false,false,false,false,false,false,false,false,2026-09-23 16:20:04.53706+00,,2026-09-24 02:00:17.21355+00,2026-09-24 02:00:17.21355+00,1
725cac17-af89-5764-b86c-0640081cb892,cc116256-a043-51f8-91f1-72852fc3dd25,FC001389,예술극장 온,민간(대학로 외),대구광역시 중구 경상감영길 294 (동인동2가),,35.8704081,128.6118613,valid,KR,Asia/Seoul,,,2007,1,70,053-424-8347,[],false,false,false,false,false,false,false,false,false,false,2026-09-23 21:20:10.509554+00,,2026-09-24 02:00:17.21355+00,2026-09-24 02:00:17.21355+00,1
725d21ac-f257-56db-ba8d-b4ca49c43e47,cc116256-a043-51f8-91f1-72852fc3dd25,FC001573,국립부여박물관,국립,충청남도 부여군 부여읍 금성로 5,,36.2765515,126.9167885,valid,KR,Asia/Seoul,,,2009,1,425,041-833-8563,"[""http://buyeo.museum.go.kr/contents/sabiMain.do""]",false,false,false,false,false,true,true,true,true,false,2026-09-14 15:12:09+00,,2026-09-16 06:14:28.979553+00,2026-09-16 06:14:28.979553+00,1
728bb261-3ffc-5462-9d47-f5bc376da127,cc116256-a043-51f8-91f1-72852fc3dd25,FC003352,클럽 프리버드,기타(비공연장),서울특별시 마포구 와우산로17길 19-22(서교동),,37.5493791,126.9213150,valid,KR,Asia/Seoul,,,,1,,,[],false,false,false,false,false,false,false,false,false,false,2026-09-23 16:10:04.474795+00,,2026-09-24 02:00:17.21355+00,2026-09-24 02:00:17.21355+00,1
72b21107-e7ac-5aa9-b410-d2df43fe05bc,cc116256-a043-51f8-91f1-72852fc3dd25,FC001526,열린아트홀,민간(대학로 외),부산광역시 동래구 온천장로 7 (온천동),,35.2129733,129.0787609,valid,KR,Asia/Seoul,,,2012,1,50,051-527-0123,"[""http://cafe983.daum.net/_c21_/home?grpid=oQ1r""]",false,true,false,false,false,false,false,false,false,false,2026-09-24 19:10:17.35583+00,,2026-09-25 02:50:17.102193+00,2026-09-25 02:50:17.102193+00,1
72be1300-27b2-554e-807b-bcb1d8107b33,cc116256-a043-51f8-91f1-72852fc3dd25,FC001875,남양주 어린이비전센터,공공(기타),경기도 남양주시 진접읍 해밀예당1로 96 (금곡리),,37.7169754,127.1912346,valid,KR,Asia/Seoul,,,2015,1,200,031-560-1552,"[""http://www.ncuc.or.kr/children/""]",false,false,false,true,true,true,true,false,false,false,2026-09-23 19:30:08.816506+00,,2026-09-24 02:00:17.21355+00,2026-09-24 02:00:17.21355+00,1
72d7dbf0-efcb-5261-8089-600b7c7cab5a,cc116256-a043-51f8-91f1-72852fc3dd25,FC001286,공연일번지,민간(대학로 외),전남광주통합특별시 동구 금남로 218-9 (금남로3가),,35.1492131,126.9157743,valid,KR,Asia/Seoul,,,2008,1,70,062-222-7008,"[""http://cafe.daum.net/art1broadway""]",false,false,false,false,false,false,false,false,false,false,2026-09-24 03:50:12.999337+00,,2026-09-16 06:14:28.979553+00,2026-09-25 03:53:58.236199+00,2
72da7d80-be9f-5f8d-900e-f7ed599add8e,cc116256-a043-51f8-91f1-72852fc3dd25,FC004872,종로아트홀,민간(대학로 외),서울특별시 종로구 삼일대로15길 8 (관철동),,37.5689220,126.9870060,valid,KR,Asia/Seoul,,,,1,,,"[""http://k-arthall.com/ja/""]",false,false,false,false,false,false,false,false,false,false,2026-09-24 02:40:10.583913+00,,2026-09-24 03:20:17.345552+00,2026-09-24 03:20:17.345552+00,1
72f6d264-048d-5d56-b6ea-72b556c63892,cc116256-a043-51f8-91f1-72852fc3dd25,FC000214,남동소래아트홀,공공(문예회관),인천광역시 남동구 아암대로1437번길 32 (논현동),,37.3874966,126.7246381,valid,KR,Asia/Seoul,,,2011,2,2235,032-427-8401,"[""http://www.namdongcf.or.kr""]",false,false,false,false,false,true,true,false,false,false,2026-09-23 20:00:08.917772+00,,2026-09-16 06:14:28.979553+00,2026-09-24 02:01:39.338769+00,2
7311c9a6-bf7f-5227-ae6a-053d05a2597c,cc116256-a043-51f8-91f1-72852fc3dd25,FC002477,논현1 문화센터,공공(기타),서울특별시 강남구 학동로20길 25 (논현동),,37.5115175,127.0285527,valid,KR,Asia/Seoul,,,2005,1,192,02-2176-0610,"[""http://www.gfac.kr/client/reservation/rentalInfo.do""]",false,false,false,true,false,true,true,false,false,false,2026-09-23 16:20:02.621966+00,,2026-09-24 02:00:17.21355+00,2026-09-24 02:00:17.21355+00,1
75308b56-e5e3-5135-a8d9-cc34fc740c70,cc116256-a043-51f8-91f1-72852fc3dd25,FC001172,"정극장 (구. M시어터, 구.하모니아트홀)",민간(대학로),서울특별시 종로구 대학로12길 69 (동숭동),,37.5818321,127.0034270,valid,KR,Asia/Seoul,,,2012,1,118,02-6221-6485,[],false,false,false,false,false,true,false,false,false,false,2026-09-24 00:30:04.717129+00,,2026-09-24 02:00:17.21355+00,2026-09-24 02:00:17.21355+00,1
754cbf3f-1d88-59b4-a08b-186539eb8273,cc116256-a043-51f8-91f1-72852fc3dd25,FC003162,비원뮤직홀,공공(문예회관),대구광역시 서구 달서천로 374(원대동1가),,35.8830361,128.5745653,valid,KR,Asia/Seoul,,,2022,2,200,053-663-3681,"[""https://www.dgs.go.kr/music/index.php""]",false,true,false,false,true,true,true,false,false,false,2026-09-23 22:10:02.22519+00,,2026-09-24 02:00:17.21355+00,2026-09-24 02:00:17.21355+00,1
75e9d72f-b509-573c-9563-96835ad751eb,cc116256-a043-51f8-91f1-72852fc3dd25,FC001666,레미어린이극장 [울산진장],민간(대학로 외),울산광역시 북구 진장유통로 64 (진장동),,35.5760407,129.3589929,valid,KR,Asia/Seoul,,,2006,1,193,052-288-8799,"[""http://www.reomusical.com/new/main/main.htm""]",true,true,true,true,true,true,true,true,true,true,2026-09-24 05:10:04.305811+00,,2026-09-16 06:14:28.979553+00,2026-09-25 03:53:58.236199+00,2
7610f104-2389-5b7c-b221-4088f1608709,cc116256-a043-51f8-91f1-72852fc3dd25,FC001289,대전예술가의집,공공(문예회관),대전광역시 중구 중앙로 32 (문화동),,36.3222524,127.4161043,valid,KR,Asia/Seoul,,,2015,1,140,042-480-1081,"[""http://www.dcaf.or.kr/web/page.do?menuIdx=446""]",false,false,false,false,true,true,true,true,true,true,2026-09-24 16:50:13.258594+00,,2026-09-25 02:50:17.102193+00,2026-09-25 02:50:17.102193+00,1
764724b8-3d6e-5adc-9f20-5f6bd9f1adb8,cc116256-a043-51f8-91f1-72852fc3dd25,FC004075,시윤아트홀,민간(대학로),서울특별시 종로구 대학로 116 (동숭동),,37.5815327,127.0023365,valid,KR,Asia/Seoul,,,,1,,02-1661-3123,[],false,false,false,false,false,false,false,false,false,false,2026-09-24 00:30:06.840812+00,,2026-09-24 02:00:17.21355+00,2026-09-24 02:00:17.21355+00,1
769fd4a3-4fb6-5d6e-b1cc-2d9f19825279,cc116256-a043-51f8-91f1-72852fc3dd25,FC001422,소극장 존(ZONE),민간(대학로 외),강원도 춘천시 세실로 267 (후평동),,37.8806042,127.7545336,valid,KR,Asia/Seoul,,,2007,1,90,033-241-7295,"[""https://blog.naver.com/art3theatre/221145920117""]",false,false,false,false,false,false,false,false,false,false,2026-09-23 22:40:16.953107+00,,2026-09-24 02:00:17.21355+00,2026-09-24 02:00:17.21355+00,1
76b745da-8642-51ed-bdc4-65a3f620712b,cc116256-a043-51f8-91f1-72852fc3dd25,FC001212,예그린씨어터,민간(대학로),서울특별시 종로구 동숭길 130-5 (동숭동),,37.5838441,127.0030601,valid,KR,Asia/Seoul,,,2014,1,202,02-6673-0100,"[""http://yegreen.creatorlink.net/""]",false,false,false,false,false,false,true,false,false,false,2026-09-24 16:20:02.537945+00,,2026-09-25 02:50:17.102193+00,2026-09-25 02:50:17.102193+00,1
772adb22-02b7-5f4c-8be2-b166ceedb887,cc116256-a043-51f8-91f1-72852fc3dd25,FC000667,파주시민회관,공공(문예회관),경기도 파주시 시민회관길 33 (금촌동),,37.7594363,126.7803264,valid,KR,Asia/Seoul,,,1994,3,1702,031-950-1854,"[""http://pajusisul.or.kr/info/info_01_01.php""]",false,false,false,false,false,true,true,true,true,true,2026-09-24 19:20:02.675247+00,,2026-09-25 02:50:17.102193+00,2026-09-25 02:50:17.102193+00,1
77415eb3-db99-55b4-a353-a28d966225cd,cc116256-a043-51f8-91f1-72852fc3dd25,FC003893,BRST STUDIO,민간(대학로 외),서울특별시 마포구 와우산로18길 30 (서교동),,37.5514862,126.9240873,valid,KR,Asia/Seoul,,,,1,,,[],false,false,false,false,false,false,false,false,false,false,2026-09-24 02:00:08.856881+00,,2026-09-24 02:00:17.21355+00,2026-09-24 02:00:17.21355+00,1
77899de3-aeee-519d-939a-2b4e40771514,cc116256-a043-51f8-91f1-72852fc3dd25,FC004809,서울남산국악당,공공(문예회관),서울특별시 중구 퇴계로34길 28 (필동2가),,37.5593110,126.9944310,valid,KR,Asia/Seoul,,,2005,3,302,02-6358-5500,"[""https://sgtt.kr/""]",false,false,false,false,false,false,false,false,false,false,2026-09-24 04:50:04.043471+00,,2026-09-16 06:14:28.979553+00,2026-09-25 03:53:58.236199+00,2
778b156e-497d-5340-ad8d-c0d5272500b6,cc116256-a043-51f8-91f1-72852fc3dd25,FC001636,다케이씨어터 (구. 창조소극장),민간(대학로),서울특별시 종로구 창경궁로 259 (명륜2가),,37.5845149,127.0000258,valid,KR,Asia/Seoul,,,2018,1,110,,"[""https://www.instagram.com/theater_dak/""]",false,false,false,false,false,false,false,false,false,false,2026-09-23 16:30:12.817388+00,,2026-09-24 02:00:17.21355+00,2026-09-24 02:00:17.21355+00,1
77de89e0-1663-5590-be9e-a4be6a6194b3,cc116256-a043-51f8-91f1-72852fc3dd25,FC000934,평택시남부문예회관,공공(문예회관),경기도 평택시 중앙로 277 (비전동),,36.9909219,127.1142763,valid,KR,Asia/Seoul,,,1993,2,862,031-8024-5411,"[""http://www.pyeongtaek.go.kr/pyeongtaek/contents.do?mId=0601060300""]",false,false,false,false,false,true,true,true,false,false,2026-09-23 17:40:02.035754+00,,2026-09-16 06:14:28.979553+00,2026-09-24 02:01:39.338769+00,2
77dff8ea-e8a8-5d1d-b69b-e68fcbed0ac2,cc116256-a043-51f8-91f1-72852fc3dd25,FC001513,롯데콘서트홀,민간(대학로 외),서울특별시 송파구 올림픽로 300 (신천동) 롯데월드몰 8층 롯데문화재단,,37.5130605,127.1034950,valid,KR,Asia/Seoul,,,2016,1,2036,00-1544-7744,"[""http://www.lotteconcerthall.com/""]",false,false,false,false,false,true,true,true,true,true,2026-09-23 16:40:16.635183+00,,2026-09-24 02:00:17.21355+00,2026-09-24 02:00:17.21355+00,1
781f5a03-64ae-5d71-9c69-d2723bfb8e86,cc116256-a043-51f8-91f1-72852fc3dd25,FC000342,대구청소년수련원,공공(기타),대구광역시 달서구 앞산순환로 180 (송현동),,35.8204704,128.5533069,valid,KR,Asia/Seoul,,,1994,1,453,053-656-6655,"[""http://www.dgyouth.net/""]",false,false,false,false,false,true,false,false,false,false,2026-09-24 00:00:10.772112+00,,2026-09-16 06:14:28.979553+00,2026-09-24 02:01:39.338769+00,2
78589f42-bc4a-5143-88fc-6646487e2559,cc116256-a043-51f8-91f1-72852fc3dd25,FC001529,여행자극장,민간(대학로),서울특별시 성북구 성북로5길 9-3 (성북동1가),,37.5889086,127.0046366,valid,KR,Asia/Seoul,,,2016,1,100,070-7918-9077,"[""https://yohangzatheatre.modoo.at/""]",false,false,false,false,false,false,false,false,false,false,2026-09-23 21:20:02.251292+00,,2026-09-24 02:00:17.21355+00,2026-09-24 02:00:17.21355+00,1
78b7f340-af36-56c2-9035-a644c39729ca,cc116256-a043-51f8-91f1-72852fc3dd25,FC000016,성남아트센터,공공(문예회관),경기도 성남시 분당구 성남대로 808 (야탑동),,37.4027309,127.1312435,valid,KR,Asia/Seoul,,,2005,4,5174,031-783-8000,"[""http://www.snart.or.kr/""]",true,true,false,true,true,true,true,false,true,false,2026-09-23 15:50:17.123663+00,,2026-09-16 06:14:28.979553+00,2026-09-24 02:01:39.338769+00,2
7924e520-dd72-589a-9e24-0ba4104b42b4,cc116256-a043-51f8-91f1-72852fc3dd25,FC003048,극장 PLOT,민간(대학로 외),서울특별시 서대문구 연세로4길 27(창천동),,37.5576008,126.9381984,valid,KR,Asia/Seoul,,,2019,1,100,010-4334-2862,[],false,false,false,false,false,false,false,false,false,false,2026-09-24 16:30:11.054923+00,,2026-09-16 06:14:28.979553+00,2026-09-25 03:53:58.236199+00,2
79696d59-2c1d-5e8d-abe8-b6469ac35bb1,cc116256-a043-51f8-91f1-72852fc3dd25,FC002820,우리소극장 [대학로],민간(대학로),서울특별시 종로구 이화장길 86-11(동숭동),,37.5792262,127.0051573,valid,KR,Asia/Seoul,,,,1,114,070-4618-5632,"[""https://blog.naver.com/marupro01""]",false,false,false,false,false,false,false,false,false,false,2026-09-24 06:20:06.6156+00,,2026-09-25 02:50:17.102193+00,2026-09-25 02:50:17.102193+00,1
79b49b0d-677a-5159-b50b-fb8c5f9c5e70,cc116256-a043-51f8-91f1-72852fc3dd25,FC001223,서연아트홀 (구. 인아소극장),민간(대학로),서울특별시 종로구 창경궁로 258 - 9,,37.5838644,127.0005610,valid,KR,Asia/Seoul,,,2013,1,150,070-5180-5956,[],false,false,false,false,false,false,false,false,false,false,2026-09-24 03:00:12.71756+00,,2026-09-24 03:20:17.345552+00,2026-09-24 03:20:17.345552+00,1
79c74062-cbc1-5c2c-9ed8-610391142c89,cc116256-a043-51f8-91f1-72852fc3dd25,FC001438,수원SK아트리움,공공(문예회관),경기도 수원시 장안구 이목로 24-25 (정자동),,37.3096379,126.9865570,valid,KR,Asia/Seoul,,,2014,2,1250,031-250-5300,"[""http://www.suwonskartrium.or.kr/""]",false,true,false,false,false,true,true,true,false,true,2026-09-24 16:00:04.446326+00,,2026-09-25 02:50:17.102193+00,2026-09-25 02:50:17.102193+00,1
7a035cc9-b1c9-50c1-8de2-24a6866301de,cc116256-a043-51f8-91f1-72852fc3dd25,FC002379,복합문화공간 몽향,민간(대학로 외),서울특별시 서대문구 연세로5다길 10 (창천동),,37.5565279,126.9350240,valid,KR,Asia/Seoul,,,2018,1,100,070-4121-7580,"[""https://www.instagram.com/studio_monghyang/""]",false,false,false,false,false,false,false,false,false,false,2026-09-24 00:40:10.781486+00,,2026-09-24 02:00:17.21355+00,2026-09-24 02:00:17.21355+00,1
7a3a8710-ba44-594c-aa59-acbfb80069db,cc116256-a043-51f8-91f1-72852fc3dd25,FC001528,링크아트센터드림,민간(대학로),서울특별시 종로구 동숭길 123 (동숭동),,37.5820171,127.0035363,valid,KR,Asia/Seoul,,,2016,4,979,02-3481-8843,"[""http://blog.naver.com/dreamartcenter""]",false,true,false,false,false,false,false,false,false,false,2026-09-23 17:10:02.662471+00,,2026-09-24 02:00:17.21355+00,2026-09-24 02:00:17.21355+00,1
7a6c4c2a-e3f3-555f-9901-08052e3b5f05,cc116256-a043-51f8-91f1-72852fc3dd25,FC002626,서울주문화센터,공공(문예회관),울산광역시 울주군 언양읍 언양로 40-7,,35.5612048,129.1313812,valid,KR,Asia/Seoul,,,2020,2,346,052-204-0318,"[""https://wucc.or.kr/""]",false,true,false,false,false,true,true,false,false,false,2026-09-23 19:20:13.097033+00,,2026-09-16 06:14:28.979553+00,2026-09-24 02:01:39.338769+00,2
7a776c7e-3749-535b-8598-b1b161cb75f6,cc116256-a043-51f8-91f1-72852fc3dd25,FC003018,서울문화재단 대학로극장 쿼드 (예술청),공공(기타),서울특별시 종로구 동숭길 122(동숭동),,37.5836990,127.0037167,valid,KR,Asia/Seoul,,,2022,4,462,02-758-2145,"[""https://www.sfac.or.kr/site/SFAC_KOR/09/10911010000002021111611.jsp""]",false,true,false,false,false,false,false,true,true,true,2026-09-24 04:10:08.657129+00,,2026-09-16 06:14:28.979553+00,2026-09-25 03:53:58.236199+00,2
7b1a0b27-ac63-5d7c-9715-bd9418cd03c1,cc116256-a043-51f8-91f1-72852fc3dd25,FC002274,전남대학교 민주마루홀,민간(대학로 외),전남광주통합특별시 북구 용봉로 77 (용봉동),,35.1769439,126.9045441,valid,KR,Asia/Seoul,,,2016,1,916,062-530-5114,"[""http://www.jnu.ac.kr/""]",false,false,false,false,false,true,false,true,true,true,2026-09-23 16:00:10.646754+00,,2026-09-24 02:00:17.21355+00,2026-09-24 02:00:17.21355+00,1
7ba2b459-231b-5135-b31d-be331d748077,cc116256-a043-51f8-91f1-72852fc3dd25,FC004289,양평문화재단,공공(기타),경기도 양평군 양평읍 물안개공원길 38,,37.4995772,127.4769158,valid,KR,Asia/Seoul,,,,1,111,,[],false,false,false,false,false,true,false,false,false,false,2026-09-24 02:40:02.403782+00,,2026-09-24 03:20:17.345552+00,2026-09-24 03:20:17.345552+00,1
7cd54d13-f604-53c2-86ce-51aaca5ad28a,cc116256-a043-51f8-91f1-72852fc3dd25,FC000445,홍주문화회관,공공(문예회관),충청남도 홍성군 홍성읍 내포로 164,,36.5947409,126.6518747,valid,KR,Asia/Seoul,,,1988,2,1243,041-634-0021,"[""https://www.hongseong.go.kr/hjart/art/sub03_01.do""]",false,false,false,false,false,true,false,false,false,false,2026-09-24 03:30:19.913489+00,,2026-09-24 03:40:17.060409+00,2026-09-24 03:40:17.060409+00,1
7deaccf3-d8b8-55b8-acc8-a69cd2c31624,cc116256-a043-51f8-91f1-72852fc3dd25,FC001618,김포아트홀,공공(문예회관),경기도 김포시 돌문로 26 (사우동),,37.6189366,126.7201730,valid,KR,Asia/Seoul,,,2015,1,503,031-996-1603,"[""https://www.gcf.or.kr/main/?mc_code=1411""]",false,false,false,false,false,true,true,true,false,true,2026-09-24 00:20:04.228342+00,,2026-09-16 06:14:28.979553+00,2026-09-24 02:01:39.338769+00,2
7e518f27-5515-54dd-868d-6613719ecc63,cc116256-a043-51f8-91f1-72852fc3dd25,FC005022,충북혁신도시 복합혁신센터,민간(대학로 외),충청북도 진천군 덕산읍 대하로 203,,36.9084200,127.5380180,valid,KR,Asia/Seoul,,,,1,365,,[],false,false,false,false,false,false,false,false,false,false,2026-09-24 04:50:02.141053+00,,2026-09-25 02:50:17.102193+00,2026-09-25 02:50:17.102193+00,1
7e736a20-1b49-53e7-969f-b84f10e49d86,cc116256-a043-51f8-91f1-72852fc3dd25,FC005062,숲세권 라이브 2호점 [독립문],민간(대학로 외),서울특별시 종로구 사직로 8 (교북동),,37.5721200,126.9610990,valid,KR,Asia/Seoul,,,,1,,,[],false,false,false,false,false,false,false,false,false,false,2026-09-23 15:50:08.754131+00,,2026-09-24 02:00:17.21355+00,2026-09-24 02:00:17.21355+00,1
7eac47c7-099f-5bbe-8bbd-12b4e2c71d5a,cc116256-a043-51f8-91f1-72852fc3dd25,FC002242,초록마술극장,민간(대학로 외),부산광역시 금정구 기찰로108번길 49 (부곡동),,35.2419551,129.0956507,valid,KR,Asia/Seoul,,,2019,1,100,010-7517-5859,"[""https://blog.naver.com/sillaguy""]",false,false,false,false,false,false,false,false,false,false,2026-09-24 05:40:08.886163+00,,2026-09-16 06:14:28.979553+00,2026-09-25 03:53:58.236199+00,2
7ed0e03e-1ee2-5719-8897-616e2e2b8e21,cc116256-a043-51f8-91f1-72852fc3dd25,FC001877,NOL 서경스퀘어(구. 서경대학교 공연예술센터),민간(대학로),서울특별시 종로구 동숭길 148 (혜화동),,37.5835210,127.0021390,valid,KR,Asia/Seoul,,,2018,2,704,02-940-7114,"[""https://www.skuniv.ac.kr/main""]",true,true,false,false,false,true,true,false,false,false,2026-09-23 22:40:02.25219+00,,2026-09-24 02:00:17.21355+00,2026-09-24 02:00:17.21355+00,1
7f2bb622-5a06-5b1c-8301-5be7269366d5,cc116256-a043-51f8-91f1-72852fc3dd25,FC000515,경산시민회관,공공(문예회관),경상북도 경산시 계양로 28 (계양동),,35.8181935,128.7478561,valid,KR,Asia/Seoul,,,1996,1,646,053-804-7243,"[""https://gsctf.or.kr/user/foundation/facility_view/1""]",false,false,false,false,false,true,true,true,false,false,2026-09-23 16:40:12.476622+00,,2026-09-24 02:00:17.21355+00,2026-09-24 02:00:17.21355+00,1
7f3b155e-2d1f-5392-96f6-80c98fdac7a8,cc116256-a043-51f8-91f1-72852fc3dd25,FC001339,광주교육대학교 풍향문화관,민간(대학로 외),전남광주통합특별시 북구 필문대로 55 (풍향동),,35.1650513,126.9264048,valid,KR,Asia/Seoul,,,2014,1,607,062-520-4283,[],true,true,true,false,false,true,true,false,false,false,2026-09-23 21:20:12.602209+00,,2026-09-24 02:00:17.21355+00,2026-09-24 02:00:17.21355+00,1
7fbcadf3-3b0a-52d5-8f4a-431793eba210,cc116256-a043-51f8-91f1-72852fc3dd25,FC000200,봉산문화회관,공공(문예회관),대구광역시 중구 봉산문화길 77 (봉산동),,35.8631367,128.5965618,valid,KR,Asia/Seoul,,,2004,2,504,053-661-3500,"[""http://www.bongsanart.org/main/main.html""]",false,false,false,false,false,true,false,true,false,false,2026-09-24 17:10:17.027113+00,,2026-09-25 02:50:17.102193+00,2026-09-25 02:50:17.102193+00,1
7fd7e335-874c-5550-a4f7-4d28d0693cf9,cc116256-a043-51f8-91f1-72852fc3dd25,FC001890,김해서부문화센터,공공(문예회관),경상남도 김해시 율하2로 210 (율하동),,35.1718789,128.8138273,valid,KR,Asia/Seoul,,,2018,1,691,055-344-1824,"[""https://wgcc.ghct.or.kr/home/main""]",false,false,false,true,false,true,true,true,true,false,2026-09-23 16:40:06.245843+00,,2026-09-24 02:00:17.21355+00,2026-09-24 02:00:17.21355+00,1
804412a1-bc54-5405-9f00-88ef51b51f20,cc116256-a043-51f8-91f1-72852fc3dd25,FC003416,루시드아트홀,민간(대학로 외),인천광역시 남동구 서창남로 69 (서창동),,37.4253008,126.7486670,valid,KR,Asia/Seoul,,,2023,1,118,032-710-4907,"[""https://lucidart.modoo.at/?link=adxcz215""]",false,false,false,false,false,true,true,true,false,false,2026-09-14 15:11:16+00,,2026-09-16 06:14:28.979553+00,2026-09-16 06:14:28.979553+00,1
80a7b93b-4deb-5236-a012-ab1a095c0db9,cc116256-a043-51f8-91f1-72852fc3dd25,FC001240,굿씨어터,민간(대학로),서울특별시 종로구 대학로 144 (혜화동),,37.5867550,127.0003554,valid,KR,Asia/Seoul,,,2004,1,320,00-1800-7382,[],false,false,false,false,false,true,true,false,false,false,2026-09-24 02:50:12.890623+00,,2026-09-24 03:20:17.345552+00,2026-09-24 03:20:17.345552+00,1
80ad085c-460d-5602-96fd-a78961ad829f,cc116256-a043-51f8-91f1-72852fc3dd25,FC005064,옥천생활체육관,공공(기타),충청북도 옥천군 옥천읍 문정1길 37,,36.3039880,127.5750410,valid,KR,Asia/Seoul,,,,1,435,,"[""https://www.oc.go.kr/www/contents.do?key=2782""]",false,false,false,false,false,false,false,false,false,false,2026-09-24 00:40:04.485168+00,,2026-09-24 02:00:17.21355+00,2026-09-24 02:00:17.21355+00,1
80c2c57a-609b-5b0e-a532-80e26f78debd,cc116256-a043-51f8-91f1-72852fc3dd25,FC000335,달성문화원,공공(기타),대구광역시 달성군 현풍면 현풍동로 92,,35.6988635,128.4519976,valid,KR,Asia/Seoul,,,2014,1,190,053-611-0010,"[""http://dalseong.kccf.or.kr/""]",false,false,false,false,false,false,false,false,false,false,2026-09-24 18:30:11.001976+00,,2026-09-25 02:50:17.102193+00,2026-09-25 02:50:17.102193+00,1
80c58504-7a47-5171-bf29-d60b5b667d5f,cc116256-a043-51f8-91f1-72852fc3dd25,FC003449,일본 요코하마 피아 아레나 MM,기타(해외등),-,,,,unknown,,,,,2020,1,12412,,"[""https://pia-arena-mm.jp/""]",false,false,false,false,false,false,false,false,false,false,2026-09-24 05:10:12.870948+00,,2026-09-16 06:14:28.979553+00,2026-09-25 03:53:58.236199+00,2
80e5f0c5-606d-5a96-b868-87fdaa3f0ec5,cc116256-a043-51f8-91f1-72852fc3dd25,FC001927,아띠홀,민간(대학로 외),인천광역시 서구 청라에메랄드로 99 (청라동),,37.5336658,126.6557291,valid,KR,Asia/Seoul,,,2017,1,180,032-623-4222,"[""https://attihall.modoo.at/""]",false,false,false,false,false,true,true,false,false,false,2026-09-24 01:10:08.352166+00,,2026-09-16 06:14:28.979553+00,2026-09-24 02:01:39.338769+00,2
81e54b5c-8bec-57a9-bf9d-6fbdc0f7b4ea,cc116256-a043-51f8-91f1-72852fc3dd25,FC001333,J아트홀,민간(대학로 외),울산광역시 중구 번영로 470 (반구동),,35.5634452,129.3355305,valid,KR,Asia/Seoul,,,2015,1,220,052-297-5200,"[""http://www.jusbank.co.kr/""]",false,false,false,false,false,true,false,false,false,true,2026-09-24 00:00:06.566629+00,,2026-09-24 02:00:17.21355+00,2026-09-24 02:00:17.21355+00,1
81f8b637-bf83-56c1-892c-a29960950be9,cc116256-a043-51f8-91f1-72852fc3dd25,FC000585,함양문화예술회관,공공(문예회관),경상남도 함양군 함양읍 필봉산길 55,,35.5242771,127.7224478,valid,KR,Asia/Seoul,,,2011,2,691,055-960-5544,"[""https://www.hygn.go.kr/art.web""]",false,false,false,false,false,true,true,false,false,false,2026-09-24 18:20:16.930746+00,,2026-09-25 02:50:17.102193+00,2026-09-25 02:50:17.102193+00,1
824a1bfc-3625-5d78-98e0-505a5d0df23c,cc116256-a043-51f8-91f1-72852fc3dd25,FC004879,사이공 오페라하우스 (Saigon Opera House) [베트남],기타(해외등),,,,,unknown,,,,,,1,,,[],false,false,false,false,false,false,false,false,false,false,2026-09-24 03:30:15.682852+00,,2026-09-24 03:40:17.060409+00,2026-09-24 03:40:17.060409+00,1
827a230e-c8f4-555a-b3a9-f35f52d18c6b,cc116256-a043-51f8-91f1-72852fc3dd25,FC004684,비바아첼 Chamber Hall & Academy,민간(대학로 외),부산광역시 해운대구 우동3로11번길 3 (우동),,35.1670600,129.1623980,valid,KR,Asia/Seoul,,,,1,,,[],false,false,false,false,false,false,false,false,false,false,2026-09-23 23:20:08.838736+00,,2026-09-24 02:00:17.21355+00,2026-09-24 02:00:17.21355+00,1
82c04ef1-b860-5be9-a944-58ab2fba77d8,cc116256-a043-51f8-91f1-72852fc3dd25,FC003908,"문기타, 문씨어터 [진주]",민간(대학로 외),경상남도 진주시 석갑로155번길 17-13 (신안동),,35.1828920,128.0606254,valid,KR,Asia/Seoul,,,,1,,,[],false,false,false,false,false,false,false,false,false,false,2026-09-23 15:50:15.026228+00,,2026-09-24 02:00:17.21355+00,2026-09-24 02:00:17.21355+00,1
83286ffc-5cb6-58f1-ae0f-4ebe2cfaa97c,cc116256-a043-51f8-91f1-72852fc3dd25,FC000168,예림당아트홀,민간(대학로 외),서울특별시 강남구 언주로 337 (역삼동),,37.4978390,127.0442979,valid,KR,Asia/Seoul,,,2011,1,468,02-738-8289,"[""http://www.amculture.co.kr/default/index.php""]",false,true,false,true,false,true,false,false,false,false,2026-09-24 04:20:14.519775+00,,2026-09-25 02:50:17.102193+00,2026-09-25 02:50:17.102193+00,1
837aa981-80f7-503e-9fd4-a2ac056707fc,cc116256-a043-51f8-91f1-72852fc3dd25,FC005048,인왕산 수성동계곡,기타(비공연장),서울특별시 종로구 옥인길 89 (옥인동),,37.5819660,126.9639390,valid,KR,Asia/Seoul,,,,1,,,[],false,false,false,false,false,false,false,false,false,false,2026-09-24 20:10:06.268141+00,,2026-09-25 02:50:17.102193+00,2026-09-25 02:50:17.102193+00,1
83e20114-a280-51c7-b126-4026a4bc8b99,cc116256-a043-51f8-91f1-72852fc3dd25,FC002162,드림씨어터 [부산],민간(대학로 외),부산광역시 남구 전포대로 133 (문현동),,35.1482786,129.0654385,valid,KR,Asia/Seoul,,,2019,1,1727,00-1833-3755,"[""https://www.dreamtheatre.co.kr/""]",false,true,false,false,false,true,true,true,false,true,2026-09-24 16:40:16.99822+00,,2026-09-25 02:50:17.102193+00,2026-09-25 02:50:17.102193+00,1
845436a7-f238-5590-b0ee-b3c3c706a79c,cc116256-a043-51f8-91f1-72852fc3dd25,FC000819,고양어울림누리,공공(문예회관),경기도 고양시 덕양구 어울림로 33 (성사동),,37.6498532,126.8349846,valid,KR,Asia/Seoul,,,2004,3,2156,00-1577-7766,"[""http://www.artgy.or.kr/""]",true,true,false,true,false,true,true,true,true,true,2026-09-23 18:00:15.510514+00,,2026-09-24 02:00:17.21355+00,2026-09-24 02:00:17.21355+00,1
84c68fcb-323a-55ec-9fd0-b15fd5ee49b0,cc116256-a043-51f8-91f1-72852fc3dd25,FC002719,이현공원 [대구],기타(비공연장),대구광역시 서구 당산로 403 (이현동),,35.8727900,128.5455378,valid,KR,Asia/Seoul,,,,1,,053-663-3081,[],false,false,false,false,false,true,true,false,false,false,2026-09-23 18:40:17.475532+00,,2026-09-24 02:00:17.21355+00,2026-09-24 02:00:17.21355+00,1
858dfed8-27ed-5ffb-aa0e-3a54235cd53e,cc116256-a043-51f8-91f1-72852fc3dd25,FC001859,JS아트홀 (구. 고스트씨어터 구.다소니씨어터),민간(대학로),서울특별시 종로구 동숭길 94 (동숭동),,37.5824158,127.0043280,valid,KR,Asia/Seoul,,,2018,1,200,070-7733-7198,[],false,false,false,false,false,false,false,false,false,false,2026-09-24 05:50:06.701917+00,,2026-09-25 02:50:17.102193+00,2026-09-25 02:50:17.102193+00,1
85d944e2-2494-54b3-a168-7d1ce4a05cbd,cc116256-a043-51f8-91f1-72852fc3dd25,FC005028,사유원,민간(대학로 외),대구광역시 군위군 부계면 치산효령로 1150,,36.0907710,128.6830200,valid,KR,Asia/Seoul,,,,2,350,054-383-1278,"[""https://sayuwon.com/""]",false,false,false,false,false,false,false,false,false,false,2026-09-24 17:50:12.541719+00,,2026-09-25 02:50:17.102193+00,2026-09-25 02:50:17.102193+00,1
86059741-ffa6-55f2-b3df-9d713e2cf9ff,cc116256-a043-51f8-91f1-72852fc3dd25,FC000197,세종대학교 대양홀,민간(대학로 외),서울특별시 광진구 능동로 209 (군자동),,37.5485943,127.0744884,valid,KR,Asia/Seoul,,,2012,1,3149,02-3408-4457,"[""http://www.sejong.ac.kr/sejong/oncampus_02.html""]",false,false,false,false,false,true,true,true,true,true,2026-09-24 04:50:16.838938+00,,2026-09-25 02:50:17.102193+00,2026-09-25 02:50:17.102193+00,1
861e260b-1316-5d9e-a440-4ed1fff3482e,cc116256-a043-51f8-91f1-72852fc3dd25,FC001757,빈티지소극장,민간(대학로 외),대구광역시 남구 성당로60길 90 (대명동),,35.8567725,128.5788624,valid,KR,Asia/Seoul,,,2009,1,80,053-292-0859,"[""https://www.facebook.com/leepetory""]",false,false,false,false,false,false,false,false,false,false,2026-09-24 18:40:08.766022+00,,2026-09-25 02:50:17.102193+00,2026-09-25 02:50:17.102193+00,1
8666b18d-cdfb-55f2-bc80-36b23550eddc,cc116256-a043-51f8-91f1-72852fc3dd25,FC001852,연희예술극장,민간(대학로 외),서울특별시 서대문구 연희맛로 2-3 (연희동),,37.5656012,126.9285411,valid,KR,Asia/Seoul,,,2018,1,100,010-3441-5877,"[""http://yeonheeart.com/INTRO""]",false,true,false,false,false,false,false,false,false,false,2026-09-24 05:00:15.09289+00,,2026-09-25 02:50:17.102193+00,2026-09-25 02:50:17.102193+00,1
867fccfe-e561-5cab-9b10-a56e156bf7e3,cc116256-a043-51f8-91f1-72852fc3dd25,FC001678,레미어린이극장 [광주수완],민간(대학로 외),전남광주통합특별시 광산구 장신로 98 (장덕동),,35.1901523,126.8203534,valid,KR,Asia/Seoul,,,2009,1,305,062-975-2860,"[""http://www.reomusical.com/new/main/main.htm?CPC_REFERER=https%3A%2F%2Fsearch.naver.com%2Fsearch.naver%3Fwhere%3Dnexearch%26sm%3Dtop_sug.pre%26fbm%3D1%26acr%3D1%26acq%3D%2""]",false,false,false,false,false,true,false,false,false,false,2026-09-24 05:30:06.549356+00,,2026-09-25 02:50:17.102193+00,2026-09-25 02:50:17.102193+00,1
870d96b0-7f59-5a16-9815-c3330ce5a26e,cc116256-a043-51f8-91f1-72852fc3dd25,FC001832,GB가빈아트홀,민간(대학로 외),서울특별시 강남구 삼성로 534 (삼성동),,37.5096777,127.0555363,valid,KR,Asia/Seoul,,,2025,1,329,02-1544-0609,"[""https://gabin-arthall.com""]",false,false,false,false,false,true,true,false,false,false,2026-09-24 17:50:16.777198+00,,2026-09-25 02:50:17.102193+00,2026-09-25 02:50:17.102193+00,1
87295095-be77-563c-ae38-732a61335a34,cc116256-a043-51f8-91f1-72852fc3dd25,FC001592,난지한강공원,공공(기타),서울특별시 마포구 한강난지로 162 (상암동),,37.5596650,126.8893715,valid,KR,Asia/Seoul,,,2002,2,,02-3780-0611,"[""https://hangang.seoul.go.kr/archives/46777""]",false,false,true,false,false,true,false,false,false,false,2026-09-24 05:40:06.719539+00,,2026-09-25 02:50:17.102193+00,2026-09-25 02:50:17.102193+00,1
872c5cc1-b737-5d29-9a7b-1acd2872b2e1,cc116256-a043-51f8-91f1-72852fc3dd25,FC002625,보광극장,민간(대학로 외),서울특별시 용산구 장문로19길 4 (보광동),,37.5260989,126.9977628,valid,KR,Asia/Seoul,,,2017,1,30,010-6246-2449,"[""https://bktheater.modoo.at/""]",false,false,false,false,false,true,false,false,false,false,2026-09-24 01:40:06.371979+00,,2026-09-24 02:00:17.21355+00,2026-09-24 02:00:17.21355+00,1
87bc5b11-bfa2-548f-ac9a-87ea8c1c6156,cc116256-a043-51f8-91f1-72852fc3dd25,FC001406,광주디자인센터,공공(기타),전남광주통합특별시 북구 첨단과기로176번길 27 (오룡동),,35.2238269,126.8468487,valid,KR,Asia/Seoul,,,2006,1,300,062-611-5000,"[""http://www.gdc.or.kr/""]",false,true,false,true,false,true,true,true,true,true,2026-09-23 23:40:10.653235+00,,2026-09-24 02:00:17.21355+00,2026-09-24 02:00:17.21355+00,1
8a2ec70a-4a74-58c1-8041-9f1e9fdbd4b3,cc116256-a043-51f8-91f1-72852fc3dd25,FC000006,국립정동극장,국립,서울특별시 중구 정동길 43 (정동),,37.5659672,126.9728593,valid,KR,Asia/Seoul,,,1995,2,850,02-751-1500,"[""http://www.jeongdong.or.kr""]",false,false,false,false,false,true,false,false,false,true,2026-09-24 17:20:06.370206+00,,2026-09-25 02:50:17.102193+00,2026-09-25 02:50:17.102193+00,1
8a3bdd4a-9593-5005-b518-0bdb745af6d8,cc116256-a043-51f8-91f1-72852fc3dd25,FC000064,은평문화예술회관,공공(문예회관),서울특별시 은평구 녹번로 16 (녹번동),,37.6036744,126.9278650,valid,KR,Asia/Seoul,,,1996,2,1020,02-351-3736,"[""https://www.efac.or.kr/""]",false,false,false,false,false,true,false,true,true,false,2026-09-24 02:40:12.695352+00,,2026-09-24 03:20:17.345552+00,2026-09-24 03:20:17.345552+00,1
8a618ae3-e804-5737-9e3e-64e0f4cdca59,cc116256-a043-51f8-91f1-72852fc3dd25,FC005047,스케네웨이 [홍대],민간(대학로 외),서울특별시 마포구 와우산로 76 (서교동),,37.5511290,126.9235390,valid,KR,Asia/Seoul,,,,1,,,"[""https://www.instagram.com/skene_way""]",false,false,false,false,false,false,false,false,false,false,2026-09-24 03:10:02.64061+00,,2026-09-24 03:20:17.345552+00,2026-09-24 03:20:17.345552+00,1
8aa65561-9daf-58fc-8c5a-0ea618a2871e,cc116256-a043-51f8-91f1-72852fc3dd25,FC005071,쉼잉 서울대입구역점,기타(비공연장),서울특별시 관악구 봉천로 469-17 (봉천동),,37.4826710,126.9524980,valid,KR,Asia/Seoul,,,,1,,,"[""https://cafe.naver.com/shwimming""]",false,false,false,false,false,false,false,false,false,false,2026-09-24 17:30:06.616857+00,,2026-09-25 02:50:17.102193+00,2026-09-25 02:50:17.102193+00,1
8caa2e09-f404-5321-8136-f997287ab024,cc116256-a043-51f8-91f1-72852fc3dd25,FC001429,김천시립문화회관,공공(문예회관),경상북도 김천시 김천로 200 (남산동),,36.1187330,128.1212457,valid,KR,Asia/Seoul,,,2015,1,421,054-439-9487,"[""https://www.gc.go.kr/gcart/contents.do?mId=0200000000""]",false,false,false,false,false,true,true,true,true,true,2026-09-23 20:10:13.012553+00,,2026-09-24 02:00:17.21355+00,2026-09-24 02:00:17.21355+00,1
8de7e680-0464-5b40-be9c-c2163a8085b2,cc116256-a043-51f8-91f1-72852fc3dd25,FC000543,한중문화관,공공(기타),인천광역시 중구 제물량로 238 (항동1가),,37.4735399,126.6187688,valid,KR,Asia/Seoul,,,2005,1,200,032-760-7860,"[""http://www.hanjung.go.kr/""]",false,false,false,false,false,true,true,true,true,true,2026-09-24 02:30:13.028202+00,,2026-09-16 06:14:28.979553+00,2026-09-24 03:25:06.778885+00,2
8e0b65ee-23f9-5306-9f8c-17d9a72f52f1,cc116256-a043-51f8-91f1-72852fc3dd25,FC001812,안성맞춤아트홀,공공(문예회관),경기도 안성시 발화대길 21 (현수동),,37.0010012,127.2790334,valid,KR,Asia/Seoul,,,2017,4,1294,031-660-0666,"[""https://www.anseong.go.kr/arthall/main.do""]",false,true,false,false,true,true,true,true,true,true,2026-09-23 16:10:10.78588+00,,2026-09-24 02:00:17.21355+00,2026-09-24 02:00:17.21355+00,1
8e2328fe-26e4-5ae9-a8ce-170403ca4843,cc116256-a043-51f8-91f1-72852fc3dd25,FC000205,예스24 라이브홀 (구. 악스코리아),민간(대학로 외),서울특별시 광진구 구천면로 20 (광장동),,37.5456881,127.1079671,valid,KR,Asia/Seoul,,,2006,1,1051,02-457-5114,"[""http://www.yes24livehall.com/""]",false,true,false,false,false,false,false,false,false,false,2026-09-23 17:00:10.825565+00,,2026-09-24 02:00:17.21355+00,2026-09-24 02:00:17.21355+00,1
8e5262fc-308d-5e2c-ae6c-ec6332d10733,cc116256-a043-51f8-91f1-72852fc3dd25,FC000332,평택시북부문예회관,공공(문예회관),경기도 평택시 경기대로 1366 (서정동),,37.0668137,127.0649438,valid,KR,Asia/Seoul,,,1991,2,913,031-8053-3570,"[""https://www.pyeongtaek.go.kr/alrimi/contents.do?mId=0204000000""]",false,false,false,false,false,true,false,false,false,false,2026-09-23 18:50:08.729124+00,,2026-09-16 06:14:28.979553+00,2026-09-24 02:01:39.338769+00,2
8e5bfb67-cb30-55c2-9229-182e0fdda1df,cc116256-a043-51f8-91f1-72852fc3dd25,FC004987,향교 [김제],민간(대학로 외),전북특별자치도 김제시 향교길 89-3 (교동),,35.8006310,126.8796430,valid,KR,Asia/Seoul,,,,1,20,,[],false,false,false,false,false,false,false,false,false,false,2026-09-24 02:50:04.456+00,,2026-09-16 06:14:28.979553+00,2026-09-24 03:25:06.778885+00,2
8f93ed14-a4df-5ff5-8913-9e081c772853,cc116256-a043-51f8-91f1-72852fc3dd25,FC002936,스테이지엠 (STAGE M) (구.프란츠홀),민간(대학로 외),대구광역시 남구 중앙대로49길 23(대명동),,35.8552797,128.5892715,valid,KR,Asia/Seoul,,,,1,75,,"[""https://franzhall.modoo.at/""]",false,false,false,false,false,true,false,false,false,false,2026-09-24 16:50:09.005192+00,,2026-09-16 06:14:28.979553+00,2026-09-25 03:53:58.236199+00,2
9011d3ed-0d8c-5775-a115-390685839f0e,cc116256-a043-51f8-91f1-72852fc3dd25,FC001791,노원어린이극장 (구.노원어울림극장),공공(문예회관),서울특별시 노원구 노해로 502 (상계동),,37.6543814,127.0636656,valid,KR,Asia/Seoul,,,2020,1,204,02-2289-3453,"[""https://www.nowonarts.kr/html/""]",false,true,false,true,true,true,true,false,false,true,2026-09-24 17:20:10.61559+00,,2026-09-16 06:14:28.979553+00,2026-09-25 03:53:58.236199+00,2
9034618d-528e-51f6-9907-9445538f88c4,cc116256-a043-51f8-91f1-72852fc3dd25,FC000152,한성아트홀(구. 인켈아트홀),민간(대학로),서울특별시 종로구 창경궁로 254 (명륜2가),,37.5728677,126.9970786,valid,KR,Asia/Seoul,,,1990,2,400,02-741-0251,[],false,false,false,false,false,true,false,false,false,false,2026-09-23 18:00:05.217234+00,,2026-09-24 02:00:17.21355+00,2026-09-24 02:00:17.21355+00,1
906ebd57-2733-5036-9ac0-9599ae1a720b,cc116256-a043-51f8-91f1-72852fc3dd25,FC003913,이들스,민간(대학로 외),서울특별시 종로구 삼일대로 428 (낙원동),,37.5722170,126.9876446,valid,KR,Asia/Seoul,,,2023,1,150,02-763-0921,"[""https://www.instagram.com/edls_official""]",true,false,false,false,false,false,false,false,false,false,2026-09-24 16:30:06.783662+00,,2026-09-25 02:50:17.102193+00,2026-09-25 02:50:17.102193+00,1
90df2463-4b9c-5d90-8e2f-e1b278d39a00,cc116256-a043-51f8-91f1-72852fc3dd25,FC001209,공간아울,민간(대학로),서울특별시 종로구 대학로 120 (동숭동),,37.5818372,127.0022796,valid,KR,Asia/Seoul,,,2010,1,172,02-3675-0116,[],true,false,false,false,false,false,false,false,false,false,2026-09-24 05:00:06.670988+00,,2026-09-25 02:50:17.102193+00,2026-09-25 02:50:17.102193+00,1
914c922a-1e44-525e-996c-03548595623e,cc116256-a043-51f8-91f1-72852fc3dd25,FC000479,전북예술회관,공공(문예회관),전라북도 전주시 완산구 팔달로 161 (경원동1가),,35.8167967,127.1471251,valid,KR,Asia/Seoul,,,1982,1,357,063-270-8000,"[""http://www.sori21.co.kr/index.sko?menuCd=AA03011000000""]",false,false,false,false,false,true,false,false,false,false,2026-09-24 03:00:02.609253+00,,2026-09-16 06:14:28.979553+00,2026-09-24 03:25:06.778885+00,2
914ca249-1410-50df-abac-f9ec7d039110,cc116256-a043-51f8-91f1-72852fc3dd25,FC001691,조이마루아트홀,민간(대학로 외),대전광역시 유성구 엑스포로97번길 40 (도룡동),,36.3767096,127.3908037,valid,KR,Asia/Seoul,,,2014,1,446,042-862-2221,[],true,true,false,false,true,true,true,false,false,false,2026-09-24 01:20:14.27041+00,,2026-09-24 02:00:17.21355+00,2026-09-24 02:00:17.21355+00,1
9183c268-6830-58ee-a50f-b0806d65cf76,cc116256-a043-51f8-91f1-72852fc3dd25,FC001316,국립민속국악원,국립,전라북도 남원시 양림길 54 - 0 국립민속국악원,,35.4018262,127.3914255,valid,KR,Asia/Seoul,,,1997,2,744,063-620-2324,"[""https://namwon.gugak.go.kr/site/main/main.do""]",false,false,false,false,false,true,false,false,false,false,2026-09-24 00:30:02.786188+00,,2026-09-16 06:14:28.979553+00,2026-09-24 02:01:39.338769+00,2
9227cc37-37d7-5531-8915-62cc16bdaee2,cc116256-a043-51f8-91f1-72852fc3dd25,FC001600,비유아트홀(구. 효천아트센터 그라운드씬),민간(대학로),서울특별시 종로구 성균관로 87 (명륜1가),,37.5899206,126.9982675,valid,KR,Asia/Seoul,,,2010,1,200,02-3676-2352,[],false,false,false,false,false,false,false,false,false,false,2026-09-24 01:00:17.490668+00,,2026-09-24 02:00:17.21355+00,2026-09-24 02:00:17.21355+00,1
92a4f56c-780c-50e3-9243-75fe5e12b46f,cc116256-a043-51f8-91f1-72852fc3dd25,FC001216,서강대 메리홀,민간(대학로 외),서울특별시 마포구 백범로 35 서강대학교,,37.5499528,126.9391127,valid,KR,Asia/Seoul,,,1970,2,528,02-705-8743,[],false,false,false,false,false,true,false,false,false,false,2026-09-23 19:20:04.327957+00,,2026-09-16 06:14:28.979553+00,2026-09-24 02:01:39.338769+00,2
92b8293f-cc8c-5fbc-bd70-264c43217a90,cc116256-a043-51f8-91f1-72852fc3dd25,FC001908,고려대학교 화정체육관,기타(비공연장),서울특별시 성북구 안암로 145 (안암동5가),,37.5929400,127.0249030,valid,KR,Asia/Seoul,,,2006,1,8057,02-3290-4097,"[""http://hwajung.korea.ac.kr/main.do""]",true,false,false,false,false,true,true,true,false,false,2026-09-23 19:50:12.249864+00,,2026-09-24 02:00:17.21355+00,2026-09-24 02:00:17.21355+00,1
92d9f28e-1445-5649-8ad5-4469188b88ad,cc116256-a043-51f8-91f1-72852fc3dd25,FC001219,티엘아이 아트센터,민간(대학로 외),경기도 성남시 중원구 양현로405번길 12,,37.4179850,127.1273942,valid,KR,Asia/Seoul,,,2013,1,244,031-779-1500,"[""http://www.tliart.co.kr/""]",false,true,false,false,false,true,true,false,false,false,2026-09-24 00:50:08.252484+00,,2026-09-24 02:00:17.21355+00,2026-09-24 02:00:17.21355+00,1
932e2819-6684-5bab-8441-6f27c2c68c6e,cc116256-a043-51f8-91f1-72852fc3dd25,FC001645,복합문화공간에무,민간(대학로 외),서울특별시 종로구 경희궁1가길 7 (신문로2가),,37.5720343,126.9689848,valid,KR,Asia/Seoul,,,2010,4,253,02-730-5516,"[""http://www.emuartspace.com/bbs/m/main.php?type=main&ep=ep205032292582d223ceaa81&gp=all""]",false,true,false,false,false,true,true,false,false,false,2026-09-23 18:40:04.938519+00,,2026-09-24 02:00:17.21355+00,2026-09-24 02:00:17.21355+00,1
935485c0-86a7-55d4-8927-228a0927c3fb,cc116256-a043-51f8-91f1-72852fc3dd25,FC000491,목포시민문화체육센터,공공(문예회관),전남광주통합특별시 목포시 부주로 312 (옥암동),,34.8122752,126.4367928,valid,KR,Asia/Seoul,,,2004,3,2057,061-270-8376,"[""http://art.mokpo.go.kr/""]",true,false,false,false,false,true,true,true,true,true,2026-09-23 16:00:04.394542+00,,2026-09-24 02:00:17.21355+00,2026-09-24 02:00:17.21355+00,1
93be73cc-11d1-51e9-a431-d78b0d97a449,cc116256-a043-51f8-91f1-72852fc3dd25,FC001336,후용공연예술센터,민간(대학로 외),강원도 원주시 문막읍 비야동길 11,,37.3125960,127.8172289,valid,KR,Asia/Seoul,,,2001,2,440,033-732-0827,"[""http://www.hooyongartscentre.com/main.php""]",false,false,false,false,false,true,false,false,false,false,2026-09-24 18:30:02.639034+00,,2026-09-25 02:50:17.102193+00,2026-09-25 02:50:17.102193+00,1
93d489cd-3adc-55f4-8643-fa2ccfd8d2b5,cc116256-a043-51f8-91f1-72852fc3dd25,FC000219,인천수봉문화회관,공공(문예회관),인천광역시 남구 수봉안길 78 (숭의동),,37.4615074,126.6622683,valid,KR,Asia/Seoul,,,1982,2,160,032-873-5174,"[""http://artin.or.kr/artin_new.htm""]",false,false,false,false,false,true,true,true,true,false,2026-09-24 18:50:15.225598+00,,2026-09-25 02:50:17.102193+00,2026-09-25 02:50:17.102193+00,1
942e8c50-8caa-57d5-80cb-b1bebe786db5,cc116256-a043-51f8-91f1-72852fc3dd25,FC002906,다리 소극장,민간(대학로 외),서울특별시 마포구 월드컵북로2길 49(동교동),,37.5572115,126.9230290,valid,KR,Asia/Seoul,,,,1,200,02-338-7831,[],false,false,false,false,false,false,false,false,false,false,2026-09-24 04:10:10.980296+00,,2026-09-25 02:50:17.102193+00,2026-09-25 02:50:17.102193+00,1
9461d15b-3d94-5f4e-8179-be05213cfa5e,cc116256-a043-51f8-91f1-72852fc3dd25,FC001565,레미어린이극장 [금천],민간(대학로 외),서울특별시 금천구 두산로 71 (독산동),,37.4704705,126.8956692,valid,KR,Asia/Seoul,,,2012,1,194,02-868-5961,"[""http://www.reomusical.com/new/main/main.htm""]",true,true,true,true,true,true,true,true,true,true,2026-09-23 17:20:07.385564+00,,2026-09-24 02:00:17.21355+00,2026-09-24 02:00:17.21355+00,1
94b2052b-365d-5324-aff9-b08dd147a776,cc116256-a043-51f8-91f1-72852fc3dd25,FC004548,나인 씨어터,민간(대학로),서울특별시 종로구 대학로8가길 30 (동숭동),,37.5822870,127.0025580,valid,KR,Asia/Seoul,,,,1,100,,[],false,false,false,false,false,false,false,false,false,false,2026-09-24 04:30:08.54451+00,,2026-09-25 02:50:17.102193+00,2026-09-25 02:50:17.102193+00,1
94bc5b50-77e1-5796-b352-ebbb19ce555e,cc116256-a043-51f8-91f1-72852fc3dd25,FC001428,한국콘텐츠진흥원 CKL스테이지,공공(기타),서울특별시 중구 청계천로 40,,37.5684894,126.9816134,valid,KR,Asia/Seoul,,,2015,1,190,02-6441-3951,"[""https://venture.ckl.or.kr/stage/main.do""]",false,true,false,false,false,true,true,false,false,false,2026-09-24 01:30:17.362558+00,,2026-09-24 02:00:17.21355+00,2026-09-24 02:00:17.21355+00,1
94f60e5b-a783-580f-85d0-65d4f991d0e5,cc116256-a043-51f8-91f1-72852fc3dd25,FC001099,댕로홀,민간(대학로),서울특별시 종로구 대학로12길 50 (동숭동),,37.5818195,127.0037098,valid,KR,Asia/Seoul,,,2005,1,83,070-8600-8342,[],false,false,false,false,false,false,false,false,false,false,2026-09-24 04:40:02.307809+00,,2026-09-25 02:50:17.102193+00,2026-09-25 02:50:17.102193+00,1
950231a2-00df-5b83-97e6-eca896ef4a93,cc116256-a043-51f8-91f1-72852fc3dd25,FC000526,연우소극장,민간(대학로),서울특별시 종로구 창경궁로35길 21 (혜화동),,37.5869515,127.0017528,valid,KR,Asia/Seoul,,,1987,1,100,02-744-7090,"[""https://iyeonwoo.modoo.at/""]",false,false,false,false,false,false,false,false,false,false,2026-09-23 22:00:17.244277+00,,2026-09-24 02:00:17.21355+00,2026-09-24 02:00:17.21355+00,1
95396cab-9da2-540e-91be-a9299975c99f,cc116256-a043-51f8-91f1-72852fc3dd25,FC004816,음악의집,민간(대학로 외),"서울특별시 서초구 언남길 15-13 (양재동, 파크하우스)",,37.4709730,127.0408760,valid,KR,Asia/Seoul,,,,1,,,"[""https://www.instagram.com/la_casa_dei_suoni""]",false,false,false,false,false,false,false,false,false,false,2026-09-23 23:20:17.191265+00,,2026-09-24 02:00:17.21355+00,2026-09-24 02:00:17.21355+00,1
9565aea1-25f4-55c5-b7d5-e2a875a6cbd1,cc116256-a043-51f8-91f1-72852fc3dd25,FC003951,갤러리 디 아르테 청담,민간(대학로 외),"서울특별시 강남구 영동대로131길 14 (청담동, 청담동테라스)",,37.5205582,127.0551411,valid,KR,Asia/Seoul,,,,1,,,"[""https://www.artewith.com/""]",false,false,false,false,false,false,false,false,false,false,2026-09-24 05:40:03.619463+00,,2026-09-25 02:50:17.102193+00,2026-09-25 02:50:17.102193+00,1
959f0a30-5da6-5f58-856f-b0cfc6edc385,cc116256-a043-51f8-91f1-72852fc3dd25,FC002349,서울어린이대공원,기타(비공연장),서울특별시 광진구 능동로 216 (능동),,37.5495623,127.0810303,valid,KR,Asia/Seoul,,,2009,3,8454,02-450-9311,"[""http://www.sisul.or.kr/open_content/childrenpark/""]",true,true,false,false,true,true,true,true,true,false,2026-09-24 04:00:13.089266+00,,2026-09-25 02:50:17.102193+00,2026-09-25 02:50:17.102193+00,1
9642b676-c456-5835-8ead-b3def06a140d,cc116256-a043-51f8-91f1-72852fc3dd25,FC000666,문산행복센터,공공(문예회관),경기도 파주시 문산읍 통일로 1680,,37.8567239,126.7909181,valid,KR,Asia/Seoul,,,2011,2,563,031-950-1800,"[""https://pajucf.or.kr:446/munsan/facility.php""]",true,false,false,true,true,true,true,false,true,false,2026-09-24 01:40:16.972423+00,,2026-09-16 06:14:28.979553+00,2026-09-24 02:01:39.338769+00,2
964c81e8-7805-51da-83ba-87d84d8b05f5,cc116256-a043-51f8-91f1-72852fc3dd25,FC001629,일신홀,민간(대학로 외),서울특별시 용산구 한남대로 98 (한남동),,37.5372055,127.0055232,valid,KR,Asia/Seoul,,,2009,1,189,02-790-3364,"[""http://ilshinhall.com/""]",false,false,false,false,false,true,false,false,false,false,2026-09-24 16:40:12.758929+00,,2026-09-25 02:50:17.102193+00,2026-09-25 02:50:17.102193+00,1
96c28af3-4f2a-55c4-b613-fe7e1f060562,cc116256-a043-51f8-91f1-72852fc3dd25,FC004876,문화공간터틀 검단,공공(기타),인천광역시 서구 완정로 144 (마전동),,37.6010850,126.6603560,valid,KR,Asia/Seoul,,,,1,60,,"[""https://www.iscf.kr/_new/html/centerIntro/turtle.php""]",false,false,false,false,false,false,false,false,false,false,2026-09-23 21:30:11.711751+00,,2026-09-24 02:00:17.21355+00,2026-09-24 02:00:17.21355+00,1
96cc5434-d18d-544b-81da-1d4f175243a5,cc116256-a043-51f8-91f1-72852fc3dd25,FC001608,웨스트브릿지 라이브홀,민간(대학로 외),서울특별시 마포구 와우산로25길 6 (서교동),,37.5536390,126.9261445,valid,KR,Asia/Seoul,,,2015,1,160,02-325-9660,"[""http://www.west-bridge.co.kr/main/main.asp""]",false,false,false,false,false,false,false,false,false,false,2026-09-23 19:30:16.931053+00,,2026-09-16 06:14:28.979553+00,2026-09-24 02:01:39.338769+00,2
97462e4d-0cbb-5843-a5ee-95f9d0296799,cc116256-a043-51f8-91f1-72852fc3dd25,FC001631,창작플랫폼 경험과 상상,민간(대학로 외),"서울특별시 영등포구 선유동2로 56 (당산동5가, 유원제일2차아파트)",,37.5329180,126.8988554,valid,KR,Asia/Seoul,,,2017,1,50,02-6949-2016,"[""https://sites.google.com/view/enitheater2014""]",false,false,false,false,false,false,false,false,false,false,2026-09-23 23:10:04.198534+00,,2026-09-24 02:00:17.21355+00,2026-09-24 02:00:17.21355+00,1
9750d38e-dc4e-5c46-9265-07f7202c6fff,cc116256-a043-51f8-91f1-72852fc3dd25,FC000013,인천문화예술회관,공공(문예회관),인천광역시 남동구 예술로 149 (구월동),,37.4477666,126.7000833,valid,KR,Asia/Seoul,,,1994,5,2236,032-427-8401,"[""https://www.incheon.go.kr/art/index""]",false,false,false,true,true,true,true,true,true,true,2026-09-23 20:20:02.435549+00,,2026-09-16 06:14:28.979553+00,2026-09-24 02:01:39.338769+00,2
9783a79a-84a5-5dd2-ab22-cf6d7b7af544,cc116256-a043-51f8-91f1-72852fc3dd25,FC000068,빛고을시민문화관,공공(문예회관),전남광주통합특별시 남구 천변좌로338번길 7 (구동),,35.1481359,126.9086454,valid,KR,Asia/Seoul,,,2010,2,815,062-670-7931,"[""http://bitculture.gjcf.or.kr/php/""]",false,false,false,false,false,true,false,false,false,false,2026-09-24 01:10:14.681104+00,,2026-09-16 06:14:28.979553+00,2026-09-24 02:01:39.338769+00,2
97e93839-04d2-52ab-931a-0421eec2be18,cc116256-a043-51f8-91f1-72852fc3dd25,FC001411,페리지홀,민간(대학로 외),서울특별시 서초구 반포대로 18 (서초동),,37.4821798,127.0126517,valid,KR,Asia/Seoul,,,2013,1,202,070-4676-7032,"[""http://www.perigee.co.kr/hall/about/""]",false,false,false,false,false,true,false,false,false,false,2026-09-23 22:20:14.421648+00,,2026-09-24 02:00:17.21355+00,2026-09-24 02:00:17.21355+00,1
97f17c4b-a852-53af-b465-e4e7f1f6bdcf,cc116256-a043-51f8-91f1-72852fc3dd25,FC004661,상대포 역사공원,공공(기타),전남광주통합특별시 영암군 군서면 구림로 147,,34.7611030,126.6173840,valid,KR,Asia/Seoul,,,,1,,,[],false,false,false,false,false,false,false,false,false,false,2026-09-24 01:30:13.053933+00,,2026-09-24 02:00:17.21355+00,2026-09-24 02:00:17.21355+00,1
97f5d98a-fb1a-5fa5-b233-df09a2709662,cc116256-a043-51f8-91f1-72852fc3dd25,FC001167,군포문화예술회관,공공(문예회관),경기도 군포시 고산로 599 (산본동),,37.3661695,126.9275912,valid,KR,Asia/Seoul,,,1998,3,2573,031-390-3500,"[""http://www.gunpoart.net/?pid=B""]",true,false,true,true,false,true,true,true,true,true,2026-09-24 02:10:09.085712+00,,2026-09-24 03:20:17.345552+00,2026-09-24 03:20:17.345552+00,1
98e17f61-a2ab-5660-b11c-06c0e1e44120,cc116256-a043-51f8-91f1-72852fc3dd25,FC000017,경기아트센터(구. 경기도문화의전당),공공(문예회관),경기도 수원시 팔달구 효원로307번길 20 (인계동) 경기도문화의전당,,37.2618899,127.0374319,valid,KR,Asia/Seoul,,,1991,6,3032,031-230-3200,"[""http://www.ggac.or.kr/""]",true,false,false,false,false,true,true,true,false,false,2026-09-23 16:20:17.055151+00,,2026-09-16 06:14:28.979553+00,2026-09-24 02:01:39.338769+00,2
9903823c-6bc5-540b-8fa2-a28422cab4bc,cc116256-a043-51f8-91f1-72852fc3dd25,FC003168,헤르만아트홀,민간(대학로 외),"서울특별시 성동구 상원6나길 24(성수동1가, 청호 서울숲 뜨레피움 오피스텔)",,37.5478713,127.0500545,valid,KR,Asia/Seoul,,,2022,1,120,02-6212-1747,"[""https://www.hermannarthall.com/""]",false,false,false,false,false,false,false,false,false,false,2026-09-23 21:40:10.593513+00,,2026-09-24 02:00:17.21355+00,2026-09-24 02:00:17.21355+00,1
9973adc3-c692-5561-94bb-8165a19d944f,cc116256-a043-51f8-91f1-72852fc3dd25,FC004071,경주 금리단길 일대,기타(비공연장),경상북도 경주시 원효로 127 (황오동),,35.8423817,129.2135034,valid,KR,Asia/Seoul,,,,1,,,[],false,false,false,false,false,false,false,false,false,false,2026-09-24 05:30:08.640913+00,,2026-09-16 06:14:28.979553+00,2026-09-25 03:53:58.236199+00,2
99ad838a-8e83-56eb-b812-30eb83ea2326,cc116256-a043-51f8-91f1-72852fc3dd25,FC004761,롯데시네마 [도곡],민간(대학로 외),서울특별시 강남구 남부순환로 2753 (도곡동),,37.4874740,127.0471050,valid,KR,Asia/Seoul,,,,1,302,,"[""https://www.lottecinema.co.kr/NLCHS/Cinema/Detail?divisionCode=1&detailDivisionCode=1&cinemaID=1023""]",false,false,false,false,false,true,false,false,false,false,2026-09-24 05:50:17.386026+00,,2026-09-25 02:50:17.102193+00,2026-09-25 02:50:17.102193+00,1
99d793d0-02e6-5cf0-bba3-bb844d61a2cb,cc116256-a043-51f8-91f1-72852fc3dd25,FC000469,전북대학교 삼성문화회관,공공(기타),전북특별자치도 전주시 덕진구 권삼득로 290 (금암동),,35.8432100,127.1300560,valid,KR,Asia/Seoul,,,1998,2,1717,063-270-2089,"[""https://ssac.jbnu.ac.kr/main/""]",true,true,true,false,false,true,true,false,true,false,2026-09-23 16:00:06.480478+00,,2026-09-24 02:00:17.21355+00,2026-09-24 02:00:17.21355+00,1
99ed8120-9958-565d-9477-8ce95a3b13ec,cc116256-a043-51f8-91f1-72852fc3dd25,FC001269,우진문화공간,민간(대학로 외),전북특별자치도 전주시 덕진구 전주천동로 376 (진북동),,35.8275126,127.1304119,valid,KR,Asia/Seoul,,,1991,1,162,063-272-7223,"[""http://woojin.or.kr/index.html""]",false,false,false,false,false,true,false,true,false,false,2026-09-24 05:30:04.486625+00,,2026-09-16 06:14:28.979553+00,2026-09-25 03:53:58.236199+00,2
9b5dcfad-2a6b-5e39-94da-1095c78e3117,cc116256-a043-51f8-91f1-72852fc3dd25,FC001635,대한성공회 서울주교좌성당,민간(대학로 외),서울특별시 중구 세종대로21길 15 (정동),,37.5671180,126.9760530,valid,KR,Asia/Seoul,,,1891,1,200,02-730-6611,"[""http://www.cathedral.or.kr/""]",false,true,false,false,false,true,false,true,true,true,2026-09-24 04:10:06.565355+00,,2026-09-25 02:50:17.102193+00,2026-09-25 02:50:17.102193+00,1
9ba2828f-863c-53ca-9c87-3dee5830bf3c,cc116256-a043-51f8-91f1-72852fc3dd25,FC001873,아트센터 인천,공공(문예회관),인천광역시 연수구 아트센터대로 222 (송도동),,37.3934841,126.6309586,valid,KR,Asia/Seoul,,,2018,2,3796,032-453-7700,"[""http://www.aci.or.kr/""]",false,false,false,true,true,true,true,true,false,true,2026-09-23 16:10:13.00187+00,,2026-09-16 06:14:28.979553+00,2026-09-24 02:01:39.338769+00,2
9c70ee28-05ce-584f-a05d-9ad657436c77,cc116256-a043-51f8-91f1-72852fc3dd25,FC001085,소극장 혜화당 (구. 까망소극장),민간(대학로),서울특별시 종로구 대학로12길 63 (동숭동),,37.5812279,127.0039110,valid,KR,Asia/Seoul,,,1993,1,115,02-742-1505,"[""http://blog.naver.com/hehwadang""]",true,false,false,false,false,false,false,false,false,false,2026-09-23 16:50:15.068452+00,,2026-09-24 02:00:17.21355+00,2026-09-24 02:00:17.21355+00,1
9ccb65d0-2d31-5e54-99bf-ead25504b436,cc116256-a043-51f8-91f1-72852fc3dd25,FC000521,강원대학교 백령아트센터,공공(기타),강원도 춘천시 강원대학길 1 (효자동),,37.8691719,127.7445395,valid,KR,Asia/Seoul,,,1994,2,1600,033-250-7201,"[""https://kwbc.kangwon.ac.kr/""]",false,false,false,true,false,true,true,true,true,false,2026-09-23 19:50:14.322988+00,,2026-09-24 02:00:17.21355+00,2026-09-24 02:00:17.21355+00,1
9d00f094-7b05-5594-a32a-518c0ad91820,cc116256-a043-51f8-91f1-72852fc3dd25,FC001361,성북마을극장,민간(대학로),서울특별시 성북구 동소문로20다길 10 (동선동1가),,37.5915775,127.0173297,valid,KR,Asia/Seoul,,,2015,1,68,010-3385-4155,"[""http://sbtheater.modoo.at/""]",false,false,false,false,false,false,false,false,false,false,2026-09-24 05:00:08.756753+00,,2026-09-25 02:50:17.102193+00,2026-09-25 02:50:17.102193+00,1
9dc72482-e580-540b-b580-ab8dee0de010,cc116256-a043-51f8-91f1-72852fc3dd25,FC003868,대학로 무하아트센터,민간(대학로),서울특별시 종로구 이화장길 72 (동숭동),,37.5784995,127.0046477,valid,KR,Asia/Seoul,,,,2,164,,[],false,false,false,false,false,false,false,false,false,false,2026-09-24 06:20:10.875724+00,,2026-09-25 02:50:17.102193+00,2026-09-25 02:50:17.102193+00,1
9dd522d8-73dd-5f2a-aba3-3359bcf1907d,cc116256-a043-51f8-91f1-72852fc3dd25,FC000877,3.15아트센터,공공(문예회관),경상남도 창원시 마산회원구 삼호로 135 (양덕동),,35.2258781,128.5772021,valid,KR,Asia/Seoul,,,2008,3,1747,055-719-7800,"[""http://www.cwcf.or.kr/facility/facility_315art.asp""]",false,true,false,false,false,true,true,true,false,false,2026-09-23 19:50:01.949232+00,,2026-09-24 02:00:17.21355+00,2026-09-24 02:00:17.21355+00,1
9df904b3-b316-58d1-820b-7bbd073f9348,cc116256-a043-51f8-91f1-72852fc3dd25,FC002622,엠피엠지,기타(비공연장),서울특별시 마포구 서강로 78 (창전동),,37.5500559,126.9325997,valid,KR,Asia/Seoul,,,1993,1,30,02-322-5684,"[""https://www.mpmg.co.kr/m""]",false,true,false,false,false,true,false,false,false,false,2026-09-24 18:30:04.583288+00,,2026-09-25 02:50:17.102193+00,2026-09-25 02:50:17.102193+00,1
9e15e1ed-f771-5fca-bc5b-7ba96f2cf5cf,cc116256-a043-51f8-91f1-72852fc3dd25,FC001958,반포심산아트홀,공공(기타),서울특별시 서초구 사평대로 55 (반포동),,37.4988598,126.9905166,valid,KR,Asia/Seoul,,,2011,1,405,02-3477-2666,[],false,false,false,false,false,true,true,true,false,false,2026-09-23 16:00:12.738343+00,,2026-09-24 02:00:17.21355+00,2026-09-24 02:00:17.21355+00,1
9e1fba6a-12c0-5528-af49-d9e75c835b4e,cc116256-a043-51f8-91f1-72852fc3dd25,FC000847,"NOL 씨어터 합정(구, 신한카드 SOL페이 스퀘어)",민간(대학로 외),"서울특별시 마포구 양화로 45 (서교동, 메세나폴리스)",,37.5515008,126.9139502,valid,KR,Asia/Seoul,,,2013,2,720,00-1544-1555,"[""https://noltheater-hapjeong.com""]",false,true,false,false,true,true,true,true,false,true,2026-09-24 17:00:10.676998+00,,2026-09-25 02:50:17.102193+00,2026-09-25 02:50:17.102193+00,1
9e4f6671-ceb2-597b-8598-7ccaf22c2922,cc116256-a043-51f8-91f1-72852fc3dd25,FC002916,더뮤지션,민간(대학로 외),전라북도 전주시 완산구 전주객사3길 35(고사동),,35.8187007,127.1420682,valid,KR,Asia/Seoul,,,,1,,010-2281-6321,"[""https://www.instagram.com/the_musician_korea/""]",false,true,false,false,false,false,false,false,false,false,2026-09-24 06:30:10.742972+00,,2026-09-25 02:50:17.102193+00,2026-09-25 02:50:17.102193+00,1
9e9cb26d-bd00-59d6-b550-2b830a45a83c,cc116256-a043-51f8-91f1-72852fc3dd25,FC001137,안똔체홉극장,민간(대학로),서울특별시 종로구 성균관로3길 23 (명륜3가),,37.5830504,126.9970100,valid,KR,Asia/Seoul,,,2007,2,65,02-745-8960,"[""http://www.chekhov.co.kr""]",false,false,false,false,false,false,false,false,false,false,2026-09-24 03:40:04.459344+00,,2026-09-24 03:40:17.060409+00,2026-09-24 03:40:17.060409+00,1
9eba9eab-bed6-571f-bfa5-12a808942ab6,cc116256-a043-51f8-91f1-72852fc3dd25,FC001575,JCC 아트센터,민간(대학로),서울특별시 종로구 창경궁로35길 29 (혜화동) JCC 아트센터,,37.5869508,127.0017267,valid,KR,Asia/Seoul,,,2015,4,175,02-2138-7373,"[""http://www.jeijcc.org/intro.html""]",false,true,true,false,false,true,false,true,false,false,2026-09-24 02:00:15.08232+00,,2026-09-24 02:00:17.21355+00,2026-09-24 02:00:17.21355+00,1
9edfbf03-fd17-5386-8f1e-5890a4d9100a,cc116256-a043-51f8-91f1-72852fc3dd25,FC001462,상상나라극장,공공(기타),서울특별시 광진구 능동로 216 (능동),,37.5520117,127.0787724,valid,KR,Asia/Seoul,,,,1,212,02-1600-8534,"[""https://www.seoulchildrensmuseum.org/""]",false,false,false,false,false,false,false,false,false,false,2026-09-24 03:30:11.483364+00,,2026-09-24 03:40:17.060409+00,2026-09-24 03:40:17.060409+00,1
9f327273-050e-5d9f-9bd2-2bd111a1ae74,cc116256-a043-51f8-91f1-72852fc3dd25,FC003861,로데아트센터,민간(대학로 외),서울특별시 서초구 남부순환로317길 79 (서초동),,37.4831337,127.0103014,valid,KR,Asia/Seoul,,,2024,3,349,,[],false,false,false,false,false,true,true,false,false,false,2026-09-24 16:30:08.908204+00,,2026-09-25 02:50:17.102193+00,2026-09-25 02:50:17.102193+00,1
9fc7952f-eb93-53b4-9de8-8ba77c2132a9,cc116256-a043-51f8-91f1-72852fc3dd25,FC000548,예주문화예술회관,공공(문예회관),경상북도 영덕군 영해면 318만세길 36,,36.5297890,129.4049886,valid,KR,Asia/Seoul,,,2004,2,685,054-730-7774,"[""http://art.yd.go.kr/""]",false,false,false,false,false,true,true,true,true,false,2026-09-23 21:30:16.04941+00,,2026-09-24 02:00:17.21355+00,2026-09-24 02:00:17.21355+00,1
9fca69c9-f335-5a3b-9fa8-325c0ae3519d,cc116256-a043-51f8-91f1-72852fc3dd25,FC001292,대덕구청소년어울림센터(구. 대덕청소년수련관),공공(기타),대전광역시 대덕구 쌍청당로 25 (중리동),,36.3644802,127.4342544,valid,KR,Asia/Seoul,,,1998,1,413,042-626-7728,"[""http://www.dd1318.com/youth""]",true,false,false,false,false,true,false,false,false,false,2026-09-23 22:30:12.487287+00,,2026-09-24 02:00:17.21355+00,2026-09-24 02:00:17.21355+00,1
a05381ea-de1c-56a4-9aa6-a9911ed2c11c,cc116256-a043-51f8-91f1-72852fc3dd25,FC003466,SCN 아트홀,민간(대학로 외),경기도 화성시 병점로 37-6 (진안동),,37.2110518,127.0383312,valid,KR,Asia/Seoul,,,,1,60,070-4218-9928,"[""https://scn.modoo.at/""]",false,false,false,false,false,false,false,false,false,false,2026-09-23 20:10:02.737473+00,,2026-09-24 02:00:17.21355+00,2026-09-24 02:00:17.21355+00,1
a1e127c7-6ad7-5627-a58a-e4e4f64f66d3,cc116256-a043-51f8-91f1-72852fc3dd25,FC003561,정심아트홀,민간(대학로 외),충청북도 청주시 상당구 교서로 16-5 (영동),,36.6382992,127.4868790,valid,KR,Asia/Seoul,,,2023,1,85,043-255-7774,[],false,false,false,false,false,false,false,false,false,false,2026-09-23 22:30:04.085833+00,,2026-09-24 02:00:17.21355+00,2026-09-24 02:00:17.21355+00,1
a27d525c-78de-5b4e-bea4-3747d2163c71,cc116256-a043-51f8-91f1-72852fc3dd25,FC005068,스페이스 빔,기타(비공연장),인천광역시 제물포구 서해대로513번길 15 (창영동),,37.4721680,126.6367060,valid,KR,Asia/Seoul,,,,1,,,"[""https://spacebeam.net/""]",false,false,false,false,false,false,false,false,false,false,2026-09-14 15:09:11+00,,2026-09-16 06:14:28.979553+00,2026-09-16 06:14:28.979553+00,1
a2bf9bc3-9a3a-50bf-8a4c-0b3dc8807e48,cc116256-a043-51f8-91f1-72852fc3dd25,FC000642,동두천시민회관,공공(문예회관),경기도 동두천시 어수로 4 (상패동),,37.9052445,127.0430091,valid,KR,Asia/Seoul,,,1992,1,480,031-860-2063,[],false,false,false,false,false,true,true,false,false,false,2026-09-24 19:10:02.81512+00,,2026-09-25 02:50:17.102193+00,2026-09-25 02:50:17.102193+00,1
a2e74de3-7c24-5a25-ab71-7d0336ab03ef,cc116256-a043-51f8-91f1-72852fc3dd25,FC003045,LG아트센터 서울,민간(대학로 외),서울특별시 강서구 마곡중앙로 136(마곡동),,37.5653630,126.8293888,valid,KR,Asia/Seoul,,,2022,2,1700,00-1661-0017,"[""https://www.lgart.com/Home/Main""]",false,false,false,false,false,false,false,false,false,false,2026-09-23 18:20:12.915299+00,,2026-09-24 02:00:17.21355+00,2026-09-24 02:00:17.21355+00,1
a3600cbd-caa0-551b-a40e-fd9ed6cb8342,cc116256-a043-51f8-91f1-72852fc3dd25,FC001081,경주세계문화엑스포,공공(기타),경상북도 경주시 경감로 614 (천군동),,35.8320536,129.2881160,valid,KR,Asia/Seoul,,,1995,3,2374,054-748-3011,"[""http://www.cultureexpo.or.kr/open.content/ko/""]",false,true,false,false,true,true,true,true,true,true,2026-09-23 15:40:09.890395+00,,2026-09-24 02:00:17.21355+00,2026-09-24 02:00:17.21355+00,1
a3c0be1e-f0a8-5134-af62-4ca8621abaa0,cc116256-a043-51f8-91f1-72852fc3dd25,FC004419,앳모스피어 뮤직홀,민간(대학로 외),경기도 남양주시 수동면 축령산로165번길 44,,37.7546070,127.3131590,valid,KR,Asia/Seoul,,,,1,,,[],false,false,false,false,false,false,false,false,false,false,2026-09-23 21:10:14.936931+00,,2026-09-24 02:00:17.21355+00,2026-09-24 02:00:17.21355+00,1
a3e63a08-42ee-512e-b962-2d1d77ab8bb4,cc116256-a043-51f8-91f1-72852fc3dd25,FC003150,부천아트센터,공공(기타),경기도 부천시 소향로 165(중동),,37.5021641,126.7663981,valid,KR,Asia/Seoul,,,2023,2,1749,00-1533-0202,"[""https://www.bac.or.kr/home/ko/main""]",false,false,false,false,false,false,false,false,false,false,2026-09-23 17:50:12.795744+00,,2026-09-16 06:14:28.979553+00,2026-09-24 02:01:39.338769+00,2
a4a489bb-8522-55a5-ae70-3fadb5c24c87,cc116256-a043-51f8-91f1-72852fc3dd25,FC001381,꿈꾸는씨어터,민간(대학로 외),대구광역시 남구 현충로 148 (대명동),,35.8460663,128.5804197,valid,KR,Asia/Seoul,,,2013,1,120,00-1600-8325,"[""http://www.kkumter.co.kr""]",false,false,false,false,false,true,false,false,false,false,2026-09-23 19:10:10.681567+00,,2026-09-16 06:14:28.979553+00,2026-09-24 02:01:39.338769+00,2
a4c84eeb-e6c9-592b-8315-08331d254b1c,cc116256-a043-51f8-91f1-72852fc3dd25,FC001577,대구보건대 인당아트홀,민간(대학로 외),대구광역시 북구 영송로 15 (태전동),,35.9276807,128.5435641,valid,KR,Asia/Seoul,,,2008,1,1139,053-320-1300,"[""http://www.dhc.ac.kr/indang/""]",true,true,true,false,false,true,true,false,false,false,2026-09-24 18:00:17.619596+00,,2026-09-25 02:50:17.102193+00,2026-09-25 02:50:17.102193+00,1
a541fe02-0b79-5b1a-b642-28cb286fad5b,cc116256-a043-51f8-91f1-72852fc3dd25,FC004981,양주문화체육센터,공공(기타),경상남도 양산시 강변로 322 (남부동),,35.3281460,129.0236980,valid,KR,Asia/Seoul,,,,1,156,,"[""https://www.yssisul.or.kr/stms/yj""]",false,false,false,false,false,false,false,false,false,false,2026-09-24 01:50:06.48116+00,,2026-09-24 02:00:17.21355+00,2026-09-24 02:00:17.21355+00,1
a6ffccf3-fa2d-5a6d-a850-35a0fee22385,cc116256-a043-51f8-91f1-72852fc3dd25,FC003228,고라니 특공대,기타(비공연장),서울특별시 마포구 토정로 136(상수동),,37.5452785,126.9263242,valid,KR,Asia/Seoul,,,,1,,,[],false,false,false,false,false,true,false,false,false,false,2026-09-24 17:40:14.655621+00,,2026-09-25 02:50:17.102193+00,2026-09-25 02:50:17.102193+00,1
a72ffb84-3f8c-59e1-8616-6681a7710487,cc116256-a043-51f8-91f1-72852fc3dd25,FC004174,NC문화재단 홀,민간(대학로),서울특별시 종로구 이화장길 100 (동숭동),,37.5798042,127.0046166,valid,KR,Asia/Seoul,,,,1,30,,[],false,false,false,false,false,false,false,false,false,false,2026-09-24 16:50:06.866202+00,,2026-09-25 02:50:17.102193+00,2026-09-25 02:50:17.102193+00,1
a7332889-6b85-5409-ac26-81d2a7f4c7d4,cc116256-a043-51f8-91f1-72852fc3dd25,FC000798,산울림소극장,민간(대학로 외),서울특별시 마포구 와우산로 157 (서교동),,37.5550460,126.9300776,valid,KR,Asia/Seoul,,,1985,1,72,02-334-5915,[],false,false,false,false,false,false,false,false,false,false,2026-09-24 04:50:14.616344+00,,2026-09-25 02:50:17.102193+00,2026-09-25 02:50:17.102193+00,1
a82b702c-f45a-5a2a-bde8-e4e61748541e,cc116256-a043-51f8-91f1-72852fc3dd25,FC000763,상명아트홀,민간(대학로),서울특별시 종로구 동숭길 133 (동숭동),,37.5833331,127.0027272,valid,KR,Asia/Seoul,,,2001,2,270,02-2075-2173,"[""https://www.smu.ac.kr/smarts/index.do""]",false,true,false,false,false,true,true,true,false,true,2026-09-24 06:20:02.512883+00,,2026-09-25 02:50:17.102193+00,2026-09-25 02:50:17.102193+00,1
a89c833b-4de6-5366-96d8-49df1b36d320,cc116256-a043-51f8-91f1-72852fc3dd25,FC004675,몰입공유연습실,민간(대학로 외),경상남도 창원시 마산회원구 합성옛길 142 (합성동),,35.2378540,128.5835530,valid,KR,Asia/Seoul,,,,1,20,,[],false,false,false,false,false,false,false,false,false,false,2026-09-24 00:30:09.108201+00,,2026-09-16 06:14:28.979553+00,2026-09-24 02:01:39.338769+00,2
a8ab35d2-a7eb-5b38-8437-3c8c66ea2f58,cc116256-a043-51f8-91f1-72852fc3dd25,FC001943,인천남동체육관,공공(기타),인천광역시 남동구 소래로 500 (수산동),,37.4347246,126.7335991,valid,KR,Asia/Seoul,,,2013,1,8828,032-715-5173,"[""https://www.icsports.or.kr/fmcs/63""]",false,false,false,false,false,true,true,true,false,true,2026-09-23 20:20:06.382344+00,,2026-09-24 02:00:17.21355+00,2026-09-24 02:00:17.21355+00,1
a95b3286-9698-51f3-8af2-9785c9f09b1e,cc116256-a043-51f8-91f1-72852fc3dd25,FC004086,서교스퀘어,민간(대학로 외),"서울특별시 마포구 양화로 72 (서교동, 서교동 효성 해링턴 타워)",,37.5508138,126.9164940,valid,KR,Asia/Seoul,,,,1,,,[],false,false,false,false,false,false,false,false,false,false,2026-09-23 15:50:06.686769+00,,2026-09-24 02:00:17.21355+00,2026-09-24 02:00:17.21355+00,1
a9a27dfd-e707-5c69-90af-8a83f1914a55,cc116256-a043-51f8-91f1-72852fc3dd25,FC003631,인터미션 [수원],민간(대학로 외),경기도 수원시 권선구 경수대로 371 (권선동),,37.2597035,127.0232864,valid,KR,Asia/Seoul,,,,1,,,[],false,false,false,false,false,false,false,false,false,false,2026-09-23 16:50:02.775163+00,,2026-09-24 02:00:17.21355+00,2026-09-24 02:00:17.21355+00,1
a9d82da4-dda3-58b0-92a7-553537d16e13,cc116256-a043-51f8-91f1-72852fc3dd25,FC000564,복사골문화센터,공공(문예회관),경기도 부천시 장말로 107 (상동),,37.4947900,126.7540490,valid,KR,Asia/Seoul,,,1998,2,712,032-320-6300,"[""http://www.bcf.or.kr/coro/conc/conctour/concerttourList3.act""]",false,true,false,true,false,true,false,false,false,false,2026-09-24 16:50:02.87875+00,,2026-09-16 06:14:28.979553+00,2026-09-25 03:53:58.236199+00,2
a9eeb0e5-7817-51ff-9f4f-74f4c2882e62,cc116256-a043-51f8-91f1-72852fc3dd25,FC000238,양산문화예술회관,공공(문예회관),경상남도 양산시 중앙로 39-1 (남부동),,35.3336224,129.0369225,valid,KR,Asia/Seoul,,,2002,2,963,055-379-8550,"[""http://www.yangsanart.net/""]",false,false,false,false,true,true,true,true,true,false,2026-09-24 16:00:02.637921+00,,2026-09-25 02:50:17.102193+00,2026-09-25 02:50:17.102193+00,1
aa4d905d-35b2-509a-a2f6-3414cee23f39,cc116256-a043-51f8-91f1-72852fc3dd25,FC000095,하남문화예술회관,공공(문예회관),경기도 하남시 신평로 125 (덕풍동),,37.5447360,127.2068367,valid,KR,Asia/Seoul,,,2007,3,1291,031-790-7979,"[""http://www.hnart.or.kr:8080/content.do?id=29&menu=8&code=1""]",false,false,false,false,false,true,true,true,true,false,2026-09-23 17:20:08.60563+00,,2026-09-16 06:14:28.979553+00,2026-09-24 02:01:39.338769+00,2
aa567c34-a7af-5dd6-946f-b00088b5bf4c,cc116256-a043-51f8-91f1-72852fc3dd25,FC000020,세종문화회관,공공(문예회관),서울특별시 종로구 세종대로 175 (세종로),,37.5725254,126.9756429,valid,KR,Asia/Seoul,,,1978,8,5372,02-399-1000,"[""http://www.sejongpac.or.kr/""]",false,false,false,false,false,true,true,true,false,false,2026-09-23 16:10:02.567467+00,,2026-09-16 06:14:28.979553+00,2026-09-24 02:01:39.338769+00,2
aa6fa3d1-7992-5a27-b30f-5deb7114e989,cc116256-a043-51f8-91f1-72852fc3dd25,FC003003,H-스테이지,민간(대학로 외),서울특별시 마포구 와우산로 97(서교동),,37.5530940,126.9243535,valid,KR,Asia/Seoul,,,,1,100,,[],false,false,false,false,false,false,false,false,false,false,2026-09-24 01:30:05.036842+00,,2026-09-24 02:00:17.21355+00,2026-09-24 02:00:17.21355+00,1
ab22893c-505e-591e-a1fa-44617bc3f254,cc116256-a043-51f8-91f1-72852fc3dd25,FC004127,온쉼표,기타(비공연장),서울특별시 송파구 송파대로37길 50 (석촌동),,37.5002447,127.1066645,valid,KR,Asia/Seoul,,,,1,,,"[""https://bit.ly/4fFS2qM""]",false,false,false,false,false,false,false,false,false,false,2026-09-23 18:40:15.391339+00,,2026-09-24 02:00:17.21355+00,2026-09-24 02:00:17.21355+00,1
ab4a6530-35dd-5486-a6d9-2d13a084a80a,cc116256-a043-51f8-91f1-72852fc3dd25,FC001341,한림대학교 일송아트홀,민간(대학로 외),강원도 춘천시 한림대학길 1,,37.8868706,127.7369695,valid,KR,Asia/Seoul,,,2000,1,780,033-248-1271,"[""http://artshall.hallym.ac.kr""]",false,false,false,false,false,true,true,true,true,true,2026-09-24 05:20:06.319911+00,,2026-09-25 02:50:17.102193+00,2026-09-25 02:50:17.102193+00,1
ab7771d3-fb26-5664-9974-054172cc422b,cc116256-a043-51f8-91f1-72852fc3dd25,FC001198,통진두레문화센터,공공(기타),경기도 김포시 통진읍 김포대로 2347-8,,37.6953025,126.5877207,valid,KR,Asia/Seoul,,,2008,1,217,031-983-3460,"[""https://www.gcf.or.kr/main/?mc_code=1413""]",false,false,false,false,false,true,true,true,false,true,2026-09-23 16:20:08.704337+00,,2026-09-24 02:00:17.21355+00,2026-09-24 02:00:17.21355+00,1
ab7bd7c2-b261-57a3-bad6-3c13501940a2,cc116256-a043-51f8-91f1-72852fc3dd25,FC002949,무신사 개러지 (구. 왓챠홀),민간(대학로 외),서울특별시 마포구 잔다리로 32(서교동),,37.5515788,126.9198284,valid,KR,Asia/Seoul,,,,1,144,02-3144-0409,"[""https://www.musinsagarage.com/""]",false,false,false,false,false,false,false,false,false,false,2026-09-23 16:20:10.815556+00,,2026-09-24 02:00:17.21355+00,2026-09-24 02:00:17.21355+00,1
abd007fe-8bcf-51cb-85d9-415b0bb8d33b,cc116256-a043-51f8-91f1-72852fc3dd25,FC002633,대학로예술극장,국립,서울특별시 종로구 대학로10길 17 (동숭동),,37.5820961,127.0031785,valid,KR,Asia/Seoul,,,2009,5,999,02-3668-0007,"[""http://theater.arko.or.kr/Pages/Main.aspx""]",false,false,false,false,false,true,false,false,false,false,2026-09-23 19:00:14.955873+00,,2026-09-24 02:00:17.21355+00,2026-09-24 02:00:17.21355+00,1
abf256fe-f8b1-5820-a55f-8a3e013f8763,cc116256-a043-51f8-91f1-72852fc3dd25,FC002179,창원과학체험관,공공(기타),경상남도 창원시 성산구 충혼로72번길 16 (중앙동),,35.2303295,128.6615066,valid,KR,Asia/Seoul,,,2010,3,180,055-267-2676,"[""https://www.cwsc.go.kr/main/main.php""]",false,false,true,false,false,true,true,false,false,false,2026-09-23 20:20:14.600563+00,,2026-09-16 06:14:28.979553+00,2026-09-24 02:01:39.338769+00,2
ac660600-7763-54c3-97fb-e7ba1e1ee560,cc116256-a043-51f8-91f1-72852fc3dd25,FC000090,홍대난타극장(구. 뮤직쇼웨딩 전용관),민간(대학로 외),서울특별시 마포구 양화로16길 29 (서교동),,37.5547020,126.9222449,valid,KR,Asia/Seoul,,,2011,1,323,02-739-8288,"[""http://www.i-pmc.co.kr/UIPage/Theatre/Theatre05.aspx""]",false,true,true,false,false,false,false,false,false,false,2026-09-24 00:40:02.572204+00,,2026-09-24 02:00:17.21355+00,2026-09-24 02:00:17.21355+00,1
acf7f834-5d08-58ea-b72e-96a179764aa3,cc116256-a043-51f8-91f1-72852fc3dd25,FC002250,경희대학교,기타(비공연장),경기도 용인시 기흥구 덕영대로 1732 (서천동),,37.2449102,127.0789628,valid,KR,Asia/Seoul,,,2017,1,1834,02-201-3114,[],false,true,true,false,false,true,true,false,true,false,2026-09-24 05:30:16.977557+00,,2026-09-25 02:50:17.102193+00,2026-09-25 02:50:17.102193+00,1
ad71fb36-0a18-5d05-8ce1-c406d3573d1b,cc116256-a043-51f8-91f1-72852fc3dd25,FC000559,인제하늘내린센터,공공(문예회관),강원도 인제군 인제읍 비봉로44번길 100,,38.0611312,128.1649706,valid,KR,Asia/Seoul,,,2009,2,899,033-460-8900,"[""http://www.injeart.or.kr/index.php""]",false,true,false,false,false,true,false,false,false,false,2026-09-24 18:50:17.295114+00,,2026-09-25 02:50:17.102193+00,2026-09-25 02:50:17.102193+00,1
ad92215a-697d-5117-af6f-b5fc7331e77c,cc116256-a043-51f8-91f1-72852fc3dd25,FC000525,문경문화예술회관,공공(문예회관),경상북도 문경시 신흥로 85 (점촌동),,36.5902332,128.1979910,valid,KR,Asia/Seoul,,,1993,2,1037,054-550-8949,"[""http://www.gbmg.go.kr/open.content/mgculture/""]",false,false,false,false,false,true,true,false,true,false,2026-09-23 23:00:08.957756+00,,2026-09-24 02:00:17.21355+00,2026-09-24 02:00:17.21355+00,1
adf8b889-b2b9-543c-8d22-5a853b984725,cc116256-a043-51f8-91f1-72852fc3dd25,FC001347,소향씨어터,민간(대학로 외),부산광역시 해운대구 센텀중앙로 55 (우동) 경남정보대학교및동서대학교센텀산학캠퍼스,,35.1731656,129.1276600,valid,KR,Asia/Seoul,,,2012,1,1134,051-950-6500,"[""http://sohyangtheater.co.kr""]",true,true,true,false,false,true,true,true,true,true,2026-09-23 20:30:06.87339+00,,2026-09-16 06:14:28.979553+00,2026-09-24 02:01:39.338769+00,2
ae20e341-5e63-50ea-85de-ece7eda76868,cc116256-a043-51f8-91f1-72852fc3dd25,FC004296,부산콘서트홀,공공(문예회관),부산광역시 부산진구 동평로 250 (연지동),,35.1693728,129.0542532,valid,KR,Asia/Seoul,,,2025,2,2411,051-640-8888,"[""https://classicbusan.busan.go.kr/""]",false,false,false,false,false,true,true,true,false,false,2026-09-23 16:00:16.902885+00,,2026-09-24 02:00:17.21355+00,2026-09-24 02:00:17.21355+00,1
ae90101b-185f-5365-ac9c-685a8b649b18,cc116256-a043-51f8-91f1-72852fc3dd25,FC002023,골목실험극장,민간(대학로 외),대구광역시 남구 계명중앙1길 39-4 (대명동),,35.8561262,128.5821888,valid,KR,Asia/Seoul,,,2017,1,100,010-6533-2985,"[""https://blog.naver.com/dpas17125/221423484160""]",false,false,false,false,false,false,false,false,false,false,2026-09-23 23:40:04.346693+00,,2026-09-24 02:00:17.21355+00,2026-09-24 02:00:17.21355+00,1
aeab174f-a704-5a93-8062-ac5b574562c6,cc116256-a043-51f8-91f1-72852fc3dd25,FC000463,솜리문화예술회관,공공(문예회관),전라북도 익산시 선화1로 106 (마동),,35.9393430,126.9686810,valid,KR,Asia/Seoul,,,1996,2,806,00-1577-0072,"[""http://arts.iksan.go.kr/index.iksan?menuCd=DOM_000000103002002000""]",false,false,false,false,false,true,true,true,true,true,2026-09-24 17:20:04.252762+00,,2026-09-25 02:50:17.102193+00,2026-09-25 02:50:17.102193+00,1
aedd40eb-1039-5155-a8e7-0b0ad7e18118,cc116256-a043-51f8-91f1-72852fc3dd25,FC000279,엑터스토리,민간(대학로 외),대구광역시 남구 현충로 265 (대명동),,35.8559041,128.5825921,valid,KR,Asia/Seoul,,,2009,1,70,053-424-8340,"[""http://www.actorstory.net/""]",false,false,false,false,false,false,false,false,false,false,2026-09-23 23:00:11.066604+00,,2026-09-24 02:00:17.21355+00,2026-09-24 02:00:17.21355+00,1
afba91b6-a117-514e-83a4-b293c4b04855,cc116256-a043-51f8-91f1-72852fc3dd25,FC001328,울산중구문화의전당,공공(문예회관),울산광역시 중구 종가로 405 (성안동),,35.5675422,129.3215364,valid,KR,Asia/Seoul,,,2014,5,1022,052-290-4000,"[""http://artscenter.junggu.ulsan.kr""]",true,true,false,false,false,true,true,false,false,false,2026-09-23 21:10:02.296498+00,,2026-09-16 06:14:28.979553+00,2026-09-24 02:01:39.338769+00,2
afc7b95b-2252-55cd-8a8d-91c7dfecaccd,cc116256-a043-51f8-91f1-72852fc3dd25,FC003609,모두예술극장,공공(기타),서울특별시 서대문구 충정로 7 (충정로3가),,37.5601124,126.9622821,valid,KR,Asia/Seoul,,,2023,2,259,02-760-9769,"[""https://www.moduarttheater.or.kr/home/ko/main""]",false,false,false,false,false,false,false,true,true,false,2026-09-23 18:40:07.008018+00,,2026-09-24 02:00:17.21355+00,2026-09-24 02:00:17.21355+00,1
afdb0d4c-cf55-5b17-969d-5768017a0713,cc116256-a043-51f8-91f1-72852fc3dd25,FC001201,"제이원 씨어터 (구. 서완소극장, 구. 씨어터고리)",민간(대학로),서울특별시 종로구 창경궁로34길 18-12,,37.5841705,127.0004290,valid,KR,Asia/Seoul,,,2009,1,98,02-926-4937,[],true,false,false,false,false,false,false,false,false,false,2026-09-23 19:20:14.869294+00,,2026-09-24 02:00:17.21355+00,2026-09-24 02:00:17.21355+00,1
afe0f3ec-eced-5a62-8bd8-8530a62c62c3,cc116256-a043-51f8-91f1-72852fc3dd25,FC000600,문학시어터,공공(기타),인천광역시 남구 매소홀로 618 (문학동),,37.4374104,126.6927342,valid,KR,Asia/Seoul,,,2010,1,111,032-433-3777,"[""http://www.mhtheater.kr""]",false,false,false,false,false,true,true,true,false,false,2026-09-24 17:30:02.508495+00,,2026-09-25 02:50:17.102193+00,2026-09-25 02:50:17.102193+00,1
b01962af-e1e2-5bbd-9e6e-dc5ee3805119,cc116256-a043-51f8-91f1-72852fc3dd25,FC003990,매직앤조이 [광교],민간(대학로 외),경기도 수원시 영통구 광교중앙로 124 (하동),,37.2852510,127.0574549,valid,KR,Asia/Seoul,,,2024,1,60,,[],true,true,false,false,false,true,false,false,false,false,2026-09-24 18:50:10.895175+00,,2026-09-25 02:50:17.102193+00,2026-09-25 02:50:17.102193+00,1
b0af119f-1a39-548b-b102-5df902cf5c2d,cc116256-a043-51f8-91f1-72852fc3dd25,FC003954,예스24 원더로크홀,민간(대학로 외),서울특별시 서대문구 신촌로 129 (창천동),,37.5565639,126.9403281,valid,KR,Asia/Seoul,,,2024,1,376,,"[""http://www.wanderlochhall.com""]",false,false,false,false,false,false,false,false,false,false,2026-09-23 18:30:02.256017+00,,2026-09-24 02:00:17.21355+00,2026-09-24 02:00:17.21355+00,1
b0b30cf2-6531-5e64-b151-9471fa2e6084,cc116256-a043-51f8-91f1-72852fc3dd25,FC003894,문래레코드,기타(비공연장),서울특별시 영등포구 도림로 481 (문래동4가),,37.5164088,126.8901004,valid,KR,Asia/Seoul,,,,1,,,[],false,false,false,false,false,false,false,false,false,false,2026-09-24 04:10:12.941949+00,,2026-09-25 02:50:17.102193+00,2026-09-25 02:50:17.102193+00,1
b0b6514c-db93-570e-867d-c8c36bdd80a8,cc116256-a043-51f8-91f1-72852fc3dd25,FC002997,경기섬유종합지원센터,공공(기타),경기도 양주시 평화로 1215(산북동),,37.7991099,127.0451659,valid,KR,Asia/Seoul,,,,2,929,,[],false,false,false,false,false,false,false,false,false,false,2026-09-23 17:10:12.843833+00,,2026-09-24 02:00:17.21355+00,2026-09-24 02:00:17.21355+00,1
b0fd0c2f-b5ab-5096-a6b7-63eb36d632a0,cc116256-a043-51f8-91f1-72852fc3dd25,FC003364,송파어린이문화회관,공공(기타),서울특별시 송파구 중대로 235(오금동),,37.5027425,127.1284004,valid,KR,Asia/Seoul,,,2010,1,154,02-449-0505,"[""http://www.songpakids.com/""]",false,false,false,false,false,true,false,false,false,false,2026-09-23 21:20:08.396749+00,,2026-09-24 02:00:17.21355+00,2026-09-24 02:00:17.21355+00,1
b116cc7e-6571-500f-a187-ad46dba34e04,cc116256-a043-51f8-91f1-72852fc3dd25,FC002803,로라뮤직-바인홀,민간(대학로 외),전라북도 전주시 완산구 안행로 14 (삼천동1가),,35.7999572,127.1301029,valid,KR,Asia/Seoul,,,2020,1,156,063-232-6108,"[""http://www.thevinehall.com/default/""]",false,false,false,false,false,false,false,false,false,false,2026-09-24 17:30:15.108171+00,,2026-09-16 06:14:28.979553+00,2026-09-25 03:53:58.236199+00,2
b121d2a0-4dc4-5b2f-861a-c5b5fa922081,cc116256-a043-51f8-91f1-72852fc3dd25,FC000127,고양아람누리,공공(문예회관),경기도 고양시 일산동구 중앙로 1286 (마두동) 고양아람누리,,37.6614074,126.7743379,valid,KR,Asia/Seoul,,,2007,6,4640,00-1577-7766,"[""http://www.artgy.or.kr/aram/introduction.aspx""]",true,true,false,true,false,true,true,false,true,false,2026-09-23 16:30:17.007366+00,,2026-09-16 06:14:28.979553+00,2026-09-24 02:01:39.338769+00,2
b125ed4c-b1bb-565b-99dc-dc0029a3458d,cc116256-a043-51f8-91f1-72852fc3dd25,FC001826,현대카드 언더스테이지,민간(대학로 외),서울특별시 용산구 이태원로 246 (한남동),,37.5365851,127.0006662,valid,KR,Asia/Seoul,,,2015,2,205,02-331-6301,"[""https://dive.hyundaicard.com/web/understage/spaceMain.hdc""]",false,true,false,false,false,true,true,false,false,false,2026-09-24 01:50:04.346839+00,,2026-09-24 02:00:17.21355+00,2026-09-24 02:00:17.21355+00,1
b14fc7b3-265f-5e9a-8c67-2e7a2cb73e9f,cc116256-a043-51f8-91f1-72852fc3dd25,FC000198,경향아트힐,민간(대학로 외),서울특별시 중구 정동길 3 (정동),,37.5681269,126.9699522,valid,KR,Asia/Seoul,,,2003,6,1826,02-722-4400,[],true,true,true,false,false,true,false,true,false,false,2026-09-24 18:10:14.855003+00,,2026-09-25 02:50:17.102193+00,2026-09-25 02:50:17.102193+00,1
b18b5721-55a8-578d-aadc-89a84b321c32,cc116256-a043-51f8-91f1-72852fc3dd25,FC003164,강릉 올림픽파크,기타(비공연장),강원도 강릉시 수리골길 100(포남동),,37.7788933,128.9000080,valid,KR,Asia/Seoul,,,,1,8000,,[],false,false,false,false,false,false,false,false,false,false,2026-09-23 16:40:14.592059+00,,2026-09-24 02:00:17.21355+00,2026-09-24 02:00:17.21355+00,1
b1df1c30-b404-5ad7-8d4a-4726f4ec5c06,cc116256-a043-51f8-91f1-72852fc3dd25,FC000380,KBS [본관],공공(기타),서울특별시 영등포구 여의공원로 13 (여의도동),,37.5262735,126.9154860,valid,KR,Asia/Seoul,,,1991,2,1627,02-781-2283,"[""http://office.kbs.co.kr/kbshall/""]",true,true,false,false,false,true,true,true,true,false,2026-09-24 17:00:08.532437+00,,2026-09-25 02:50:17.102193+00,2026-09-25 02:50:17.102193+00,1
b1ec7258-28ed-5672-a309-fbc2e7c2c507,cc116256-a043-51f8-91f1-72852fc3dd25,FC001203,동숭무대소극장,민간(대학로),서울특별시 종로구 혜화로 35 (명륜1가),,37.5864426,127.0004982,valid,KR,Asia/Seoul,,,2002,1,150,010-8299-6553,"[""http://cafe.naver.com/dsstage""]",true,false,false,false,false,false,false,false,true,false,2026-09-24 00:50:04.022088+00,,2026-09-24 02:00:17.21355+00,2026-09-24 02:00:17.21355+00,1
b24cf5f0-2bda-5381-9f3c-680e343d41a7,cc116256-a043-51f8-91f1-72852fc3dd25,FC000529,상주문화회관,공공(문예회관),경상북도 상주시 상산로 235 (남성동),,36.4118747,128.1592088,valid,KR,Asia/Seoul,,,1990,2,592,054-537-6215,"[""http://www.sangju.go.kr/culture/index.jsp?home_url=culture""]",false,false,false,false,false,true,true,true,true,false,2026-09-23 23:20:06.755532+00,,2026-09-24 02:00:17.21355+00,2026-09-24 02:00:17.21355+00,1
b24cff65-eb9c-5377-aa01-ef94a8624ec5,cc116256-a043-51f8-91f1-72852fc3dd25,FC000362,선돌극장,민간(대학로),서울특별시 종로구 혜화로5길 5 (명륜1가),,37.5867715,126.9997500,valid,KR,Asia/Seoul,,,2007,1,130,02-747-3226,[],false,false,false,false,false,false,false,false,false,false,2026-09-23 21:30:07.493708+00,,2026-09-16 06:14:28.979553+00,2026-09-24 02:01:39.338769+00,2
b29136d3-62e1-590b-ae42-220109076417,cc116256-a043-51f8-91f1-72852fc3dd25,FC001384,SH아트홀,민간(대학로),서울특별시 종로구 동숭길 25 (동숭동),,37.5798541,127.0035752,valid,KR,Asia/Seoul,,,2011,1,260,02-747-2265,"[""https://www.facebook.com/sharthall/""]",false,true,false,false,false,false,false,false,false,false,2026-09-23 18:20:02.725562+00,,2026-09-24 02:00:17.21355+00,2026-09-24 02:00:17.21355+00,1
b2f9af9d-a324-51fa-9864-97451a805bee,cc116256-a043-51f8-91f1-72852fc3dd25,FC005058,마산대학교,기타(비공연장),경상남도 창원시 마산회원구 내서읍 함마대로 2640,,35.2589600,128.5039640,valid,KR,Asia/Seoul,,,,1,415,,"[""https://www.masan.ac.kr/info/Main.do""]",false,false,false,false,false,false,false,false,false,false,2026-09-24 00:40:08.686669+00,,2026-09-24 02:00:17.21355+00,2026-09-24 02:00:17.21355+00,1
b30f4d1f-29ee-5fdb-b11e-14b7f3fb6c12,cc116256-a043-51f8-91f1-72852fc3dd25,FC001556,금호아트홀 연세,민간(대학로 외),서울특별시 서대문구 연세로 50 (신촌동) 연세대학교 백양누리 B1 금호아트홀 연세,,37.5640890,126.9389809,valid,KR,Asia/Seoul,,,2015,1,390,02-6303-1977,"[""http://www.kumhoarthall.com/""]",false,false,false,false,false,true,false,false,false,false,2026-09-24 16:20:08.796039+00,,2026-09-16 06:14:28.979553+00,2026-09-25 03:53:58.236199+00,2
b39141b7-f4c6-5d86-82d2-8f57c3070c83,cc116256-a043-51f8-91f1-72852fc3dd25,FC003670,인스파이어 엔터테인먼트 리조트,민간(대학로 외),인천광역시 중구 공항문화로 127 (운서동),,37.4655301,126.3891177,valid,KR,Asia/Seoul,,,2024,5,18483,,[],false,false,false,false,false,false,false,false,false,false,2026-09-24 15:50:09.019223+00,,2026-09-25 02:50:17.102193+00,2026-09-25 02:50:17.102193+00,1
b3b0fa88-4a6a-51d5-a599-6c1b31a38b58,cc116256-a043-51f8-91f1-72852fc3dd25,FC001131,소월아트홀 (성동문화회관),공공(문예회관),서울특별시 성동구 왕십리로 281,,37.5592760,127.0359937,valid,KR,Asia/Seoul,,,1989,1,520,02-2204-6400,"[""http://www.sdfac.or.kr/main/index.html""]",false,false,false,false,true,true,true,true,true,false,2026-09-23 17:00:17.137439+00,,2026-09-16 06:14:28.979553+00,2026-09-24 02:01:39.338769+00,2
b42eef2c-d0c2-5075-8287-1682a2cd2b23,cc116256-a043-51f8-91f1-72852fc3dd25,FC004832,NCM STUDIO,민간(대학로 외),서울특별시 관악구 난곡로 60 (신림동),,37.4608870,126.9193410,valid,KR,Asia/Seoul,,,,1,40,,"[""https://www.ncmstudio.kr/""]",false,false,false,false,false,false,false,false,false,false,2026-09-24 15:30:17.716097+00,,2026-09-25 02:50:17.102193+00,2026-09-25 02:50:17.102193+00,1
b4d79419-11e7-566b-a600-fa2f422bd5c5,cc116256-a043-51f8-91f1-72852fc3dd25,FC002815,맥거핀 서교,민간(대학로 외),서울특별시 마포구 양화로7길 28(서교동),,37.5519656,126.9146894,valid,KR,Asia/Seoul,,,,1,,010-8324-8454,[],false,false,false,false,false,false,false,false,false,false,2026-09-24 05:40:10.97379+00,,2026-09-25 02:50:17.102193+00,2026-09-25 02:50:17.102193+00,1
b53dd0cd-c538-5f09-980f-d3f2f53a2ddf,cc116256-a043-51f8-91f1-72852fc3dd25,FC000233,전남광주통합특별시 예술의전당 (구. 광주예술의전당),공공(문예회관),전남광주통합특별시 북구 북문대로 60 (운암동),,35.1777124,126.8817023,valid,KR,Asia/Seoul,,,1991,4,1981,062-613-8333,"[""https://gjart.gwangju.go.kr/intro.jsp""]",false,true,false,true,true,true,true,true,true,true,2026-09-24 16:40:02.346184+00,,2026-09-16 06:14:28.979553+00,2026-09-25 03:53:58.236199+00,2
b546e8ab-0d94-5715-851f-4015c731fdc0,cc116256-a043-51f8-91f1-72852fc3dd25,FC004083,이함캠퍼스 [양평],기타(비공연장),경기도 양평군 강하면 강남로 370-10 이함미술관 야외무대,,37.5021314,127.4251122,valid,KR,Asia/Seoul,,,,2,,,[],false,false,false,false,false,false,false,false,false,false,2026-09-24 03:40:06.678446+00,,2026-09-24 03:40:17.060409+00,2026-09-24 03:40:17.060409+00,1
b60a5dad-98ad-59a6-880c-1738b58b8058,cc116256-a043-51f8-91f1-72852fc3dd25,FC000840,계양문화회관,공공(문예회관),인천광역시 계양구 계양산로35번길 11 (계산동),,37.5461361,126.7180798,valid,KR,Asia/Seoul,,,1997,1,795,032-551-6602,"[""http://www.gysiseol.or.kr/culturebuilding/main/index.php""]",false,false,false,false,false,true,true,false,false,false,2026-09-23 18:10:08.749451+00,,2026-09-24 02:00:17.21355+00,2026-09-24 02:00:17.21355+00,1
b6320d85-7240-578d-b215-b04e34f324be,cc116256-a043-51f8-91f1-72852fc3dd25,FC003574,더퍼포머 마술극장,민간(대학로 외),충청북도 청주시 상당구 사직대로 379 (북문로2가),,36.6373135,127.4894553,valid,KR,Asia/Seoul,,,,1,,,[],false,false,false,false,false,false,false,false,false,false,2026-09-24 01:40:08.462457+00,,2026-09-16 06:14:28.979553+00,2026-09-24 02:01:39.338769+00,2
b63210c2-ae50-5151-a109-0c760be4b40c,cc116256-a043-51f8-91f1-72852fc3dd25,FC001365,한해랑아트홀,민간(대학로 외),전라북도 전주시 완산구 홍산중앙로 13 (효자동2가),,35.8161628,127.1089636,valid,KR,Asia/Seoul,,,2015,1,223,00-1644-4356,"[""http://16444356.cusmore.com/""]",false,false,false,false,false,true,true,true,false,true,2026-09-24 18:10:02.181749+00,,2026-09-25 02:50:17.102193+00,2026-09-25 02:50:17.102193+00,1
b645f83d-42cb-5a01-9457-b8bf354d5252,cc116256-a043-51f8-91f1-72852fc3dd25,FC005060,진해아트홀,공공(기타),경상남도 창원시 진해구 충장로 653 (풍호동),,35.1313680,128.7047350,valid,KR,Asia/Seoul,,,2026,1,600,,"[""https://www.cwcf.or.kr/facility/facility_jharthall.asp""]",false,false,false,false,false,false,false,false,false,false,2026-09-23 16:10:06.560854+00,,2026-09-24 02:00:17.21355+00,2026-09-24 02:00:17.21355+00,1
b696b9f2-473f-58df-9795-00857c14b67c,cc116256-a043-51f8-91f1-72852fc3dd25,FC002962,제물포구문화체육센터(구. 동구문화체육센터),공공(문예회관),인천광역시 동구 송림로110번길 5-8(송림동),,37.4757730,126.6475423,valid,KR,Asia/Seoul,,,,1,495,032-772-7700,"[""https://www.icdonggu.go.kr/cscenter/fmcs/1""]",false,false,false,false,false,true,false,false,false,false,2026-09-23 17:40:10.527565+00,,2026-09-24 02:00:17.21355+00,2026-09-24 02:00:17.21355+00,1
b72a963e-5461-52f7-90cf-4630c64600e9,cc116256-a043-51f8-91f1-72852fc3dd25,FC004908,Miyakojima Coastal Resort Hirara,기타(해외등),,,,,unknown,,,,,,1,,,[],false,false,false,false,false,false,false,false,false,false,2026-09-24 05:50:15.244114+00,,2026-09-25 02:50:17.102193+00,2026-09-25 02:50:17.102193+00,1
b7b6c19d-5038-57b5-9bb5-f1fa48fbe7fa,cc116256-a043-51f8-91f1-72852fc3dd25,FC000426,보령문화예술회관,공공(문예회관),충청남도 보령시 성주산로 101 (명천동),,36.3338172,126.6145660,valid,KR,Asia/Seoul,,,2002,2,887,,"[""https://www.brcn.go.kr/art.do""]",false,false,false,false,false,true,true,true,false,false,2026-09-23 21:50:14.859804+00,,2026-09-16 06:14:28.979553+00,2026-09-24 02:01:39.338769+00,2
b7c1b9f3-eb36-5e8b-ba14-b5e7b048f44e,cc116256-a043-51f8-91f1-72852fc3dd25,FC001390,성신여자대학교 운정그린캠퍼스,민간(대학로 외),서울특별시 강북구 도봉로76가길 55 (미아동),,37.5916714,127.0212424,valid,KR,Asia/Seoul,,,2011,2,1088,02-920-7870,"[""https://www.sungshin.ac.kr/sites/main_kor/main.jsp""]",true,true,true,false,false,true,true,true,true,true,2026-09-23 17:40:06.119892+00,,2026-09-24 02:00:17.21355+00,2026-09-24 02:00:17.21355+00,1
b855844e-7290-589e-9367-deba11d00b80,cc116256-a043-51f8-91f1-72852fc3dd25,FC001091,대학로 스카이씨어터,민간(대학로),서울특별시 종로구 대학로8가길 52 (동숭동),,37.5829439,127.0026271,valid,KR,Asia/Seoul,,,2010,2,330,070-4106-8889,[],false,false,false,false,false,false,false,false,false,false,2026-09-24 05:10:06.324175+00,,2026-09-25 02:50:17.102193+00,2026-09-25 02:50:17.102193+00,1
b8596e27-eee2-529b-9527-1c7c498a2e77,cc116256-a043-51f8-91f1-72852fc3dd25,FC000028,강동아트센터,공공(문예회관),서울특별시 강동구 동남로 870 (상일동),,37.5512621,127.1576191,valid,KR,Asia/Seoul,,,2011,5,3240,02-440-0500,"[""https://www.gangdongarts.or.kr/""]",false,true,false,true,false,true,true,true,true,true,2026-09-23 15:50:02.788513+00,,2026-09-16 06:14:28.979553+00,2026-09-24 02:01:39.338769+00,2
b8b273e6-368b-5943-8d8a-5906fdedcf62,cc116256-a043-51f8-91f1-72852fc3dd25,FC003374,도토리씨어터,민간(대학로),서울특별시 종로구 대학로12길 63(동숭동),,37.5812241,127.0040212,valid,KR,Asia/Seoul,,,,2,232,,[],false,false,false,false,false,false,false,false,false,false,2026-09-24 04:20:16.637722+00,,2026-09-25 02:50:17.102193+00,2026-09-25 02:50:17.102193+00,1
b9f0d041-2fcc-5fbc-81e2-18276a2e6611,cc116256-a043-51f8-91f1-72852fc3dd25,FC000160,금정문화회관,공공(문예회관),부산광역시 금정구 체육공원로 7 (구서동),,35.2459085,129.0941378,valid,KR,Asia/Seoul,,,2000,3,1574,051-519-5651,"[""http://art.geumjeong.go.kr/""]",false,true,false,false,false,true,true,false,true,true,2026-09-23 22:20:02.224261+00,,2026-09-24 02:00:17.21355+00,2026-09-24 02:00:17.21355+00,1
b9fe9316-cee0-5cd7-be27-a9535cbbcaa9,cc116256-a043-51f8-91f1-72852fc3dd25,FC001838,베짱이홀,민간(대학로 외),서울특별시 마포구 독막로15길 3-12 (상수동),,37.5484185,126.9215116,valid,KR,Asia/Seoul,,,2013,1,200,02-322-4241,"[""http://bezzang-e.com/""]",false,false,false,false,false,false,false,false,false,false,2026-09-23 18:30:12.999761+00,,2026-09-24 02:00:17.21355+00,2026-09-24 02:00:17.21355+00,1
ba61e68f-5811-588e-9a53-85ec315373e5,cc116256-a043-51f8-91f1-72852fc3dd25,FC000906,씨어터 제이,민간(대학로 외),충청북도 청주시 상당구 상당로69번길 12-6 (북문로1가),,36.6347375,127.4900101,valid,KR,Asia/Seoul,,,2005,1,180,043-256-3338,"[""http://cafe.daum.net/theatrej/""]",true,false,false,false,false,false,false,false,false,false,2026-09-24 18:20:12.694232+00,,2026-09-25 02:50:17.102193+00,2026-09-25 02:50:17.102193+00,1
ba9e59de-e5a8-58ff-9329-87a23228213e,cc116256-a043-51f8-91f1-72852fc3dd25,FC000749,"파랑씨어터 (구. 도향아트홀, 구. 뮤디스홀)",민간(대학로),서울특별시 종로구 대학로8가길 36 (동숭동),,37.5825016,127.0024545,valid,KR,Asia/Seoul,,,2017,1,160,070-4870-1932,[],true,false,false,false,false,false,false,false,false,false,2026-09-24 04:40:14.849861+00,,2026-09-25 02:50:17.102193+00,2026-09-25 02:50:17.102193+00,1
bb0463fe-0e82-56ac-90e4-857b948fc0d5,cc116256-a043-51f8-91f1-72852fc3dd25,FC001696,트라이보울,공공(문예회관),인천광역시 연수구 인천타워대로 250 (송도동),,37.3940776,126.6350356,valid,KR,Asia/Seoul,,,2010,3,300,032-832-7994,"[""http://www.tribowl.kr/""]",false,false,false,false,false,true,true,true,true,true,2026-09-23 18:10:03.159762+00,,2026-09-24 02:00:17.21355+00,2026-09-24 02:00:17.21355+00,1
bbac6725-8a56-5c23-b7af-7238dbcee7e7,cc116256-a043-51f8-91f1-72852fc3dd25,FC002677,소극장 플랫폼74,민간(대학로),서울특별시 종로구 동숭길 74 (동숭동),,37.5815333,127.0043015,valid,KR,Asia/Seoul,,,2020,1,70,010-5150-9402,[],false,false,false,false,false,false,false,false,false,false,2026-09-23 21:40:06.395523+00,,2026-09-24 02:00:17.21355+00,2026-09-24 02:00:17.21355+00,1
bbb33dfc-6e03-5351-ac2b-84e353629c8e,cc116256-a043-51f8-91f1-72852fc3dd25,FC000009,국립국악원,국립,서울특별시 서초구 남부순환로 2364 (서초동) 국립국악원,,37.4786094,127.0113069,valid,KR,Asia/Seoul,,,1951,5,2449,02-580-3300,"[""http://www.gugak.go.kr""]",true,true,false,false,false,true,true,true,true,true,2026-09-24 16:20:06.622879+00,,2026-09-16 06:14:28.979553+00,2026-09-25 03:53:58.236199+00,2
bc7533ed-1332-547c-9847-f37868dfbd19,cc116256-a043-51f8-91f1-72852fc3dd25,FC001291,경희대학교 평화의전당,민간(대학로 외),서울특별시 동대문구 경희대로 26 (회기동),,37.5986820,127.0527730,valid,KR,Asia/Seoul,,,1999,1,4500,02-961-9250,"[""http://khugpp.khu.ac.kr/""]",true,true,true,false,false,true,true,true,false,false,2026-09-24 16:10:17.573525+00,,2026-09-25 02:50:17.102193+00,2026-09-25 02:50:17.102193+00,1
bc8fd883-7a13-5b7e-a45e-ad3b6cbe9d1f,cc116256-a043-51f8-91f1-72852fc3dd25,FC000287,대구어린이회관 꾀꼬리극장,공공(기타),대구광역시 수성구 동대구로 176 (황금동),,35.8452230,128.6244820,valid,KR,Asia/Seoul,,,1983,1,599,053-803-7944,"[""http://www.daegu.go.kr/Childhall/""]",false,false,false,true,true,true,true,true,true,true,2026-09-23 17:40:08.24818+00,,2026-09-24 02:00:17.21355+00,2026-09-24 02:00:17.21355+00,1
bcd3a96a-92ff-5001-aedc-e9e91f6e18d2,cc116256-a043-51f8-91f1-72852fc3dd25,FC005008,더 오페라(THE OPERA),민간(대학로 외),서울특별시 동대문구 장한로2길 36 (장안동),,37.5617490,127.0670910,valid,KR,Asia/Seoul,,,,1,,,"[""https://www.instagram.com/theopera_official""]",false,false,false,false,false,false,false,false,false,false,2026-09-24 05:00:04.608456+00,,2026-09-25 02:50:17.102193+00,2026-09-25 02:50:17.102193+00,1
bce7e9c8-6c1d-5d44-81a7-4b2514f6108a,cc116256-a043-51f8-91f1-72852fc3dd25,FC001194,대전 서구 관저문예회관,공공(문예회관),대전광역시 서구 관저동로105번길 20,,36.3016816,127.3394323,valid,KR,Asia/Seoul,,,2012,1,254,042-288-2790,"[""http://www.seogu.go.kr/art/contents/dms/main.jsp""]",false,false,false,false,false,true,true,true,false,true,2026-09-24 17:20:08.497189+00,,2026-09-25 02:50:17.102193+00,2026-09-25 02:50:17.102193+00,1
bdd7ddfd-26ba-5b81-8487-698b5c831e0d,cc116256-a043-51f8-91f1-72852fc3dd25,FC001108,김천시문화예술회관,공공(문예회관),경상북도 김천시 운동장길 3 (삼락동),,36.1382834,128.0886803,valid,KR,Asia/Seoul,,,2000,3,1428,054-420-7820,"[""https://www.gc.go.kr/gcart/main.do""]",false,true,false,false,false,true,true,true,true,true,2026-09-23 22:50:13.303678+00,,2026-09-24 02:00:17.21355+00,2026-09-24 02:00:17.21355+00,1
be36d61e-53cd-5a0e-9c10-f4466b811150,cc116256-a043-51f8-91f1-72852fc3dd25,FC002967,첼리스트의 서재,민간(대학로 외),부산광역시 해운대구 송정광어골로 76(송정동),,35.1748167,129.1960272,valid,KR,Asia/Seoul,,,2021,1,30,,[],false,false,false,false,false,false,false,false,false,false,2026-09-24 02:10:11.24914+00,,2026-09-24 03:20:17.345552+00,2026-09-24 03:20:17.345552+00,1
be5d3484-5aed-57fb-84b3-56b1676c5053,cc116256-a043-51f8-91f1-72852fc3dd25,FC000828,영도문화예술회관,공공(문예회관),부산광역시 영도구 함지로79번길 6 (동삼동),,35.0753352,129.0660111,valid,KR,Asia/Seoul,,,2009,3,1188,051-419-5571,"[""http://www.yeongdo.go.kr/culture.web""]",false,false,false,false,true,true,false,true,false,false,2026-09-24 16:10:06.739767+00,,2026-09-16 06:14:28.979553+00,2026-09-25 03:53:58.236199+00,2
be9da487-80eb-51e5-8429-cb276df900ad,cc116256-a043-51f8-91f1-72852fc3dd25,FC000180,나온씨어터,민간(대학로),서울특별시 종로구 혜화로9길 7 (명륜1가),,37.5876677,126.9993926,valid,KR,Asia/Seoul,,,2008,1,105,02-3675-3677,"[""http://naontheater20.modoo.at""]",false,false,false,false,false,false,false,false,false,false,2026-09-24 03:10:17.204413+00,,2026-09-24 03:20:17.345552+00,2026-09-24 03:20:17.345552+00,1
beaaf347-d7f8-5d0b-b688-19b24c1cc843,cc116256-a043-51f8-91f1-72852fc3dd25,FC000926,KBS 수원아트홀,공공(기타),경기도 수원시 팔달구 인계로 123 (인계동),,37.2711280,127.0308900,valid,KR,Asia/Seoul,,,2008,1,190,031-216-5201,"[""http://www.kbssuwonart.co.kr/""]",false,true,false,false,false,true,true,false,false,false,2026-09-23 20:20:16.702341+00,,2026-09-16 06:14:28.979553+00,2026-09-24 02:01:39.338769+00,2
bf53217a-262b-5963-a04f-f4fb5ddf5ac7,cc116256-a043-51f8-91f1-72852fc3dd25,FC001179,울주문화예술회관,공공(문예회관),울산광역시 울주군 범서읍 천상중앙길 36,,35.5644423,129.2320794,valid,KR,Asia/Seoul,,,2009,1,387,052-229-9500,"[""http://www.uljuart.or.kr/""]",false,false,false,false,false,true,true,true,true,true,2026-09-24 01:50:10.70833+00,,2026-09-24 02:00:17.21355+00,2026-09-24 02:00:17.21355+00,1
bfddecc7-8600-5590-8e80-4df982798ad4,cc116256-a043-51f8-91f1-72852fc3dd25,FC003776,한바탕 소극장,민간(대학로 외),서울특별시 송파구 송이로32길 19 (문정동),,37.4882251,127.1277366,valid,KR,Asia/Seoul,,,,1,,,[],false,false,false,false,false,false,false,false,false,false,2026-09-24 18:50:02.621774+00,,2026-09-25 02:50:17.102193+00,2026-09-25 02:50:17.102193+00,1
bff389d2-7658-5b9c-83f6-c78109d891d4,cc116256-a043-51f8-91f1-72852fc3dd25,FC001699,여주시 평생학습센터 (여성회관),공공(기타),경기도 여주시 신륵사길 6-6 (천송동),,37.3001848,127.6523511,valid,KR,Asia/Seoul,,,2012,1,242,031-887-3323,"[""http://lll.yeoju.go.kr/open_content/index.jsp""]",false,true,false,false,true,true,true,true,true,false,2026-09-23 17:30:17.104212+00,,2026-09-24 02:00:17.21355+00,2026-09-24 02:00:17.21355+00,1
c0a2d6d8-0573-56be-b1a6-03b08493b316,cc116256-a043-51f8-91f1-72852fc3dd25,FC001215,소극장 창덕궁,민간(대학로 외),서울특별시 종로구 창경궁로 227(명륜4가),,37.5824263,126.9977518,valid,KR,Asia/Seoul,,,2008,1,150,02-742-7278,"[""http://www.changgeuk.com/""]",false,false,false,false,false,false,false,false,false,false,2026-09-24 01:50:14.954227+00,,2026-09-24 02:00:17.21355+00,2026-09-24 02:00:17.21355+00,1
c0b6478a-89eb-52e9-b619-a056f3c8ff25,cc116256-a043-51f8-91f1-72852fc3dd25,FC000247,통영시민문화회관,공공(문예회관),경상남도 통영시 남망공원길 29 (동호동),,34.8424044,128.4287974,valid,KR,Asia/Seoul,,,1997,2,1170,055-641-2622,"[""http://www.tongyeong.go.kr/citizen.web""]",false,true,false,false,false,true,false,true,true,false,2026-09-23 19:20:06.443142+00,,2026-09-24 02:00:17.21355+00,2026-09-24 02:00:17.21355+00,1
c0ed921f-0e62-5435-a771-a79349e5c0c7,cc116256-a043-51f8-91f1-72852fc3dd25,FC002028,생기 스튜디오,민간(대학로 외),서울특별시 마포구 와우산로 137 (서교동),,37.5538644,126.9285846,valid,KR,Asia/Seoul,,,2018,1,70,010-5354-0193,"[""https://www.senggistudio.com/""]",false,true,false,false,false,false,false,false,false,false,2026-09-23 16:00:08.592+00,,2026-09-24 02:00:17.21355+00,2026-09-24 02:00:17.21355+00,1
c10d9081-4753-5ba8-8da7-9fc6e3ece9ab,cc116256-a043-51f8-91f1-72852fc3dd25,FC001435,종로아이들극장,공공(기타),서울특별시 종로구 성균관로 91 - 0 국민생활관,,37.5904340,126.9987747,valid,KR,Asia/Seoul,,,2016,1,281,02-2088-4290,"[""https://jct.jfac.or.kr/site/child/home""]",false,false,false,false,true,true,true,false,false,false,2026-09-24 02:20:06.591388+00,,2026-09-16 06:14:28.979553+00,2026-09-24 03:25:06.778885+00,2
c1538488-a77c-536a-9fc4-f43a8c71a612,cc116256-a043-51f8-91f1-72852fc3dd25,FC001156,지즐소극장,민간(대학로),서울특별시 종로구 성균관로4길 42 (명륜2가),,37.5847101,126.9996688,valid,KR,Asia/Seoul,,,2007,1,84,010-8596-6296,"[""https://www.facebook.com/pages/%EC%A7%80%EC%A6%90%EC%86%8C%EA%B7%B9%EC%9E%A5/468578863227778""]",true,false,false,false,false,false,false,false,false,false,2026-09-24 01:20:17.160745+00,,2026-09-24 02:00:17.21355+00,2026-09-24 02:00:17.21355+00,1
c1627bf7-b1ff-53c4-afed-5349017f986d,cc116256-a043-51f8-91f1-72852fc3dd25,FC000227,미마지아트센터,민간(대학로),서울특별시 종로구 혜화로 17 (명륜1가),,37.5870645,126.9997721,valid,KR,Asia/Seoul,,,2008,3,382,02-6404-5005,"[""http://www.mimagi.com/""]",false,false,false,false,false,false,false,false,false,false,2026-09-23 17:10:08.741179+00,,2026-09-24 02:00:17.21355+00,2026-09-24 02:00:17.21355+00,1
c1661a38-79c3-5e8c-a706-da0622f49c52,cc116256-a043-51f8-91f1-72852fc3dd25,FC001094,예술공간 혜화,민간(대학로),서울특별시 종로구 혜화로 10-3 (혜화동),,37.5866280,127.0004750,valid,KR,Asia/Seoul,,,2012,1,110,02-747-9139,[],false,false,false,false,false,false,false,false,false,false,2026-09-23 17:20:02.57068+00,,2026-09-24 02:00:17.21355+00,2026-09-24 02:00:17.21355+00,1
c1839985-cbbc-5ba1-8dd8-8b7689f9569e,cc116256-a043-51f8-91f1-72852fc3dd25,FC000612,포천반월아트홀,공공(문예회관),경기도 포천시 군내면 청성로 111,,37.8958535,127.2122146,valid,KR,Asia/Seoul,,,2003,3,1162,031-540-6213,"[""https://www.pcfac.or.kr/""]",false,false,false,false,false,true,false,false,false,false,2026-09-23 18:30:04.309204+00,,2026-09-24 02:00:17.21355+00,2026-09-24 02:00:17.21355+00,1
c192ae11-63a9-5705-9498-7fe88cf770f8,cc116256-a043-51f8-91f1-72852fc3dd25,FC004273,아트스페이스 흥학관,민간(대학로 외),전남광주통합특별시 동구 문화전당로35번길 16-4 (광산동),,35.1455317,126.9175805,valid,KR,Asia/Seoul,,,,1,150,,[],false,false,false,false,false,false,false,false,false,false,2026-09-24 03:40:12.836394+00,,2026-09-24 03:40:17.060409+00,2026-09-24 03:40:17.060409+00,1
c19bc1d0-ed32-5ad2-a7c7-ac7dab54619d,cc116256-a043-51f8-91f1-72852fc3dd25,FC000761,음성문화예술회관,공공(문예회관),충청북도 음성군 음성읍 예술로 102,,36.9315608,127.6803809,valid,KR,Asia/Seoul,,,2008,1,600,043-871-5949,"[""http://www.esart.go.kr/www/index.do""]",false,false,false,true,false,true,true,false,true,false,2026-09-24 15:50:04.796459+00,,2026-09-25 02:50:17.102193+00,2026-09-25 02:50:17.102193+00,1
c21e6de2-78a7-511d-b9f9-0c356a938758,cc116256-a043-51f8-91f1-72852fc3dd25,FC000035,양주별산대놀이마당,공공(기타),경기도 양주시 부흥로1399번길 47 (유양동) 양주별산대놀이마당,,37.7861431,127.0314989,valid,KR,Asia/Seoul,,,2000,1,494,031-840-9986,"[""http://www.sandae.com/""]",false,false,false,false,false,true,true,true,true,false,2026-09-23 17:00:08.747607+00,,2026-09-24 02:00:17.21355+00,2026-09-24 02:00:17.21355+00,1
c25de664-1fa1-581a-a547-5f49f92c9c0f,cc116256-a043-51f8-91f1-72852fc3dd25,FC000372,올웨이즈 씨어터(구.아티스탄홀),민간(대학로),서울특별시 종로구 대학로 132 (동숭동),,37.5830591,127.0020855,valid,KR,Asia/Seoul,,,2003,1,299,070-4618-5633,[],false,false,false,false,false,false,false,false,false,false,2026-09-24 04:00:02.907459+00,,2026-09-25 02:50:17.102193+00,2026-09-25 02:50:17.102193+00,1
c26c2bb1-17e3-53f0-8caa-d7b544148074,cc116256-a043-51f8-91f1-72852fc3dd25,FC000406,김해칠암문화센터 (칠암도서관),공공(기타),경상남도 김해시 활천로285번길 14 (삼방동),,35.2445671,128.9104273,valid,KR,Asia/Seoul,,,1999,1,306,055-330-4581,"[""https://www.gimhae.go.kr/00224/00227/00229.web?amode=view&idx=450""]",false,false,false,false,false,true,false,false,false,false,2026-09-23 16:40:10.396034+00,,2026-09-16 06:14:28.979553+00,2026-09-24 02:01:39.338769+00,2
c37e5108-9834-56d4-aa40-69516747c5ec,cc116256-a043-51f8-91f1-72852fc3dd25,FC001837,잠실종합운동장,공공(기타),서울특별시 송파구 올림픽로 25 (잠실동),,37.5140929,127.0749534,valid,KR,Asia/Seoul,,,1984,8,81813,02-2240-8800,"[""http://stadium.seoul.go.kr/""]",false,true,true,false,false,true,true,false,false,false,2026-09-24 05:00:10.846801+00,,2026-09-25 02:50:17.102193+00,2026-09-25 02:50:17.102193+00,1
c387518f-a9b8-549e-abaf-3e77f42a7b85,cc116256-a043-51f8-91f1-72852fc3dd25,FC001356,익산예술의전당,공공(문예회관),전라북도 익산시 동서로 490 (어양동),,35.9515526,126.9869056,valid,KR,Asia/Seoul,,,2015,1,1202,063-859-3254,"[""http://arts.iksan.go.kr/index.iksan""]",true,true,false,true,false,true,true,true,true,true,2026-09-23 18:20:08.722432+00,,2026-09-24 02:00:17.21355+00,2026-09-24 02:00:17.21355+00,1
c42013e7-1966-5858-a9cd-8a50f0b56162,cc116256-a043-51f8-91f1-72852fc3dd25,FC000325,인천학생교육문화회관,공공(기타),인천광역시 중구 자유공원로 12 (인현동),,37.4757169,126.6296972,valid,KR,Asia/Seoul,,,2004,2,808,032-760-3400,"[""http://www.iecs.go.kr/""]",false,true,false,true,true,true,true,false,false,false,2026-09-23 22:50:04.643124+00,,2026-09-24 02:00:17.21355+00,2026-09-24 02:00:17.21355+00,1
c43b76b7-a13a-5bbb-aad3-6b1c900d36ee,cc116256-a043-51f8-91f1-72852fc3dd25,FC002127,프리즘홀 (프리즘플러스),민간(대학로 외),서울특별시 마포구 양화로12길 6 (서교동),,37.5516588,126.9175099,valid,KR,Asia/Seoul,,,,1,120,070-8150-2979,"[""http://ugcc.net/list/board.php?id=liveclub&page=1&page_num=10&select_arrange=headnum&desc=&sn=on&ss=off&sc=off&keyword=%C5%94%C5%BB%C3%81%C3%B6%C5%BE%C5%BE%C5%BE%C5%BE&category=&no=74""]",false,false,false,false,false,true,false,false,false,false,2026-09-24 15:50:02.867018+00,,2026-09-25 02:50:17.102193+00,2026-09-25 02:50:17.102193+00,1
c55e36d8-15aa-5d9f-988f-940094734581,cc116256-a043-51f8-91f1-72852fc3dd25,FC002833,청라복합문화센터 블루노바홀,공공(문예회관),인천광역시 서구 청라대로 20 (청라동),,37.5240132,126.6341822,valid,KR,Asia/Seoul,,,2021,1,480,032-580-1196,"[""https://iscf.kr/_new/html/centerIntro/cheongna.php""]",false,true,false,false,false,true,true,false,true,false,2026-09-24 03:50:15.094912+00,,2026-09-25 02:50:17.102193+00,2026-09-25 02:50:17.102193+00,1
c5647e80-7b31-5bf2-9b30-6c7154ea7ad9,cc116256-a043-51f8-91f1-72852fc3dd25,FC000384,영산아트홀,민간(대학로 외),서울특별시 영등포구 여의공원로 101 (여의도동),,37.5292309,126.9248721,valid,KR,Asia/Seoul,,,1999,1,598,02-6181-5260,"[""http://www.youngsanarthall.com/rb/""]",true,true,false,false,false,true,true,false,false,false,2026-09-23 15:50:12.964381+00,,2026-09-24 02:00:17.21355+00,2026-09-24 02:00:17.21355+00,1
c5912a48-2e35-550c-a9bf-ea543d405275,cc116256-a043-51f8-91f1-72852fc3dd25,FC004806,안단테음악학원,기타(비공연장),충청북도 청주시 흥덕구 송화로108번길 30 (송절동),,36.6617520,127.4491180,valid,KR,Asia/Seoul,,,,1,,,[],false,false,false,false,false,false,false,false,false,false,2026-09-23 23:20:13.061805+00,,2026-09-16 06:14:28.979553+00,2026-09-24 02:01:39.338769+00,2
c59acd6b-4687-50e2-b560-9852c46b9044,cc116256-a043-51f8-91f1-72852fc3dd25,FC005051,롯데백화점 동래점 [부산],기타(비공연장),부산광역시 동래구 중앙대로 1393 (온천동),,35.2114320,129.0776120,valid,KR,Asia/Seoul,,,,1,,,"[""https://www.lotteshopping.com/store/main?cstrCd=0016""]",false,false,false,false,false,false,false,false,false,false,2026-09-24 18:30:06.696208+00,,2026-09-25 02:50:17.102193+00,2026-09-25 02:50:17.102193+00,1
c5b51424-51d1-5e37-9dad-396a6d36595c,cc116256-a043-51f8-91f1-72852fc3dd25,FC001396,남도소리울림터,공공(문예회관),전남광주통합특별시 무안군 삼향읍 남악로 222,,34.8048793,126.4617532,valid,KR,Asia/Seoul,,,2015,1,558,061-981-6688,"[""http://namdosori.or.kr/""]",false,false,false,false,false,true,false,false,false,false,2026-09-24 17:30:08.772067+00,,2026-09-25 02:50:17.102193+00,2026-09-25 02:50:17.102193+00,1
c6443191-87f0-5ef6-aeaf-3cb017aedbd7,cc116256-a043-51f8-91f1-72852fc3dd25,FC003099,재즈인연구소,민간(대학로 외),세종특별자치시 시청대로 167(보람동),,36.4813104,127.2898957,valid,KR,Asia/Seoul,,,2012,1,60,070-8882-3863,"[""https://www.jazzinlab.com/""]",false,false,false,false,false,true,false,false,false,false,2026-09-23 19:10:16.96275+00,,2026-09-16 06:14:28.979553+00,2026-09-24 02:01:39.338769+00,2
c67cf248-b24b-58e3-953d-167c810642e5,cc116256-a043-51f8-91f1-72852fc3dd25,FC000071,광명시민회관,공공(문예회관),경기도 광명시 시청로 20 (철산동),,37.4770159,126.8636777,valid,KR,Asia/Seoul,,,1990,3,822,02-2621-8800,[],false,true,false,false,true,true,true,true,true,true,2026-09-23 21:30:18.032639+00,,2026-09-24 02:00:17.21355+00,2026-09-24 02:00:17.21355+00,1
c67fb97b-d9d7-520d-aa78-2523303c8861,cc116256-a043-51f8-91f1-72852fc3dd25,FC003225,별별마당 우금치,민간(대학로 외),대전광역시 중구 중앙로112번길 15(대흥동),,36.3267236,127.4230361,valid,KR,Asia/Seoul,,,2015,1,100,,"[""https://linktr.ee/wukumchi1990""]",false,false,false,false,false,false,false,false,false,false,2026-09-23 18:50:15.03764+00,,2026-09-16 06:14:28.979553+00,2026-09-24 02:01:39.338769+00,2
c6aacd3f-337c-58c5-88d3-2997d8e2b37b,cc116256-a043-51f8-91f1-72852fc3dd25,FC000145,오산문화예술회관,공공(문예회관),경기도 오산시 경기동로 41 (오산동),,37.1597009,127.0765389,valid,KR,Asia/Seoul,,,2004,2,1007,031-379-9900,"[""https://www.osan.go.kr/arts/main.do""]",false,false,false,false,false,true,true,false,false,false,2026-09-23 20:00:17.243152+00,,2026-09-24 02:00:17.21355+00,2026-09-24 02:00:17.21355+00,1
c6cd2773-acb5-5fc1-9fa3-6ea7d63e695b,cc116256-a043-51f8-91f1-72852fc3dd25,FC002055,NC소극장 [안산고잔],민간(대학로 외),경기도 안산시 단원구 광덕대로 194 (고잔동),,37.3138933,126.8310464,valid,KR,Asia/Seoul,,,,1,200,031-414-2100,"[""https://blog.naver.com/manimani_ansan""]",true,true,true,true,true,true,true,false,false,false,2026-09-23 22:20:06.116374+00,,2026-09-24 02:00:17.21355+00,2026-09-24 02:00:17.21355+00,1
c6cfb2cc-2135-5a0c-8215-1cf7aa7cabb8,cc116256-a043-51f8-91f1-72852fc3dd25,FC000528,동덕여대공연예술센터,민간(대학로),서울특별시 종로구 동숭길 126 (동숭동),,37.5836998,127.0032999,valid,KR,Asia/Seoul,,,2001,1,411,02-940-4578,"[""https://www.dongduk.ac.kr/kor/intro/subinstitute05.do""]",false,false,false,false,false,true,true,false,true,false,2026-09-24 06:00:10.333269+00,,2026-09-25 02:50:17.102193+00,2026-09-25 02:50:17.102193+00,1
c6e35d1f-750f-56f4-9a35-d16c5ebe9716,cc116256-a043-51f8-91f1-72852fc3dd25,FC001329,창동극장,민간(대학로 외),서울특별시 도봉구 노해로 391 (창동),,37.6527874,127.0515936,valid,KR,Asia/Seoul,,,2014,1,100,070-8749-3205,"[""https://www.loveticket.kr/""]",false,false,false,false,false,false,false,false,false,false,2026-09-24 19:20:06.800803+00,,2026-09-25 02:50:17.102193+00,2026-09-25 02:50:17.102193+00,1
c717c7d0-f147-5bf3-88b8-3873bd951bb1,cc116256-a043-51f8-91f1-72852fc3dd25,FC002318,인터플레이 [대전],민간(대학로 외),대전광역시 서구 대덕대로162번길 11 (갈마동),,36.3473494,127.3767048,valid,KR,Asia/Seoul,,,,1,80,042-537-9447,"[""https://www.facebook.com/%EC%9D%B8%ED%84%B0%ED%94%8C%EB%A0%88%EC%9D%B4-576585415827501""]",false,true,false,false,false,true,false,false,false,false,2026-09-24 19:30:13.274807+00,,2026-09-16 06:14:28.979553+00,2026-09-25 03:53:58.236199+00,2
c79834cc-e553-5d13-bd93-20cf7c233070,cc116256-a043-51f8-91f1-72852fc3dd25,FC003043,기장군청,공공(기타),부산광역시 기장군 기장읍 기장대로 560,,35.2434816,129.2229560,valid,KR,Asia/Seoul,,,,1,383,,[],false,false,false,false,false,true,true,false,true,false,2026-09-23 16:40:04.160451+00,,2026-09-24 02:00:17.21355+00,2026-09-24 02:00:17.21355+00,1
c83a6364-c9c6-527b-a930-f3c2d65bf8e3,cc116256-a043-51f8-91f1-72852fc3dd25,FC000134,양주문화예술회관,공공(문예회관),경기도 양주시 광적면 부흥로618번길 303 양주문화예술회관,,37.8131434,126.9721575,valid,KR,Asia/Seoul,,,1997,3,1851,031-828-9723,"[""https://www.yjuc.or.kr/main/index.asp""]",false,false,false,false,false,true,false,true,true,false,2026-09-23 20:00:14.53293+00,,2026-09-24 02:00:17.21355+00,2026-09-24 02:00:17.21355+00,1
c8aa6bc6-44b3-55db-aeeb-b06e905856f2,cc116256-a043-51f8-91f1-72852fc3dd25,FC000865,군위 삼국유사교육문화회관,공공(문예회관),경상북도 군위군 군위읍 군청로 158,,36.2372680,128.5739381,valid,KR,Asia/Seoul,,,2007,1,473,054-380-7212,"[""http://www.gunwiart.go.kr/""]",false,false,false,true,false,true,true,true,true,true,2026-09-24 17:40:12.556595+00,,2026-09-16 06:14:28.979553+00,2026-09-25 03:53:58.236199+00,2
c8b27d78-e286-5be4-8fd3-6311be234c8a,cc116256-a043-51f8-91f1-72852fc3dd25,FC001370,광림아트센터,민간(대학로 외),서울특별시 강남구 논현로163길 33 (신사동),,37.5238342,127.0251165,valid,KR,Asia/Seoul,,,2005,2,1611,02-2056-5787,[],false,true,false,false,false,false,true,true,true,true,2026-09-23 16:50:10.872807+00,,2026-09-24 02:00:17.21355+00,2026-09-24 02:00:17.21355+00,1
c8b7c510-c29e-5d44-a521-0f3de386b37f,cc116256-a043-51f8-91f1-72852fc3dd25,FC001485,서초문화예술회관(구. 서초구민회관),공공(문예회관),서울특별시 서초구 강남대로 201 (양재동) 서초구민회관,,37.4818100,127.0357439,valid,KR,Asia/Seoul,,,1989,1,690,02-2155-8301,"[""http://www.seocho.go.kr/site/seocho/04/10404021401002015070703.jsp""]",false,true,false,false,false,true,true,true,true,true,2026-09-24 00:50:10.310927+00,,2026-09-24 02:00:17.21355+00,2026-09-24 02:00:17.21355+00,1
c8c3b96d-5c68-58a9-ba2b-b6314d463a09,cc116256-a043-51f8-91f1-72852fc3dd25,FC003373,스카이아트홀,민간(대학로 외),서울특별시 강서구 화곡로63길 65(등촌동),,37.5579738,126.8491891,valid,KR,Asia/Seoul,,,2022,1,987,02-2657-9757,"[""http://skyarthall.co.kr/w/home.html""]",false,false,false,false,false,false,false,false,false,false,2026-09-24 02:20:02.730288+00,,2026-09-24 03:20:17.345552+00,2026-09-24 03:20:17.345552+00,1
c95ac9a8-de29-55bf-b778-9210b48f0881,cc116256-a043-51f8-91f1-72852fc3dd25,FC001233,유니플렉스,민간(대학로),서울특별시 종로구 대학로12길 64 (동숭동),,37.5811328,127.0036997,valid,KR,Asia/Seoul,,,2013,3,1049,02-766-2115,"[""http://www.uniplex.co.kr/""]",false,true,false,false,false,true,false,false,false,false,2026-09-24 00:10:12.901275+00,,2026-09-24 02:00:17.21355+00,2026-09-24 02:00:17.21355+00,1
c9d56f0b-63b7-58a7-8e93-45ac475066f8,cc116256-a043-51f8-91f1-72852fc3dd25,FC004469,낙동아트센터,공공(문예회관),부산광역시 강서구 명지국제1로 141 (명지동),,35.1020940,128.9039870,valid,KR,Asia/Seoul,,,2026,2,1279,,"[""https://bsgangseo.go.kr/nac""]",false,false,false,false,false,false,false,false,false,false,2026-09-23 16:40:02.285739+00,,2026-09-16 06:14:28.979553+00,2026-09-24 02:01:39.338769+00,2
c9ebb34f-f19f-50fc-9b71-656cb591b914,cc116256-a043-51f8-91f1-72852fc3dd25,FC005049,문웨이브,민간(대학로 외),충청남도 공주시 봉산길 20 (중동),,36.4553660,127.1232810,valid,KR,Asia/Seoul,,,,1,,,"[""https://www.instagram.com/moonwave_gj""]",false,false,false,false,false,false,false,false,false,false,2026-09-24 18:40:15.147638+00,,2026-09-25 02:50:17.102193+00,2026-09-25 02:50:17.102193+00,1
c9ec43d6-18cb-5a4d-acc6-cfa49dfd4905,cc116256-a043-51f8-91f1-72852fc3dd25,FC000752,드림아트홀 [대전],민간(대학로 외),대전광역시 중구 선화서로 2 (대흥동),,36.3243771,127.4204477,valid,KR,Asia/Seoul,,,2024,1,77,042-252-0887,"[""https://www.instagram.com/dreamarthall/""]",false,false,false,false,false,false,false,false,false,false,2026-09-24 16:50:11.138403+00,,2026-09-16 06:14:28.979553+00,2026-09-25 03:53:58.236199+00,2
c9fba2ca-6be8-5e82-8ac7-60e3079832e7,cc116256-a043-51f8-91f1-72852fc3dd25,FC001294,안산올림픽기념관,공공(기타),경기도 안산시 단원구 적금로 202 (고잔동),,37.3259751,126.8278101,valid,KR,Asia/Seoul,,,1992,2,840,031-481-4900,"[""http://www.ansanuc.net/home/10103/40050/contents.do""]",false,false,false,false,false,true,true,true,true,false,2026-09-24 01:30:08.966501+00,,2026-09-24 02:00:17.21355+00,2026-09-24 02:00:17.21355+00,1
ca102d32-bb18-57b4-874d-b536030789a2,cc116256-a043-51f8-91f1-72852fc3dd25,FC000420,5.18기념문화센터,공공(문예회관),전남광주통합특별시 서구 내방로 152 (쌍촌동),,35.1570531,126.8581560,valid,KR,Asia/Seoul,,,2001,2,1087,062-376-5197,"[""http://518center.gwangju.go.kr/""]",false,false,false,false,false,true,true,false,false,false,2026-09-23 17:30:16.67677+00,,2026-09-16 06:14:28.979553+00,2026-09-24 02:01:39.338769+00,2
ca5647f1-f6b9-56ae-885a-1324612da40e,cc116256-a043-51f8-91f1-72852fc3dd25,FC005036,경포해수욕장(경포해변),기타(비공연장),강원특별자치도 강릉시 창해로 514 (안현동),,37.8034050,128.9102100,valid,KR,Asia/Seoul,,,,1,,,[],false,false,false,false,false,false,false,false,false,false,2026-09-24 01:20:06.372691+00,,2026-09-24 02:00:17.21355+00,2026-09-24 02:00:17.21355+00,1
caa7af7f-99f5-5400-ad1e-f8e2d7b738b4,cc116256-a043-51f8-91f1-72852fc3dd25,FC000402,두산아트센터,민간(대학로 외),서울특별시 종로구 종로33길 15 (연지동),,37.5717290,127.0011893,valid,KR,Asia/Seoul,,,2007,3,920,02-708-5001,"[""http://www.doosanartcenter.com/""]",false,false,false,false,false,true,false,false,false,false,2026-09-24 17:20:14.885108+00,,2026-09-25 02:50:17.102193+00,2026-09-25 02:50:17.102193+00,1
caddb869-0fd7-5aa1-9d62-d9dff75f0bf6,cc116256-a043-51f8-91f1-72852fc3dd25,FC000005,국립극단 [명동],국립,서울특별시 중구 명동길 35 (명동1가),,37.5639990,126.9841738,valid,KR,Asia/Seoul,,,2009,1,547,00-1644-2003,"[""http://www.ntck.or.kr""]",false,true,false,false,false,true,true,true,true,true,2026-09-24 01:30:06.842503+00,,2026-09-24 02:00:17.21355+00,2026-09-24 02:00:17.21355+00,1
caf1a546-781b-5a7a-aca7-7c52ff869048,cc116256-a043-51f8-91f1-72852fc3dd25,FC002030,베리어스 재즈클럽,민간(대학로 외),대구광역시 수성구 달구벌대로 2881 (연호동),,35.8459419,128.6737892,valid,KR,Asia/Seoul,,,2018,1,250,010-7145-6672,"[""https://variousconcerthall.modoo.at/""]",true,true,false,false,false,true,true,true,false,false,2026-09-24 05:20:02.230461+00,,2026-09-16 06:14:28.979553+00,2026-09-25 03:53:58.236199+00,2
cb09d6dc-37be-5c2b-b4b3-50c2eb391a3b,cc116256-a043-51f8-91f1-72852fc3dd25,FC001270,국립아시아문화전당,국립,전남광주통합특별시 동구 문화전당로 38 (광산동),,35.1467193,126.9202542,valid,KR,Asia/Seoul,,,2015,19,4274,00-1899-5566,"[""https://www.acc.go.kr/""]",true,true,true,true,true,true,false,false,false,false,2026-09-23 22:00:04.966768+00,,2026-09-16 06:14:28.979553+00,2026-09-24 02:01:39.338769+00,2
cb7a0402-d4e5-5518-a683-df9e3f77b628,cc116256-a043-51f8-91f1-72852fc3dd25,FC004369,상도어울마당 아트홀,민간(대학로 외),서울특별시 동작구 성대로 180 (상도동),,37.4992555,126.9403722,valid,KR,Asia/Seoul,,,,1,55,,[],false,false,false,false,false,false,false,false,false,false,2026-09-24 19:10:11.054177+00,,2026-09-25 02:50:17.102193+00,2026-09-25 02:50:17.102193+00,1
cc2e4758-2e47-50e1-8b01-eb37f2246c2a,cc116256-a043-51f8-91f1-72852fc3dd25,FC003302,경상대학교 칠암캠퍼스,공공(기타),경상남도 진주시 동진로 33(칠암동),,35.1792659,128.0920809,valid,KR,Asia/Seoul,,,,1,400,055-751-3114,[],false,false,false,false,false,true,true,false,false,false,2026-09-23 20:10:10.898887+00,,2026-09-24 02:00:17.21355+00,2026-09-24 02:00:17.21355+00,1
cc64fc61-48d3-5920-a0a2-9aa6228be3fc,cc116256-a043-51f8-91f1-72852fc3dd25,FC000724,한라아트홀,민간(대학로 외),제주특별자치도 제주시 한라대학로 38 (노형동),,33.4762933,126.4748987,valid,KR,Asia/Seoul,,,2001,3,1311,064-741-7575,"[""http://www.chu.ac.kr/organization/02organization/sub02/sub02.php""]",false,false,false,false,false,true,false,false,false,false,2026-09-23 17:20:12.759268+00,,2026-09-24 02:00:17.21355+00,2026-09-24 02:00:17.21355+00,1
cd232632-c7ea-5fa5-a69d-1a1b3dc5ab5a,cc116256-a043-51f8-91f1-72852fc3dd25,FC000428,부여국악의전당,공공(문예회관),충청남도 부여군 규암면 백제문로 388,,36.3046020,126.8995592,valid,KR,Asia/Seoul,,,2005,1,165,041-832-4874,[],false,false,false,false,false,false,false,false,false,false,2026-09-24 04:00:06.863955+00,,2026-09-16 06:14:28.979553+00,2026-09-25 03:53:58.236199+00,2
cd4f6ae3-025a-5152-82f2-61c235e09c18,cc116256-a043-51f8-91f1-72852fc3dd25,FC004607,제페토(GEPPETTO),민간(대학로 외),부산광역시 동구 망양로 897 (범일동),,35.1401870,129.0494530,valid,KR,Asia/Seoul,,,,1,,,"[""https://www.instagram.com/geppetto.piokio""]",false,false,false,false,false,false,false,false,false,false,2026-09-24 16:00:12.843683+00,,2026-09-25 02:50:17.102193+00,2026-09-25 02:50:17.102193+00,1
cd867526-5472-58bb-88f1-d2dc832c1fa6,cc116256-a043-51f8-91f1-72852fc3dd25,FC001247,올림픽공원,공공(기타),서울특별시 송파구 올림픽로 424 올림픽공원 (방이동),,37.5211200,127.1283636,valid,KR,Asia/Seoul,,,1986,12,41376,02-410-1114,"[""http://www.olympicpark.co.kr/""]",true,true,true,false,false,true,false,false,false,false,2026-09-23 16:30:14.912354+00,,2026-09-16 06:14:28.979553+00,2026-09-24 02:01:39.338769+00,2
cdfb9333-9174-510b-9741-2794c545b62e,cc116256-a043-51f8-91f1-72852fc3dd25,FC001693,이수아트홀 [대전],민간(대학로 외),대전광역시 서구 문정로 78 (탄방동),,36.3464125,127.3878526,valid,KR,Asia/Seoul,,,2011,1,282,00-1644-4325,"[""https://isuart.modoo.at/""]",false,true,false,false,false,false,false,false,false,true,2026-09-23 20:40:06.662401+00,,2026-09-24 02:00:17.21355+00,2026-09-24 02:00:17.21355+00,1
cdfbc3ac-c931-5ad4-904c-834ebe3dc33f,cc116256-a043-51f8-91f1-72852fc3dd25,FC001208,홍익대 대학로 아트센터,민간(대학로),서울특별시 종로구 대학로 57 (연건동),,37.5769696,127.0020331,valid,KR,Asia/Seoul,,,2013,2,852,02-742-0300,"[""http://www.hongikartcenter.com/main.do""]",false,true,true,false,false,true,true,true,false,true,2026-09-23 22:40:14.84792+00,,2026-09-24 02:00:17.21355+00,2026-09-24 02:00:17.21355+00,1
cee158ab-58ca-594c-a8d8-3a71328bca4f,cc116256-a043-51f8-91f1-72852fc3dd25,FC002012,더 서울라이티움 (갤러리아포레),민간(대학로 외),서울특별시 성동구 서울숲2길 32-14 (성수동1가),,37.5457838,127.0424798,valid,KR,Asia/Seoul,,,2017,2,800,02-516-2513,"[""http://www.seouliteum.com/""]",true,true,false,false,false,true,true,false,false,false,2026-09-24 00:10:02.616885+00,,2026-09-24 02:00:17.21355+00,2026-09-24 02:00:17.21355+00,1
cefc44e1-1fef-5509-9b2c-d89a67a48d15,cc116256-a043-51f8-91f1-72852fc3dd25,FC001420,나비아트홀,민간(대학로 외),경상남도 창원시 성산구 용지로169번길 11-13(용호동),,35.2299871,128.6810528,valid,KR,Asia/Seoul,,,2015,1,120,055-275-0618,"[""http://www.nabiart.org/""]",false,false,false,false,false,false,false,false,false,false,2026-09-23 22:10:08.26593+00,,2026-09-24 02:00:17.21355+00,2026-09-24 02:00:17.21355+00,1
cf9549a9-7fe5-5267-8379-c63c0ab89093,cc116256-a043-51f8-91f1-72852fc3dd25,FC000003,국립극장,국립,서울특별시 중구 장충단로 59 (장충동2가),,37.5523153,126.9996360,valid,KR,Asia/Seoul,,,1973,7,2432,02-2280-4114,"[""http://www.ntok.go.kr""]",false,false,true,false,false,true,false,true,true,true,2026-09-24 17:30:17.268284+00,,2026-09-16 06:14:28.979553+00,2026-09-25 03:53:58.236199+00,2
d021bd55-63da-51be-a32a-262702062873,cc116256-a043-51f8-91f1-72852fc3dd25,FC000300,학산소극장,공공(기타),인천광역시 남구 인하로 126 (용현동),,37.4494551,126.6618760,valid,KR,Asia/Seoul,,,2004,1,114,032-866-3970,"[""http://www.haksanculture.or.kr/theatre/haksantheater.php""]",true,true,true,false,false,true,true,true,false,true,2026-09-23 18:10:12.87484+00,,2026-09-24 02:00:17.21355+00,2026-09-24 02:00:17.21355+00,1
d07a60a2-9a64-5285-8611-258e46b3e895,cc116256-a043-51f8-91f1-72852fc3dd25,FC000871,안동시청 대동관(구. 안동시민회관),공공(기타),경상북도 안동시 퇴계로 115 (명륜동),,36.5682946,128.7279110,valid,KR,Asia/Seoul,,,1993,2,1298,054-840-3651,[],false,false,false,false,false,true,true,true,false,false,2026-09-24 18:30:13.096642+00,,2026-09-25 02:50:17.102193+00,2026-09-25 02:50:17.102193+00,1
d098a547-101b-5e95-a951-bb548b756989,cc116256-a043-51f8-91f1-72852fc3dd25,FC004888,운율북클래식,민간(대학로 외),인천광역시 연수구 센트럴로 313 (송도동),,37.4016480,126.6315640,valid,KR,Asia/Seoul,,,,1,,,"[""https://www.instagram.com/woonyul_classic""]",false,false,false,false,false,false,false,false,false,false,2026-09-24 02:40:06.370067+00,,2026-09-24 03:20:17.345552+00,2026-09-24 03:20:17.345552+00,1
d0bd840f-03e0-5fba-b0fc-f1fe02df4906,cc116256-a043-51f8-91f1-72852fc3dd25,FC001191,포항문화예술회관,공공(문예회관),경상북도 포항시 남구 희망대로 850 (대도동),,36.0095480,129.3659927,valid,KR,Asia/Seoul,,,1995,3,1527,054-289-7999,"[""https://culturalspace.phcf.or.kr/munhwaArtCenter/subMain.do""]",false,true,false,false,false,true,true,false,false,true,2026-09-23 18:50:06.670519+00,,2026-09-16 06:14:28.979553+00,2026-09-24 02:01:39.338769+00,2
d0ded4e2-568e-5ed3-b779-8d2ffb45751c,cc116256-a043-51f8-91f1-72852fc3dd25,FC001173,성수아트홀(성수문화복지회관),공공(문예회관),서울특별시 성동구 뚝섬로1길 43 (성수동1가),,37.5443376,127.0469275,valid,KR,Asia/Seoul,,,2012,1,352,02-2204-7571,"[""https://www.sdfac.or.kr/kor/sdfac/sub/contents.do?gotoMenuNo=08020500""]",false,true,false,false,true,true,true,true,false,false,2026-09-24 05:20:04.219774+00,,2026-09-25 02:50:17.102193+00,2026-09-25 02:50:17.102193+00,1
d10b8a94-523e-5296-8f6d-89d22d1f0994,cc116256-a043-51f8-91f1-72852fc3dd25,FC001906,에스팩토리,민간(대학로 외),서울특별시 성동구 연무장 15길 11 (성수동2가),,37.5426700,127.0594650,valid,KR,Asia/Seoul,,,2016,5,1700,02-6388-8321,"[""https://www.sfactory.kr/""]",true,true,true,false,false,true,false,false,false,false,2026-09-23 22:00:13.081715+00,,2026-09-24 02:00:17.21355+00,2026-09-24 02:00:17.21355+00,1
d116788f-2676-5649-85b0-b2a4363debc3,cc116256-a043-51f8-91f1-72852fc3dd25,FC002153,문화비축기지,공공(기타),서울특별시 마포구 증산로 87 (성산동),,37.5716073,126.8953690,valid,KR,Asia/Seoul,,,,6,11180,02-376-8410,"[""http://parks.seoul.go.kr/template/sub/culturetank.do""]",false,false,false,false,false,true,true,true,false,false,2026-09-24 02:40:08.512162+00,,2026-09-16 06:14:28.979553+00,2026-09-24 03:25:06.778885+00,2
d166147e-949c-5deb-b314-f12a6f09a59d,cc116256-a043-51f8-91f1-72852fc3dd25,FC001303,해피씨어터,민간(대학로),서울특별시 종로구 대학로10길 5 (동숭동),,37.5818197,127.0025595,valid,KR,Asia/Seoul,,,2008,1,200,02-747-2070,[],false,false,false,false,false,false,false,false,false,false,2026-09-24 04:30:04.318004+00,,2026-09-25 02:50:17.102193+00,2026-09-25 02:50:17.102193+00,1
d17575e9-78d8-5e67-a550-9999c15fd69a,cc116256-a043-51f8-91f1-72852fc3dd25,FC002246,푸르지오아트홀,민간(대학로 외),서울특별시 중구 을지로 170 (을지로4가),,37.5661792,126.9973242,valid,KR,Asia/Seoul,,,2019,1,280,02-2288-2864,"[""http://prugioarthall.daewooenc.com/""]",true,true,false,false,false,true,false,true,true,true,2026-09-24 03:20:03.031986+00,,2026-09-24 03:20:17.345552+00,2026-09-24 03:20:17.345552+00,1
d1ad5d8d-633c-5a3e-8247-97af5d708d5d,cc116256-a043-51f8-91f1-72852fc3dd25,FC003465,서빛마루문화예술회관,민간(대학로 외),전남광주통합특별시 서구 풍암공원로 30 (풍암동),,35.1304664,126.8806018,valid,KR,Asia/Seoul,,,,1,320,,"[""http://210.179.58.118/user/sub4030""]",false,false,false,false,false,false,false,false,false,false,2026-09-24 19:10:08.841268+00,,2026-09-25 02:50:17.102193+00,2026-09-25 02:50:17.102193+00,1
d211c7dd-a890-54ad-a2a4-43928de40adb,cc116256-a043-51f8-91f1-72852fc3dd25,FC002875,한국토지주택공사(LH) 본사,기타(비공연장),경상남도 진주시 충의로 19(충무공동),,35.1782457,128.1461670,valid,KR,Asia/Seoul,,,,1,,,"[""https://www.lh.or.kr/index.do""]",false,false,false,false,false,true,false,false,false,false,2026-09-24 03:40:17.060409+00,,2026-09-24 03:40:17.060409+00,2026-09-24 03:40:17.060409+00,1
d211f7a2-7e81-5468-8e76-73c91146183d,cc116256-a043-51f8-91f1-72852fc3dd25,FC001180,고양시문예회관,공공(문예회관),경기도 고양시 덕양구 고양시청로 10 (주교동),,37.6578318,126.8329945,valid,KR,Asia/Seoul,,,1989,1,334,031-965-2957,"[""http://goart.gys.or.kr/""]",false,false,false,false,false,true,true,true,true,false,2026-09-23 16:10:08.632997+00,,2026-09-16 06:14:28.979553+00,2026-09-24 02:01:39.338769+00,2
d214d3a0-adf6-5fda-adba-1f055b88b98d,cc116256-a043-51f8-91f1-72852fc3dd25,FC001185,목포문화예술회관,공공(문예회관),전남광주통합특별시 목포시 남농로 102 (용해동),,34.7913967,126.4169910,valid,KR,Asia/Seoul,,,1997,1,629,061-270-4038,"[""https://www.mokpo.go.kr/art/""]",false,false,true,false,false,true,true,true,true,true,2026-09-24 02:00:04.789915+00,,2026-09-24 02:00:17.21355+00,2026-09-24 02:00:17.21355+00,1
d23261e3-266b-594a-83ef-95d3ba0ed9ad,cc116256-a043-51f8-91f1-72852fc3dd25,FC001961,명주예술마당,공공(기타),강원도 강릉시 경강로2021번길 9-1 (명주동),,37.7503897,128.8893329,valid,KR,Asia/Seoul,,,2016,1,164,033-647-6800,"[""https://www.gncaf.or.kr/""]",false,false,false,false,false,true,true,true,false,false,2026-09-23 20:00:04.874866+00,,2026-09-24 02:00:17.21355+00,2026-09-24 02:00:17.21355+00,1
d338a54c-8fd1-5682-8e35-84f23d954f8a,cc116256-a043-51f8-91f1-72852fc3dd25,FC004986,서호잔디광장,기타(비공연장),경기도 수원시 권선구 금호로 318 (서둔동),,37.2759780,126.9849370,valid,KR,Asia/Seoul,,,,1,,,[],false,false,false,false,false,false,false,false,false,false,2026-09-24 02:50:06.520814+00,,2026-09-24 03:20:17.345552+00,2026-09-24 03:20:17.345552+00,1
d350bf8e-dc42-5744-a0de-40e095053457,cc116256-a043-51f8-91f1-72852fc3dd25,FC001199,브릭스씨어터 (구. 콘텐츠 그라운드),민간(대학로),서울특별시 종로구 대학로8길 25 (동숭동),,37.5809157,127.0037003,valid,KR,Asia/Seoul,,,2007,1,202,010-7270-8281,[],true,true,false,false,false,false,false,false,false,false,2026-09-23 22:10:04.066631+00,,2026-09-24 02:00:17.21355+00,2026-09-24 02:00:17.21355+00,1
d362b217-b48e-58bf-a052-8f2ddaecfe4a,cc116256-a043-51f8-91f1-72852fc3dd25,FC001366,엑스코(exco),민간(대학로 외),대구광역시 북구 엑스코로 10 (산격동) 대구전시컨벤션센터,,35.9078210,128.6127760,valid,KR,Asia/Seoul,,,2001,12,53214,053-601-5000,"[""https://www.exco.co.kr/kor/index.html""]",true,true,true,false,false,true,true,false,false,false,2026-09-23 17:50:14.920405+00,,2026-09-24 02:00:17.21355+00,2026-09-24 02:00:17.21355+00,1
d41cef06-10de-5643-9096-15371e07c964,cc116256-a043-51f8-91f1-72852fc3dd25,FC000883,명보아트홀,민간(대학로 외),서울특별시 중구 마른내로 47 (초동),,37.5644290,126.9930010,valid,KR,Asia/Seoul,,,2008,6,1818,02-2274-2121,"[""https://www.mbah.co.kr/""]",true,true,false,false,false,true,false,false,false,false,2026-09-24 04:40:17.009276+00,,2026-09-25 02:50:17.102193+00,2026-09-25 02:50:17.102193+00,1
d4e72f8d-c28c-55f2-b089-9d7abcf91dfe,cc116256-a043-51f8-91f1-72852fc3dd25,FC001784,F1963,공공(기타),부산광역시 수영구 구락로123번길 20 (망미동),,35.1772020,129.1149660,valid,KR,Asia/Seoul,,,2016,3,620,051-756-1963,"[""http://www.f1963.org/ko/""]",true,true,false,false,false,true,true,false,false,false,2026-09-23 19:50:10.15073+00,,2026-09-24 02:00:17.21355+00,2026-09-24 02:00:17.21355+00,1
d5104c6f-4464-5cd9-a953-7c59c1afa583,cc116256-a043-51f8-91f1-72852fc3dd25,FC000183,달서아트센터 (구. 웃는얼굴아트센터),공공(문예회관),대구광역시 달서구 문화회관길 160 (장기동),,35.8433779,128.5228444,valid,KR,Asia/Seoul,,,2004,3,1667,053-584-8715,"[""http://www.dscf.or.kr/pages/main/index.html""]",false,false,false,true,false,true,true,true,true,true,2026-09-23 21:40:02.489194+00,,2026-09-24 02:00:17.21355+00,2026-09-24 02:00:17.21355+00,1
d590d61e-4dbb-5084-b6ef-e37e46412bb4,cc116256-a043-51f8-91f1-72852fc3dd25,FC004466,남원국악전용공연장 청아원,공공(문예회관),전북특별자치도 남원시 만인로 92 (향교동),,35.4221540,127.3859680,valid,KR,Asia/Seoul,,,2025,1,297,,"[""https://namwonart.cafe24.com/""]",false,false,false,false,false,true,true,true,true,false,2026-09-23 15:50:04.621818+00,,2026-09-16 06:14:28.979553+00,2026-09-24 02:01:39.338769+00,2
d59b0d4d-616e-52b3-9cec-37518b13b01a,cc116256-a043-51f8-91f1-72852fc3dd25,FC001262,성균소극장,민간(대학로),서울특별시 종로구 성균관로 12-3 (명륜2가),,37.5845012,126.9990943,valid,KR,Asia/Seoul,,,2006,1,180,02-747-5035,"[""http://sktheater.modoo.at/""]",false,false,false,false,false,false,false,false,false,false,2026-09-24 19:20:11.129128+00,,2026-09-16 06:14:28.979553+00,2026-09-25 03:53:58.236199+00,2
d6073ee1-80e5-516e-a9af-f962a1425bf2,cc116256-a043-51f8-91f1-72852fc3dd25,FC001839,문화공간 아이원,민간(대학로 외),서울특별시 금천구 시흥대로 167 (시흥동),,37.4488043,126.9024155,valid,KR,Asia/Seoul,,,2013,1,80,02-2246-0071,"[""http://www.ai1.or.kr/""]",false,true,false,false,false,true,false,false,false,false,2026-09-23 18:40:11.23574+00,,2026-09-24 02:00:17.21355+00,2026-09-24 02:00:17.21355+00,1
d64c9482-2099-529b-a555-5b65cad6c741,cc116256-a043-51f8-91f1-72852fc3dd25,FC003577,고양종합운동장,기타(비공연장),경기도 고양시 일산서구 중앙로 1601 (대화동),,37.6763871,126.7420729,valid,KR,Asia/Seoul,,,2003,4,51459,,[],false,false,false,false,false,false,false,false,false,false,2026-09-24 06:00:02.367602+00,,2026-09-25 02:50:17.102193+00,2026-09-25 02:50:17.102193+00,1
d6ab5760-87cd-5333-8287-490c4093b688,cc116256-a043-51f8-91f1-72852fc3dd25,FC000216,부평아트센터,공공(문예회관),인천광역시 부평구 아트센터로 166 (십정동),,37.4819229,126.7049151,valid,KR,Asia/Seoul,,,2010,3,1291,032-500-2000,"[""http://www.bpart.kr/""]",true,true,true,true,true,true,true,true,true,true,2026-09-24 16:20:12.995323+00,,2026-09-25 02:50:17.102193+00,2026-09-25 02:50:17.102193+00,1
d6b16c8c-55ba-5efd-a102-f1152df1cd75,cc116256-a043-51f8-91f1-72852fc3dd25,FC004620,아람북스 본사 [경기 광주],기타(비공연장),경기도 광주시 오포로171번길 17-73 (능평동),,37.3472710,127.1779830,valid,KR,Asia/Seoul,,,,1,20,,[],false,false,false,false,false,false,false,false,false,false,2026-09-24 01:00:07.397453+00,,2026-09-24 02:00:17.21355+00,2026-09-24 02:00:17.21355+00,1
d6d82896-4e3f-5c5c-a219-cfca1cda8ddc,cc116256-a043-51f8-91f1-72852fc3dd25,FC000244,진해문화센터 (진해구민회관),공공(문예회관),경상남도 창원시 진해구 진해대로 325 (태백동) 진해구민센터,,35.1691187,128.6596242,valid,KR,Asia/Seoul,,,1993,2,1359,055-719-7882,"[""https://www.cwcf.or.kr/rental/rental_jhcc.asp""]",false,false,false,false,false,true,true,true,true,true,2026-09-23 17:50:16.996444+00,,2026-09-16 06:14:28.979553+00,2026-09-24 02:01:39.338769+00,2
d6e815f8-111d-581a-af17-8d8abff54d8f,cc116256-a043-51f8-91f1-72852fc3dd25,FC004812,레드루즈씨어터,민간(대학로 외),서울특별시 강남구 학동로2길 56 (논현동),,37.5079650,127.0236090,valid,KR,Asia/Seoul,,,,1,40,,[],false,false,false,false,false,false,false,false,false,false,2026-09-24 04:00:11.078623+00,,2026-09-25 02:50:17.102193+00,2026-09-25 02:50:17.102193+00,1
d7a1ae29-cfb2-5ada-b44b-b9c2dae77b19,cc116256-a043-51f8-91f1-72852fc3dd25,FC004349,JS 아트홀 (JS ART HALL) [서울 양천],민간(대학로 외),서울특별시 양천구 등촌로 36 (목동),,37.5331993,126.8639849,valid,KR,Asia/Seoul,,,,1,,02-6734-4666,[],false,false,false,false,false,false,false,false,false,false,2026-09-24 03:00:08.504841+00,,2026-09-24 03:20:17.345552+00,2026-09-24 03:20:17.345552+00,1
d7ba8770-e48c-54a3-89bd-a19fda8e2a83,cc116256-a043-51f8-91f1-72852fc3dd25,FC000255,초콜릿팩토리,민간(대학로 외),부산광역시 남구 수영로 298 (대연동),,35.1365890,129.0990506,valid,KR,Asia/Seoul,,,2008,1,164,010-9071-1028,"[""http://blog.naver.com/chocolate-factory""]",false,false,false,false,false,true,false,false,false,false,2026-09-24 06:00:12.443801+00,,2026-09-16 06:14:28.979553+00,2026-09-25 03:53:58.236199+00,2
d7ccd92f-90b9-5359-bdb2-95cbd4b7035b,cc116256-a043-51f8-91f1-72852fc3dd25,FC002543,창작공간 기차,민간(대학로 외),대구광역시 남구 양지로 114 (대명동),,35.8514637,128.5798559,valid,KR,Asia/Seoul,,,2017,1,70,053-286-7879,[],false,false,false,false,false,false,false,false,false,false,2026-09-23 21:50:06.445381+00,,2026-09-24 02:00:17.21355+00,2026-09-24 02:00:17.21355+00,1
d87f7cb9-bfb6-5ed2-82b3-413723b005fe,cc116256-a043-51f8-91f1-72852fc3dd25,FC000783,구로아트밸리,공공(문예회관),서울특별시 구로구 가마산로25길 9-24 (구로동),,37.4965397,126.8889682,valid,KR,Asia/Seoul,,,2008,1,1124,02-2029-1700,"[""http://www.guroartsvalley.or.kr/""]",false,true,false,false,true,false,true,true,false,true,2026-09-24 03:40:14.937443+00,,2026-09-24 03:40:17.060409+00,2026-09-24 03:40:17.060409+00,1
d942cc55-3661-5e82-bec2-387527372e28,cc116256-a043-51f8-91f1-72852fc3dd25,FC002264,정선아리랑센터,공공(문예회관),강원도 정선군 정선읍 애산로 51,,37.3754322,128.6714877,valid,KR,Asia/Seoul,,,2016,1,612,033-560-3000,"[""http://www.jacf.or.kr/""]",false,true,false,false,false,true,false,false,false,false,2026-09-24 00:20:02.374839+00,,2026-09-16 06:14:28.979553+00,2026-09-24 02:01:39.338769+00,2
d945b8f1-f972-562b-af34-1be505a1fd80,cc116256-a043-51f8-91f1-72852fc3dd25,FC000868,성주문화예술회관,공공(문예회관),경상북도 성주군 성주읍 성산9길 45,,35.9183692,128.3013051,valid,KR,Asia/Seoul,,,2003,1,1002,054-933-6912,"[""http://www.scac.go.kr""]",false,true,false,true,false,true,true,true,true,false,2026-09-24 03:10:15.094429+00,,2026-09-24 03:20:17.345552+00,2026-09-24 03:20:17.345552+00,1
d95af30b-212d-5aba-8d41-24d5d7730ce7,cc116256-a043-51f8-91f1-72852fc3dd25,FC001594,KBS홀 [창원],공공(기타),경상남도 창원시 의창구 중앙대로 178 (신월동),,35.2292771,128.6857482,valid,KR,Asia/Seoul,,,1987,1,1807,055-280-7181,"[""https://changwon.kbs.co.kr/""]",false,false,false,false,false,true,false,false,false,false,2026-09-23 17:20:14.842085+00,,2026-09-24 02:00:17.21355+00,2026-09-24 02:00:17.21355+00,1
d982d91e-31eb-5b9d-978e-f6756fbb8f26,cc116256-a043-51f8-91f1-72852fc3dd25,FC000441,청양문예회관,공공(문예회관),충청남도 청양군 청양읍 문화예술로 187,,36.4562778,126.8004894,valid,KR,Asia/Seoul,,,2006,2,1089,041-940-2734,"[""http://art.cheongyang.go.kr/""]",false,false,false,false,false,true,true,true,true,true,2026-09-23 19:10:06.535372+00,,2026-09-24 02:00:17.21355+00,2026-09-24 02:00:17.21355+00,1
da0d5d4f-d9e8-5bbc-88d4-deea970612a2,cc116256-a043-51f8-91f1-72852fc3dd25,FC000833,예스24아트원(구.대학로아트원씨어터),민간(대학로),서울특별시 종로구 대학로12길 83 (동숭동),,37.5802316,127.0040004,valid,KR,Asia/Seoul,,,2009,3,851,02-762-0010,[],false,false,false,false,false,false,false,false,false,false,2026-09-23 20:50:16.042377+00,,2026-09-24 02:00:17.21355+00,2026-09-24 02:00:17.21355+00,1
da104a88-eb54-588e-a784-6f153f195294,cc116256-a043-51f8-91f1-72852fc3dd25,FC001217,성남아트리움 (구. 성남시민회관),공공(문예회관),경기도 성남시 수정구 수정로171번길 10,,37.4448723,127.1389070,valid,KR,Asia/Seoul,,,1981,2,863,031-735-1960,"[""http://www.snart.or.kr/web/cms/?MENUMST_ID=21536""]",true,true,true,true,true,true,true,true,true,true,2026-09-23 17:30:10.843297+00,,2026-09-16 06:14:28.979553+00,2026-09-24 02:01:39.338769+00,2
da465240-8758-5e24-8d6e-6c1c302bd88e,cc116256-a043-51f8-91f1-72852fc3dd25,FC003224,아트하우스,민간(대학로),서울특별시 종로구 대학로10길 26(동숭동),,37.5816067,127.0037204,valid,KR,Asia/Seoul,,,,1,212,,[],false,false,false,false,false,false,false,false,false,false,2026-09-24 06:00:04.005423+00,,2026-09-25 02:50:17.102193+00,2026-09-25 02:50:17.102193+00,1
daac4e9b-da9c-5d09-9c40-d2cbd69a8624,cc116256-a043-51f8-91f1-72852fc3dd25,FC000455,부안예술회관,공공(문예회관),전라북도 부안군 부안읍 예술회관길 11,,35.7243919,126.7253906,valid,KR,Asia/Seoul,,,2001,1,499,063-580-3929,[],false,false,false,false,false,true,false,false,false,false,2026-09-23 21:20:14.723491+00,,2026-09-16 06:14:28.979553+00,2026-09-24 02:01:39.338769+00,2
dadc21ab-21f0-55ff-8316-4dda1d00b141,cc116256-a043-51f8-91f1-72852fc3dd25,FC003399,부천소극장,민간(대학로 외),경기도 부천시 중동로254번길 87 (중동),,37.5019576,126.7739004,valid,KR,Asia/Seoul,,,,1,,,[],false,false,false,false,false,false,false,false,false,false,2026-09-24 15:30:13.286375+00,,2026-09-25 02:50:17.102193+00,2026-09-25 02:50:17.102193+00,1
db05db94-9f87-5a52-9f44-451681f79bf8,cc116256-a043-51f8-91f1-72852fc3dd25,FC001863,롯데백화점 문화홀 [평촌],민간(대학로 외),경기도 안양시 동안구 시민대로 180 (호계동),,37.3918595,126.9571155,valid,KR,Asia/Seoul,,,,1,420,031-8086-0728,"[""https://www.lotteshopping.com/branchShopGuide/floorGuideSub""]",true,true,false,false,true,true,true,false,false,false,2026-09-24 17:30:13.030807+00,,2026-09-25 02:50:17.102193+00,2026-09-25 02:50:17.102193+00,1
db46d00a-a9db-56c8-bc96-5d361b48038c,cc116256-a043-51f8-91f1-72852fc3dd25,FC000736,올래홀,민간(대학로),서울특별시 종로구 대학로10길 24 (동숭동),,37.5815685,127.0035399,valid,KR,Asia/Seoul,,,2005,1,172,00-1566-5588,[],false,false,false,false,false,false,false,false,false,false,2026-09-24 05:50:08.768526+00,,2026-09-25 02:50:17.102193+00,2026-09-25 02:50:17.102193+00,1
db52a1a2-93aa-593a-b191-2b3d8cc5f30d,cc116256-a043-51f8-91f1-72852fc3dd25,FC001603,아트포레스트 아트홀,민간(대학로),서울특별시 종로구 대학로12길 22 (동숭동),,37.5825141,127.0030633,valid,KR,Asia/Seoul,,,2016,2,367,02-3672-0900,[],false,false,false,false,false,false,false,false,false,false,2026-09-24 04:30:02.407303+00,,2026-09-25 02:50:17.102193+00,2026-09-25 02:50:17.102193+00,1
db95cb00-d310-5959-851d-aec745936309,cc116256-a043-51f8-91f1-72852fc3dd25,FC000806,틴틴홀,민간(대학로),서울특별시 종로구 대학로10길 24 (동숭동),,37.5815685,127.0035399,valid,KR,Asia/Seoul,,,2003,1,244,02-764-8760,[],false,false,false,false,false,false,false,false,false,false,2026-09-24 06:10:04.634487+00,,2026-09-25 02:50:17.102193+00,2026-09-25 02:50:17.102193+00,1
db985c21-b172-5266-95fc-a2adb2afd668,cc116256-a043-51f8-91f1-72852fc3dd25,FC004938,롯데시네마 에비뉴엘 [서울 중구],기타(비공연장),서울특별시 중구 남대문로 73 (남대문로2가),,37.5642000,126.9817200,valid,KR,Asia/Seoul,,,,1,,,"[""https://www.lottecinema.co.kr/NLCHS/Cinema/Detail?divisionCode=1&detailDivisionCode=1&cinemaID=1001""]",false,false,false,false,false,false,false,false,false,false,2026-09-24 03:30:13.593867+00,,2026-09-24 03:40:17.060409+00,2026-09-24 03:40:17.060409+00,1
dbafb77c-3b87-5a3e-92a0-6e02ed50babd,cc116256-a043-51f8-91f1-72852fc3dd25,FC000236,광주서구문화센터,공공(문예회관),전남광주통합특별시 서구 마재로 3 (금호동),,35.1307990,126.8602680,valid,KR,Asia/Seoul,,,2000,1,326,062-654-4300,"[""http://www.ymcakwangju.or.kr/""]",false,true,false,false,false,true,true,true,true,true,2026-09-23 22:20:10.288898+00,,2026-09-24 02:00:17.21355+00,2026-09-24 02:00:17.21355+00,1
dbe00aa3-0fe8-5b99-ada3-7b2b8b2cd2be,cc116256-a043-51f8-91f1-72852fc3dd25,FC004180,스튜디오 아르카나,민간(대학로 외),서울특별시 동작구 동작대로9길 72-12 (사당동),,37.4812333,126.9775754,valid,KR,Asia/Seoul,,,,1,6,,"[""https://onetablemagic.modoo.at/""]",false,false,false,false,false,false,false,false,false,false,2026-09-24 04:40:06.390885+00,,2026-09-16 06:14:28.979553+00,2026-09-25 03:53:58.236199+00,2
dbefe751-a1fe-5bed-af3a-8a169c1507c1,cc116256-a043-51f8-91f1-72852fc3dd25,FC001555,엘림아트센터,민간(대학로 외),인천광역시 서구 크리스탈로 78 (경서동),,37.5317983,126.6369530,valid,KR,Asia/Seoul,,,2016,4,488,032-289-4275,"[""http://elimartcenter.co.kr/""]",true,true,false,false,false,true,false,false,false,false,2026-09-24 00:00:08.525656+00,,2026-09-16 06:14:28.979553+00,2026-09-24 02:01:39.338769+00,2
dc3c9aa0-a44c-5e62-9200-26cef84c373d,cc116256-a043-51f8-91f1-72852fc3dd25,FC001931,다산아트홀,공공(문예회관),경기도 남양주시 다산중앙로 7 (다산동),,37.6140062,127.1553452,valid,KR,Asia/Seoul,,,2018,1,496,031-590-4358,"[""https://www.nyjcf.or.kr""]",false,true,false,false,false,true,true,false,false,false,2026-09-24 16:30:04.692459+00,,2026-09-25 02:50:17.102193+00,2026-09-25 02:50:17.102193+00,1
dc7564bf-d9fe-5537-b441-b08a4ae22b0c,cc116256-a043-51f8-91f1-72852fc3dd25,FC001234,기분좋은극장 [상무지구],민간(대학로 외),전남광주통합특별시 서구 상무중앙로 90 (치평동),,35.1548601,126.8489235,valid,KR,Asia/Seoul,,,2011,1,220,062-374-3304,"[""http://www.goplay.co.kr/""]",false,false,false,false,false,false,false,false,true,true,2026-09-24 17:10:14.908633+00,,2026-09-16 06:14:28.979553+00,2026-09-25 03:53:58.236199+00,2
dd1a46a5-197b-57b0-b92a-aa5d6f7e32a9,cc116256-a043-51f8-91f1-72852fc3dd25,FC000182,예술나눔 터,민간(대학로 외),충청북도 청주시 상당구 중앙로 30 (북문로2가),,36.6396741,127.4889074,valid,KR,Asia/Seoul,,,2003,1,106,00-1661-1178,"[""http://www.artnanum.com/main/main.php""]",false,false,false,true,false,true,false,false,false,true,2026-09-24 01:40:12.762413+00,,2026-09-24 02:00:17.21355+00,2026-09-24 02:00:17.21355+00,1
dd36658c-ebf1-5aa5-b845-95bf4586c326,cc116256-a043-51f8-91f1-72852fc3dd25,FC004129,TOUCH FIVE 전용관,민간(대학로 외),서울특별시 마포구 와우산로 76-1 (서교동),,37.5512740,126.9235668,valid,KR,Asia/Seoul,,,,1,,,[],false,false,false,false,false,false,false,false,false,false,2026-09-24 06:20:04.496717+00,,2026-09-25 02:50:17.102193+00,2026-09-25 02:50:17.102193+00,1
dd4ec93c-b7c0-5d37-99f8-d88055a854e9,cc116256-a043-51f8-91f1-72852fc3dd25,FC001249,더 씨어터,민간(대학로),서울특별시 종로구 대학로3길 10 (효제동) 고운빌딩,,37.5740036,127.0016449,valid,KR,Asia/Seoul,,,2011,1,96,02-743-3382,"[""http://cafe.daum.net/thetheatre""]",false,false,false,false,false,false,false,false,false,false,2026-09-23 17:50:10.717595+00,,2026-09-24 02:00:17.21355+00,2026-09-24 02:00:17.21355+00,1
dd9c3e7e-5909-5b71-9a82-370ab8e115bf,cc116256-a043-51f8-91f1-72852fc3dd25,FC004769,상상플레이스 전주이룸,민간(대학로 외),전북특별자치도 전주시 완산구 용머리로 36 (효자동1가),,35.8054530,127.1144040,valid,KR,Asia/Seoul,,,,1,,,[],false,false,false,false,false,false,false,false,false,false,2026-09-24 05:00:17.257529+00,,2026-09-16 06:14:28.979553+00,2026-09-25 03:53:58.236199+00,2
ddac39a9-3d68-55fc-bbb3-9005c3a26ba9,cc116256-a043-51f8-91f1-72852fc3dd25,FC000110,광주시문화예술의전당 (구. 남한산성아트홀),공공(문예회관),경기도 광주시 회안대로 891 (송정동),,37.4270408,127.2550750,valid,KR,Asia/Seoul,,,2011,2,1308,031-760-4466,"[""https://www.nsart.or.kr""]",true,true,true,false,false,true,true,true,true,true,2026-09-24 17:10:02.301746+00,,2026-09-25 02:50:17.102193+00,2026-09-25 02:50:17.102193+00,1
dddd1d8b-f871-5035-b6c0-412b255d492c,cc116256-a043-51f8-91f1-72852fc3dd25,FC004455,김인홀(KIMIN HALL),민간(대학로 외),대전광역시 유성구 북유성대로 93 (지족동),,36.3751740,127.3249790,valid,KR,Asia/Seoul,,,,1,,,"[""https://kiminhall.framer.website/""]",false,false,false,false,false,false,false,false,false,false,2026-09-23 20:10:06.676489+00,,2026-09-24 02:00:17.21355+00,2026-09-24 02:00:17.21355+00,1
de37de54-05f8-56b8-9f52-7f2facf844a8,cc116256-a043-51f8-91f1-72852fc3dd25,FC000091,양천문화회관,공공(문예회관),서울특별시 양천구 목동서로 367 (신정동),,37.5164555,126.8632321,valid,KR,Asia/Seoul,,,1998,3,1320,02-2646-5870,"[""http://www.yangcheon.go.kr/art/art/main.do""]",false,false,false,false,false,true,true,true,true,true,2026-09-24 18:30:17.314002+00,,2026-09-25 02:50:17.102193+00,2026-09-25 02:50:17.102193+00,1
de8bada4-84d7-5c41-92ec-9820375aff9e,cc116256-a043-51f8-91f1-72852fc3dd25,FC003855,송해아트홀,민간(대학로 외),서울특별시 구로구 경인로 611-17 (신도림동),,37.5069406,126.8835704,valid,KR,Asia/Seoul,,,2024,1,232,070-7790-0515,"[""http://songhae.kr/?page_id=2509""]",false,false,false,false,false,true,false,false,false,false,2026-09-24 18:40:10.873062+00,,2026-09-25 02:50:17.102193+00,2026-09-25 02:50:17.102193+00,1
dfe2de39-0e69-5563-9ea0-6a169836cae1,cc116256-a043-51f8-91f1-72852fc3dd25,FC002433,용인시평생학습관 (여성회관),공공(기타),경기도 용인시 수지구 문정로7번길 15 (풍덕천동),,37.3202647,127.0953462,valid,KR,Asia/Seoul,,,2004,2,761,00-1577-1122,"[""https://lll.yongin.go.kr/""]",false,false,false,false,false,true,true,true,true,true,2026-09-23 22:40:12.76568+00,,2026-09-24 02:00:17.21355+00,2026-09-24 02:00:17.21355+00,1
e0de2dff-15f9-5f21-a127-8739f3eec4fd,cc116256-a043-51f8-91f1-72852fc3dd25,FC001824,현대백화점 문화홀 [중동],민간(대학로 외),경기도 부천시 원미구 길주로 180 (중동),,37.5044810,126.7609520,valid,KR,Asia/Seoul,,,2003,1,500,032-623-3250,"[""http://www.ehyundai.com/newCulture/CW/CW000001_V.do""]",true,true,false,true,true,true,true,true,false,true,2026-09-24 04:50:12.521026+00,,2026-09-25 02:50:17.102193+00,2026-09-25 02:50:17.102193+00,1
e0e45612-f922-544f-a7ed-bbe2d6e7172d,cc116256-a043-51f8-91f1-72852fc3dd25,FC004958,언더그라운드 H,민간(대학로 외),서울특별시 마포구 월드컵북로 120 (성산동),,37.5639060,126.9133220,valid,KR,Asia/Seoul,,,,1,,,[],false,false,false,false,false,false,false,false,false,false,2026-09-24 00:50:01.95808+00,,2026-09-24 02:00:17.21355+00,2026-09-24 02:00:17.21355+00,1
e1d53e03-4487-5239-8c60-af856c8d4316,cc116256-a043-51f8-91f1-72852fc3dd25,FC003244,링크아트센터,민간(대학로),서울특별시 종로구 대학로14길 29(혜화동),,37.5846899,127.0022947,valid,KR,Asia/Seoul,,,2022,2,860,,[],false,false,false,false,false,false,false,false,false,false,2026-09-24 02:30:08.758231+00,,2026-09-24 03:20:17.345552+00,2026-09-24 03:20:17.345552+00,1
e286d2f4-22df-5a70-be1d-0eaee7386a9b,cc116256-a043-51f8-91f1-72852fc3dd25,FC002040,살롱 문보우,기타(비공연장),서울특별시 마포구 잔다리로 113 (서교동),,37.5570807,126.9137973,valid,KR,Asia/Seoul,,,2018,1,80,02-322-6406,"[""https://www.instagram.com/salon.moonbow/""]",true,true,false,false,false,true,false,false,false,false,2026-09-23 15:40:07.867199+00,,2026-09-24 02:00:17.21355+00,2026-09-24 02:00:17.21355+00,1
e2f07cba-2f90-5bcc-997c-34a748b1e761,cc116256-a043-51f8-91f1-72852fc3dd25,FC003987,송도 건원테크노큐브,민간(대학로 외),인천광역시 연수구 송도과학로16번길 13-18 (송도동),,37.3810207,126.6608134,valid,KR,Asia/Seoul,,,,2,80,,[],false,false,false,false,false,false,false,false,false,false,2026-09-23 22:10:12.447101+00,,2026-09-16 06:14:28.979553+00,2026-09-24 02:01:39.338769+00,2
e3387317-f39c-5ec4-a1fc-fa3409fd07c1,cc116256-a043-51f8-91f1-72852fc3dd25,FC001868,신영체임버홀,민간(대학로 외),서울특별시 영등포구 국제금융로8길 16 (여의도동),,37.5212571,126.9288713,valid,KR,Asia/Seoul,,,2018,1,80,02-2004-9592,"[""https://shinyoungchamberhall.modoo.at/?link=7xorn9he""]",false,false,false,false,false,true,false,false,false,false,2026-09-24 17:40:04.061724+00,,2026-09-25 02:50:17.102193+00,2026-09-25 02:50:17.102193+00,1
e3aa9408-856c-5423-9ce0-ffaa8ffd4b29,cc116256-a043-51f8-91f1-72852fc3dd25,FC005035,인천 서해구 청소년센터,공공(기타),인천광역시 서해구 원창로 92 (원창동),,37.5175590,126.6591000,valid,KR,Asia/Seoul,,,,1,216,,"[""https://www.issi.or.kr/sub/contents/default_page.asp?mNo=MD010040010""]",false,false,false,false,false,false,false,false,false,false,2026-09-24 01:20:10.608808+00,,2026-09-24 02:00:17.21355+00,2026-09-24 02:00:17.21355+00,1
e4291256-0da4-5b71-a75b-87a03d160a1a,cc116256-a043-51f8-91f1-72852fc3dd25,FC001100,도곡2문화센터,공공(기타),서울특별시 강남구 남부순환로378길 34-9 (도곡동),,37.4837128,127.0464374,valid,KR,Asia/Seoul,,,2010,1,138,02-2176-0743,[],false,false,false,false,false,true,true,true,true,true,2026-09-23 23:50:02.294815+00,,2026-09-24 02:00:17.21355+00,2026-09-24 02:00:17.21355+00,1
e4d84d07-27a8-5f3a-85f4-45c0ece65030,cc116256-a043-51f8-91f1-72852fc3dd25,FC003306,경기아트센터 경기국악원,민간(대학로 외),경기도 용인시 기흥구 민속촌로 89(보라동),,37.2594001,127.1136197,valid,KR,Asia/Seoul,,,2004,1,420,031-289-6400,[],false,false,false,true,false,true,true,false,false,false,2026-09-24 00:10:04.495873+00,,2026-09-16 06:14:28.979553+00,2026-09-24 02:01:39.338769+00,2
e5ed1df3-df11-5443-aec2-0aaf98d2742b,cc116256-a043-51f8-91f1-72852fc3dd25,FC001925,창원컨벤션센터,공공(기타),경상남도 창원시 성산구 원이대로 362 (대원동),,35.2384760,128.6571000,valid,KR,Asia/Seoul,,,2005,1,10400,055-212-1000,"[""http://www.ceco.co.kr/""]",true,true,true,false,true,true,true,true,true,true,2026-09-23 20:50:02.528294+00,,2026-09-24 02:00:17.21355+00,2026-09-24 02:00:17.21355+00,1
e65037ad-a189-5550-9d97-1325e7c7c6a6,cc116256-a043-51f8-91f1-72852fc3dd25,FC001701,경상남도문화예술회관,공공(문예회관),경상남도 진주시 강남로 215 (칠암동) 경남문화예술회관,,35.1872624,128.0917651,valid,KR,Asia/Seoul,,,1988,5,1528,00-1544-6711,"[""https://artcenter.gyeongnam.go.kr/main.do""]",false,false,false,false,false,true,true,false,false,false,2026-09-23 16:20:06.590602+00,,2026-09-24 02:00:17.21355+00,2026-09-24 02:00:17.21355+00,1
e657a93b-8dc0-554b-a71d-8756ca4e73ab,cc116256-a043-51f8-91f1-72852fc3dd25,FC000827,부산북구문화예술회관 (구.북구문화빙상센터),공공(문예회관),부산광역시 북구 금곡대로46번길 50 (덕천동),,35.2134491,129.0054681,valid,KR,Asia/Seoul,,,2005,1,341,051-309-4087,"[""http://culture-ice.bsbukgu.go.kr/index.bsbukgu""]",true,false,true,false,false,true,true,false,false,false,2026-09-24 19:10:13.093431+00,,2026-09-25 02:50:17.102193+00,2026-09-25 02:50:17.102193+00,1
e66eac85-ff20-5645-be46-f32f876b4c3e,cc116256-a043-51f8-91f1-72852fc3dd25,FC003387,아트홀 마당,민간(대학로 외),울산광역시 중구 성안1길 101(성안동),,35.5755364,129.3224548,valid,KR,Asia/Seoul,,,,1,124,070-4123-4666,"[""http://www.usmadang.co.kr/""]",false,false,false,false,false,false,false,false,false,false,2026-09-23 19:20:08.513139+00,,2026-09-16 06:14:28.979553+00,2026-09-24 02:01:39.338769+00,2
e692799a-d996-59b9-9479-4ebb421f97a5,cc116256-a043-51f8-91f1-72852fc3dd25,FC000755,철원군 화강문화센터,공공(문예회관),강원도 철원군 서면 약수로 3 화강문화센터,,38.2451525,127.4264543,valid,KR,Asia/Seoul,,,2010,1,348,033-450-5591,"[""https://hwagang.or.kr""]",true,false,false,true,false,true,true,true,false,true,2026-09-14 15:03:47+00,,2026-09-16 06:14:28.979553+00,2026-09-16 06:14:28.979553+00,1
e6a82a09-1469-5c2c-b378-cae3338944ab,cc116256-a043-51f8-91f1-72852fc3dd25,FC004866,소극장 성북오름,민간(대학로 외),서울특별시 성북구 동소문로15길 49 (동소문동6가),,37.5947260,127.0137550,valid,KR,Asia/Seoul,,,,1,101,,[],false,false,false,false,false,false,false,false,false,false,2026-09-24 18:40:17.26352+00,,2026-09-25 02:50:17.102193+00,2026-09-25 02:50:17.102193+00,1
e6b27591-75b4-520e-948b-6b236505297a,cc116256-a043-51f8-91f1-72852fc3dd25,FC000139,JTN 아트홀(구. 대학로예술마당),민간(대학로),서울특별시 종로구 이화장길 26 (이화동),,37.5767066,127.0037621,valid,KR,Asia/Seoul,,,2016,4,854,02-779-1595,"[""http://www.jtnarthall.com/""]",false,true,false,false,false,false,false,true,false,false,2026-09-24 04:30:06.436447+00,,2026-09-25 02:50:17.102193+00,2026-09-25 02:50:17.102193+00,1
e6f012bb-4cde-518c-8025-e0b6a4b466a1,cc116256-a043-51f8-91f1-72852fc3dd25,FC002770,성북미디어문화마루 꿈빛극장,공공(기타),서울특별시 성북구 길음로7길 20 (길음동),,37.6037552,127.0222037,valid,KR,Asia/Seoul,,,2021,1,323,02-6953-3201,[],false,false,false,false,false,false,false,false,false,false,2026-09-24 02:50:08.690836+00,,2026-09-24 03:20:17.345552+00,2026-09-24 03:20:17.345552+00,1
e6fd2ca5-75c1-5dad-aefe-5eec86848bb7,cc116256-a043-51f8-91f1-72852fc3dd25,FC000578,사천문화예술회관,공공(문예회관),경상남도 사천시 삼천포대교로 471 (동림동),,34.9399063,128.0750185,valid,KR,Asia/Seoul,,,2002,3,1010,055-831-2460,"[""https://www.sccf.or.kr/""]",false,true,false,false,false,true,true,true,false,false,2026-09-24 03:10:08.695465+00,,2026-09-16 06:14:28.979553+00,2026-09-24 03:25:06.778885+00,2
e79c5b5a-b66c-5eaa-a85d-6f11b5a6f3e4,cc116256-a043-51f8-91f1-72852fc3dd25,FC001590,현대백화점 문화홀 [킨텍스],민간(대학로 외),경기도 고양시 일산서구 호수로 817 (대화동),,37.6677307,126.7510438,valid,KR,Asia/Seoul,,,2011,1,540,031-822-2520,"[""http://www.ehyundai.com/newCulture/CW/CW000001_V.do""]",true,true,true,true,true,true,false,false,false,false,2026-09-23 22:10:10.306122+00,,2026-09-24 02:00:17.21355+00,2026-09-24 02:00:17.21355+00,1
e836efe9-6d27-56eb-a050-1bd66ab357c7,cc116256-a043-51f8-91f1-72852fc3dd25,FC001258,청주아트홀 (구. 청주시민회관),공공(문예회관),충청북도 청주시 서원구 예체로 118-1 (사직동),,36.6374278,127.4694055,valid,KR,Asia/Seoul,,,2013,1,710,043-201-2363,"[""http://www.cheongju.go.kr/ac/contents.do?key=16276""]",false,false,false,false,false,false,true,false,false,false,2026-09-24 02:10:07.0236+00,,2026-09-16 06:14:28.979553+00,2026-09-24 03:25:06.778885+00,2
e8bef8d6-f6d9-5c0b-983e-a3f88bf0d0d4,cc116256-a043-51f8-91f1-72852fc3dd25,FC003250,온양문화복지센터,공공(기타),울산광역시 울주군 온양읍 남창1길 13,,35.4195284,129.2813745,valid,KR,Asia/Seoul,,,,1,282,052-229-9550,"[""https://www.uljusiseol.or.kr/onyang/""]",false,false,false,false,false,true,true,false,true,false,2026-09-24 18:00:15.50039+00,,2026-09-25 02:50:17.102193+00,2026-09-25 02:50:17.102193+00,1
e9a30928-4d42-58ed-8ebc-a65bd885c062,cc116256-a043-51f8-91f1-72852fc3dd25,FC001514,전주학생교육문화관(전북교육문화회관),공공(기타),전라북도 전주시 덕진구 안덕원로 71 (진북동),,35.8291331,127.1378158,valid,KR,Asia/Seoul,,,1983,1,1162,063-270-1623,"[""https://lib.jbe.go.kr/jec/index.do""]",false,false,false,false,false,true,true,true,true,false,2026-09-24 02:50:14.994975+00,,2026-09-24 03:20:17.345552+00,2026-09-24 03:20:17.345552+00,1
e9e79a50-84da-5075-8b4c-dd0a0e55db51,cc116256-a043-51f8-91f1-72852fc3dd25,FC000849,광산문화예술회관,공공(문예회관),전남광주통합특별시 광산구 광산로68번길 13 (송정동),,35.1404404,126.7992925,valid,KR,Asia/Seoul,,,2002,1,500,062-960-8860,"[""http://art.gwangsan.go.kr/""]",false,false,false,false,false,true,false,false,false,false,2026-09-24 03:40:08.626664+00,,2026-09-24 03:40:17.060409+00,2026-09-24 03:40:17.060409+00,1
e9f15906-45f5-5d4a-9c92-bcec518a1b94,cc116256-a043-51f8-91f1-72852fc3dd25,FC003185,연남스페이스,민간(대학로 외),서울특별시 마포구 성미산로22길 16(연남동),,37.5621581,126.9208818,valid,KR,Asia/Seoul,,,,1,280,,[],false,false,false,false,false,false,false,false,false,false,2026-09-23 18:50:12.932819+00,,2026-09-24 02:00:17.21355+00,2026-09-24 02:00:17.21355+00,1
ea29a300-7031-5863-b3bb-1a32737336f0,cc116256-a043-51f8-91f1-72852fc3dd25,FC001459,플러스씨어터(구. 컬처스페이스 엔유),민간(대학로),서울특별시 종로구 대학로12길 73 (동숭동),,37.5807747,127.0039649,valid,KR,Asia/Seoul,,,2010,1,314,02-731-9199,[],false,false,false,false,false,false,false,false,false,false,2026-09-24 18:40:02.898407+00,,2026-09-25 02:50:17.102193+00,2026-09-25 02:50:17.102193+00,1
eb2b4064-1340-562d-a858-bffec592acb4,cc116256-a043-51f8-91f1-72852fc3dd25,FC000174,대전컨벤션센터 (DCC),공공(기타),대전광역시 유성구 엑스포로 107 (도룡동),,36.3749012,127.3916831,valid,KR,Asia/Seoul,,,2008,5,1737,042-869-1100,"[""http://www.dcckorea.or.kr/""]",true,true,true,false,false,true,true,false,false,false,2026-09-23 17:50:06.557514+00,,2026-09-24 02:00:17.21355+00,2026-09-24 02:00:17.21355+00,1
eb6e725e-b0d6-571c-8598-5011772b7396,cc116256-a043-51f8-91f1-72852fc3dd25,FC001424,놀터예술공방,민간(대학로),서울특별시 성북구 성북로2길 21 - 0 태고종선부암,,37.5894620,127.0070139,valid,KR,Asia/Seoul,,,2014,1,48,070-4790-6051,[],false,false,false,false,false,false,false,false,false,false,2026-09-24 01:00:10.908393+00,,2026-09-24 02:00:17.21355+00,2026-09-24 02:00:17.21355+00,1
eb882d85-c812-5a55-933b-1b360ea59242,cc116256-a043-51f8-91f1-72852fc3dd25,FC004355,서울문화예술교육센터 서초,민간(대학로 외),서울특별시 서초구 신반포로19길 6 (반포동),,37.5047177,126.9983081,valid,KR,Asia/Seoul,,,,1,241,02-3399-0777,"[""https://www.sfac.or.kr/artspace/artspace/seocho_main.do""]",false,false,false,false,false,false,false,false,false,false,2026-09-24 04:00:15.292828+00,,2026-09-25 02:50:17.102193+00,2026-09-25 02:50:17.102193+00,1
ebc4d959-4003-5ae8-861f-e79f1b90a606,cc116256-a043-51f8-91f1-72852fc3dd25,FC001226,극장 동국,민간(대학로),서울특별시 종로구 창경궁로 259,,37.5845149,127.0000258,valid,KR,Asia/Seoul,,,2014,1,82,02-747-5296,"[""https://www.facebook.com/PalyDongGuk""]",false,false,false,false,false,false,false,false,false,false,2026-09-24 16:20:10.894856+00,,2026-09-25 02:50:17.102193+00,2026-09-25 02:50:17.102193+00,1
ec1b0dd0-1a36-5ba5-a3bd-64ee05421e2f,cc116256-a043-51f8-91f1-72852fc3dd25,FC004849,얼터(alter),기타(비공연장),서울특별시 영등포구 경인로74길 6 (문래동1가),,37.5108430,126.8930750,valid,KR,Asia/Seoul,,,,1,,,[],false,false,false,false,false,false,false,false,false,false,2026-09-24 15:40:16.883555+00,,2026-09-25 02:50:17.102193+00,2026-09-25 02:50:17.102193+00,1
ed4227fd-6073-52d6-9881-8e717282ec53,cc116256-a043-51f8-91f1-72852fc3dd25,FC005076,옥주골 창작소,공공(기타),전남광주통합특별시 진도군 진도읍 옥주길 11,,34.4841970,126.2636750,valid,KR,Asia/Seoul,,,,1,,,[],false,false,false,false,false,false,false,false,false,false,2026-09-14 15:05:20+00,,2026-09-16 06:14:28.979553+00,2026-09-16 06:14:28.979553+00,1
edb878e3-3729-55fe-bfac-598c73e139a4,cc116256-a043-51f8-91f1-72852fc3dd25,FC001409,KT&G 상상마당 [춘천],민간(대학로 외),강원도 춘천시 스포츠타운길399번길 25 (삼천동),,37.8813153,127.7299707,valid,KR,Asia/Seoul,,,2014,6,1700,033-818-3200,"[""http://chuncheon.sangsangmadang.com/""]",false,false,false,false,false,true,false,false,false,false,2026-09-23 15:50:10.839343+00,,2026-09-16 06:14:28.979553+00,2026-09-24 02:01:39.338769+00,2
ede972d2-af63-529a-836b-574f2861f2cd,cc116256-a043-51f8-91f1-72852fc3dd25,FC004244,한국항공대학교,민간(대학로 외),경기도 고양시 덕양구 항공대학로 76 (화전동),,37.5990163,126.8641725,valid,KR,Asia/Seoul,,,,1,50,,[],false,false,false,false,false,false,false,false,false,false,2026-09-24 06:10:17.185271+00,,2026-09-25 02:50:17.102193+00,2026-09-25 02:50:17.102193+00,1
ee60f53c-713d-568c-bbac-162cb371b204,cc116256-a043-51f8-91f1-72852fc3dd25,FC002072,업스테이지 (UP Stage),민간(대학로),서울특별시 종로구 동숭길 41 (동숭동),,37.5801085,127.0042703,valid,KR,Asia/Seoul,,,,1,153,070-4792-8342,"[""https://www.spacecloud.kr/space/30147""]",false,false,false,false,false,false,false,false,false,false,2026-09-24 02:20:17.225155+00,,2026-09-24 03:20:17.345552+00,2026-09-24 03:20:17.345552+00,1
ee9e43dc-f4a7-5fee-9258-d4247491f2a4,cc116256-a043-51f8-91f1-72852fc3dd25,FC005075,blck 카페,민간(대학로 외),전남광주통합특별시 남구 백서로 50-1 (양림동),,35.1376400,126.9138550,valid,KR,Asia/Seoul,,,,1,30,,[],false,false,false,false,false,false,false,false,false,false,2026-09-23 19:20:16.987984+00,,2026-09-16 06:14:28.979553+00,2026-09-24 02:01:39.338769+00,2
ef5acc41-37c9-56cf-aeee-3c0e6bced1e1,cc116256-a043-51f8-91f1-72852fc3dd25,FC000194,경복궁아트홀,민간(대학로 외),서울특별시 종로구 자하문로 82 (효자동),,37.5833005,126.9706998,valid,KR,Asia/Seoul,,,2012,1,155,02-735-0506,"[""https://gbgarthall.modoo.at/""]",false,false,false,false,false,false,false,false,false,false,2026-09-24 03:00:14.806961+00,,2026-09-24 03:20:17.345552+00,2026-09-24 03:20:17.345552+00,1
efb47f09-1b97-588d-9a61-95fa05c62842,cc116256-a043-51f8-91f1-72852fc3dd25,FC000358,속초문화예술회관,공공(문예회관),강원도 속초시 번영로 155 (영랑동),,38.2127835,128.5886917,valid,KR,Asia/Seoul,,,1990,2,707,033-639-2080,[],false,false,false,false,false,true,false,false,false,false,2026-09-24 01:50:12.827178+00,,2026-09-24 02:00:17.21355+00,2026-09-24 02:00:17.21355+00,1
efd8474b-7c30-5362-a451-02d5ef3b6df7,cc116256-a043-51f8-91f1-72852fc3dd25,FC004991,탑스텐리조트동강시스타,민간(대학로 외),강원특별자치도 영월군 영월읍 사지막길 160,,37.2177610,128.5187420,valid,KR,Asia/Seoul,,,,1,200,,[],false,false,false,false,false,false,false,false,false,false,2026-09-24 05:10:14.8394+00,,2026-09-16 06:14:28.979553+00,2026-09-25 03:53:58.236199+00,2
f081b345-930e-550d-8034-06cbd7367fea,cc116256-a043-51f8-91f1-72852fc3dd25,FC004583,아지토 라이브 홀,민간(대학로 외),서울특별시 서대문구 신촌역로 13 (대현동),,37.5578040,126.9425830,valid,KR,Asia/Seoul,,,,1,,,"[""https://www.instagram.com/azito_livehall""]",false,false,false,false,false,false,false,false,false,false,2026-09-24 17:30:04.601679+00,,2026-09-25 02:50:17.102193+00,2026-09-25 02:50:17.102193+00,1
f0dab877-a33d-503b-a6ea-c26dea865883,cc116256-a043-51f8-91f1-72852fc3dd25,FC003382,울산광역시학생교육문화회관,공공(기타),울산광역시 중구 곽남길 95(약사동),,35.5736048,129.3382716,valid,KR,Asia/Seoul,,,,1,706,052-290-5600,"[""https://www.usecc.kr/index.do""]",false,true,false,false,false,true,false,false,false,false,2026-09-24 01:00:02.78042+00,,2026-09-16 06:14:28.979553+00,2026-09-24 02:01:39.338769+00,2
f1431ef8-32bc-575f-855b-9154926277b5,cc116256-a043-51f8-91f1-72852fc3dd25,FC000613,화성아트홀,공공(문예회관),경기도 화성시 태안로 145 (병점동),,37.2031308,127.0332321,valid,KR,Asia/Seoul,,,2008,1,678,031-8015-8153,"[""http://www.hswf.or.kr/unicenter/""]",true,true,false,false,true,true,true,false,false,false,2026-09-23 23:30:02.782632+00,,2026-09-24 02:00:17.21355+00,2026-09-24 02:00:17.21355+00,1
f1df1ce1-1e6f-501b-bb6b-89e11f71a32c,cc116256-a043-51f8-91f1-72852fc3dd25,FC001184,장수한누리전당,공공(문예회관),전라북도 장수군 장수읍 한누리로 393,,35.6410294,127.5180878,valid,KR,Asia/Seoul,,,2007,1,278,063-350-5542,[],true,true,true,false,false,true,true,true,true,true,2026-09-23 23:20:04.606506+00,,2026-09-24 02:00:17.21355+00,2026-09-24 02:00:17.21355+00,1
f1fa20ba-d11d-533a-824b-8b280f46eb51,cc116256-a043-51f8-91f1-72852fc3dd25,FC004605,피아올라홀(피아올라스튜디오),민간(대학로 외),경기도 오산시 역광장로83번길 3 (오산동),,37.1478730,127.0676020,valid,KR,Asia/Seoul,,,,1,,,"[""https://www.instagram.com/piaola_studio/""]",false,false,false,false,false,false,false,false,false,false,2026-09-24 18:10:08.502565+00,,2026-09-16 06:14:28.979553+00,2026-09-25 03:53:58.236199+00,2
f25f7b23-7673-5934-969e-97eefefe73ec,cc116256-a043-51f8-91f1-72852fc3dd25,FC001231,서귀포예술의전당,공공(문예회관),제주특별자치도 서귀포시 태평로 270 (서홍동),,33.2452306,126.5517526,valid,KR,Asia/Seoul,,,2014,3,1115,064-760-3341,"[""https://culture.seogwipo.go.kr/artcenter/index.htm""]",false,false,false,true,false,true,false,true,true,true,2026-09-23 20:30:11.041216+00,,2026-09-16 06:14:28.979553+00,2026-09-24 02:01:39.338769+00,2
f2ab54dc-de88-56f8-bf2f-b8055616c327,cc116256-a043-51f8-91f1-72852fc3dd25,FC001121,나인진홀 (구.청년극장),민간(대학로),서울특별시 종로구 동숭길 47 (동숭동),,37.5803040,127.0042440,valid,KR,Asia/Seoul,,,2010,4,285,070-4618-5632,[],false,false,false,false,false,false,false,false,false,false,2026-09-24 16:40:04.261085+00,,2026-09-25 02:50:17.102193+00,2026-09-25 02:50:17.102193+00,1
f45b7bf8-a277-5ad2-ab6f-a14f6a634c68,cc116256-a043-51f8-91f1-72852fc3dd25,FC002372,쌍벽루아트홀,공공(기타),경상남도 양산시 신기강변로 26 (신기동),,35.3501902,129.0339852,valid,KR,Asia/Seoul,,,2019,1,250,055-379-8560,"[""https://www.yssisul.or.kr/stms/art/complexIntro""]",false,false,false,false,false,true,true,false,false,true,2026-09-24 04:50:08.297618+00,,2026-09-16 06:14:28.979553+00,2026-09-25 03:53:58.236199+00,2
f498b5b1-bebb-5c59-9c83-6f0702a362a5,cc116256-a043-51f8-91f1-72852fc3dd25,FC004962,더같음,기타(비공연장),대구광역시 수성구 범안로 14 (범물동),,35.8169240,128.6386310,valid,KR,Asia/Seoul,,,,1,,,[],false,false,false,false,false,false,false,false,false,false,2026-09-24 19:30:11.16835+00,,2026-09-25 02:50:17.102193+00,2026-09-25 02:50:17.102193+00,1
f538acac-5673-5e8a-99b6-7971bd4d99b0,cc116256-a043-51f8-91f1-72852fc3dd25,FC000019,의정부예술의전당,공공(문예회관),경기도 의정부시 의정로 1 (의정부동),,37.7334125,127.0343678,valid,KR,Asia/Seoul,,,2001,2,1258,031-828-5841,"[""https://www.uac.or.kr/""]",false,true,false,true,false,true,true,false,true,true,2026-09-23 20:20:08.446255+00,,2026-09-24 02:00:17.21355+00,2026-09-24 02:00:17.21355+00,1
f55c19cf-e1c3-58b3-bfd5-8aeca3acb802,cc116256-a043-51f8-91f1-72852fc3dd25,FC004644,클래시카 서울,민간(대학로 외),서울특별시 서초구 반포대로30길 32 (서초동),,37.4918440,127.0103740,valid,KR,Asia/Seoul,,,,1,120,010-8138-9207,"[""https://classicaseoul.com/""]",false,false,false,false,false,false,false,false,false,false,2026-09-23 21:00:08.907976+00,,2026-09-24 02:00:17.21355+00,2026-09-24 02:00:17.21355+00,1
f566485b-a051-52b1-beea-c4b660de46a1,cc116256-a043-51f8-91f1-72852fc3dd25,FC000858,한울림소극장,민간(대학로 외),대구광역시 남구 계명중앙1길 35-1 (대명동),,35.8562230,128.5819651,valid,KR,Asia/Seoul,,,2008,1,90,053-246-2925,"[""http://www.hanwoollim.com/bbs/board.php?bo_table=notice&wr_id=8""]",false,false,false,false,false,false,false,false,false,false,2026-09-24 04:50:06.16949+00,,2026-09-16 06:14:28.979553+00,2026-09-25 03:53:58.236199+00,2
f5a541a6-4338-59d6-995f-95293cc74313,cc116256-a043-51f8-91f1-72852fc3dd25,FC000164,동래문화회관,공공(문예회관),부산광역시 동래구 문화로 80 (명륜동),,35.2120008,129.0903854,valid,KR,Asia/Seoul,,,1999,3,1831,051-550-6611,"[""http://www.dongnae.go.kr/culture/index.dongnae?menuCd=DOM_000000605001000000""]",false,true,false,false,false,true,true,false,true,true,2026-09-23 20:30:02.751933+00,,2026-09-24 02:00:17.21355+00,2026-09-24 02:00:17.21355+00,1
f5eef996-53c1-5395-9a17-7b69e29074ef,cc116256-a043-51f8-91f1-72852fc3dd25,FC000567,꿈의숲아트센터,공공(기타),서울특별시 강북구 월계로 173 (번동),,37.6214312,127.0406246,valid,KR,Asia/Seoul,,,2009,4,584,02-2289-5401,"[""http://www.dfac.or.kr/main/main.asp""]",true,true,true,false,false,true,true,true,true,true,2026-09-23 15:40:16.105133+00,,2026-09-24 02:00:17.21355+00,2026-09-24 02:00:17.21355+00,1
f6a3a8c7-27e3-588b-bb74-bb8ffdb48eb9,cc116256-a043-51f8-91f1-72852fc3dd25,FC000394,봄내극장,민간(대학로 외),강원도 춘천시 서부대성로 71 (옥천동),,37.8824701,127.7313330,valid,KR,Asia/Seoul,,,2003,1,95,010-7273-8047,"[""http://citf.or.kr/""]",false,false,false,false,false,true,false,false,false,false,2026-09-24 01:50:17.028486+00,,2026-09-24 02:00:17.21355+00,2026-09-24 02:00:17.21355+00,1
f7001259-0ac7-5aa3-80cb-2b0a4aabd4a8,cc116256-a043-51f8-91f1-72852fc3dd25,FC005070,코브하우스,기타(비공연장),서울특별시 마포구 와우산로 39-15 (상수동),,37.5480420,126.9221460,valid,KR,Asia/Seoul,,,,1,,,"[""https://www.instagram.com/covehouseseoul?igsh=MTJja3dsem92MWgyeA%3D%3D""]",false,false,false,false,false,false,false,false,false,false,2026-09-23 21:50:08.51361+00,,2026-09-24 02:00:17.21355+00,2026-09-24 02:00:17.21355+00,1
f7504d3f-868a-5380-a74c-f520b88ee146,cc116256-a043-51f8-91f1-72852fc3dd25,FC003921,소다아트홀,민간(대학로 외),"경기도 김포시 김포한강9로75번길 180 (구래동, 두원타워)",,37.6449162,126.6244803,valid,KR,Asia/Seoul,,,,1,,,[],false,false,false,false,false,false,false,false,false,false,2026-09-23 20:30:04.756354+00,,2026-09-24 02:00:17.21355+00,2026-09-24 02:00:17.21355+00,1
f796340e-4a3f-5d08-8941-de457bc8f86f,cc116256-a043-51f8-91f1-72852fc3dd25,FC002305,비오케이아트센터(BOK아트센터),민간(대학로 외),세종특별자치시 국책연구원3로 12 (반곡동),,36.4922533,127.3032718,valid,KR,Asia/Seoul,,,2019,2,220,044-868-3956,"[""http://www.bokartcenter.co.kr""]",true,true,true,true,true,true,true,true,false,true,2026-09-23 20:50:12.584834+00,,2026-09-16 06:14:28.979553+00,2026-09-24 02:01:39.338769+00,2
f7c55654-e180-514c-b527-164cfebfa2de,cc116256-a043-51f8-91f1-72852fc3dd25,FC004098,든해소극장 (구. 모모씨어터),민간(대학로),서울특별시 종로구 성균관로 15-8 (명륜3가),,37.5839742,126.9972423,valid,KR,Asia/Seoul,,,2023,1,,,[],false,false,false,false,false,false,false,false,false,false,2026-09-24 17:50:04.093613+00,,2026-09-25 02:50:17.102193+00,2026-09-25 02:50:17.102193+00,1
f83cf0e7-57b2-5ac4-8fe6-7f2b14546b99,cc116256-a043-51f8-91f1-72852fc3dd25,FC004751,아트센터 림,민간(대학로 외),서울특별시 종로구 율곡로3길 77 (소격동),,37.5790870,126.9820330,valid,KR,Asia/Seoul,,,2025,1,120,,"[""https://artcenterlim.co.kr/""]",false,false,false,false,false,false,false,false,false,false,2026-09-24 05:10:02.123494+00,,2026-09-25 02:50:17.102193+00,2026-09-25 02:50:17.102193+00,1
f8490841-5f9d-5696-835e-d044a3a02b2b,cc116256-a043-51f8-91f1-72852fc3dd25,FC002641,서소문성지 역사박물관,기타(비공연장),서울특별시 중구 칠패로 5 (의주로2가),,37.5605679,126.9688672,valid,KR,Asia/Seoul,,,,1,,02-3147-2401,"[""https://www.seosomun.org/index.do#5thPage""]",false,false,false,false,false,true,false,false,false,false,2026-09-23 23:50:04.17477+00,,2026-09-24 02:00:17.21355+00,2026-09-24 02:00:17.21355+00,1
f8573629-78c5-5f1f-8e47-2df9e782a3f7,cc116256-a043-51f8-91f1-72852fc3dd25,FC000537,안동문화예술의전당,공공(문예회관),경상북도 안동시 축제장길 66 (안흥동),,36.5595259,128.7256906,valid,KR,Asia/Seoul,,,2010,4,1270,054-840-3600,"[""http://andongart.go.kr/""]",false,true,true,true,false,true,true,true,true,false,2026-09-23 20:50:10.469062+00,,2026-09-16 06:14:28.979553+00,2026-09-24 02:01:39.338769+00,2
f85edd07-f601-5593-9d2f-81aa9eb8d39e,cc116256-a043-51f8-91f1-72852fc3dd25,FC000447,군산예술의전당,공공(문예회관),전라북도 군산시 백토로 203 (지곡동),,35.9608078,126.7068398,valid,KR,Asia/Seoul,,,2013,4,1650,063-454-5520,"[""http://arts.gunsan.go.kr/index.gunsan""]",false,true,false,true,false,true,true,false,false,false,2026-09-24 00:50:12.414951+00,,2026-09-16 06:14:28.979553+00,2026-09-24 02:01:39.338769+00,2
f88aedd4-08b3-5826-b61d-05ef345223e0,cc116256-a043-51f8-91f1-72852fc3dd25,FC000167,부산문화회관,공공(문예회관),부산광역시 남구 유엔평화로76번길 1 (대연동),,35.1272750,129.0936139,valid,KR,Asia/Seoul,,,1988,6,2966,051-607-6000,"[""http://culture.busan.go.kr/Main.bs""]",false,false,false,true,true,true,true,true,true,true,2026-09-24 17:10:08.52548+00,,2026-09-16 06:14:28.979553+00,2026-09-25 03:53:58.236199+00,2
f88ee946-87fb-51fb-8b4e-1f8b28e3b455,cc116256-a043-51f8-91f1-72852fc3dd25,FC001256,포항시청 대잠홀,공공(문예회관),경상북도 포항시 남구 시청로 1 (대잠동),,36.0191816,129.3432983,valid,KR,Asia/Seoul,,,2007,1,597,054-270-8282,[],false,false,false,false,true,true,true,true,false,true,2026-09-24 17:40:08.318485+00,,2026-09-16 06:14:28.979553+00,2026-09-25 03:53:58.236199+00,2
f8f93c61-22db-558b-9edd-56abeaa48331,cc116256-a043-51f8-91f1-72852fc3dd25,FC000241,의령군민문화회관,공공(문예회관),경상남도 의령군 의령읍 의병로24길 31-1,,35.3176895,128.2648350,valid,KR,Asia/Seoul,,,1993,1,354,055-570-4922,"[""http://culture.uiryeong.go.kr/""]",false,false,false,false,false,true,true,true,true,false,2026-09-24 15:50:13.290044+00,,2026-09-25 02:50:17.102193+00,2026-09-25 02:50:17.102193+00,1
f9104fe3-b928-5ddd-b302-fd93ad6c70f1,cc116256-a043-51f8-91f1-72852fc3dd25,FC002905,김영오 아트센터,민간(대학로 외),전라북도 전주시 완산구 홍산북로 23-9(효자동2가),,35.8181480,127.1042953,valid,KR,Asia/Seoul,,,,1,190,063-227-8287,"[""https://blog.naver.com/kyoartcenter""]",false,false,false,false,false,true,false,false,false,false,2026-09-24 02:30:06.81078+00,,2026-09-24 03:20:17.345552+00,2026-09-24 03:20:17.345552+00,1
f9b7f31a-dbe2-5a7d-bd5c-9e3329411b5e,cc116256-a043-51f8-91f1-72852fc3dd25,FC001125,국립정동극장 세실 (구.세실극장),국립,서울특별시 중구 세종대로19길 16 (정동),,37.5667701,126.9760823,valid,KR,Asia/Seoul,,,1976,1,234,02-765-7500,"[""https://www.jeongdong.or.kr/portal/main/main.do""]",false,false,false,false,false,false,false,false,false,false,2026-09-24 01:40:10.585398+00,,2026-09-24 02:00:17.21355+00,2026-09-24 02:00:17.21355+00,1
f9e92d9b-e0dc-5646-b433-d038ad2d93f1,cc116256-a043-51f8-91f1-72852fc3dd25,FC000939,덕진예술회관,공공(문예회관),전라북도 전주시 덕진구 권삼득로 407 (덕진동2가),,35.8479121,127.1196415,valid,KR,Asia/Seoul,,,1999,1,486,063-254-4354,[],false,false,false,false,false,true,false,false,false,false,2026-09-23 17:30:06.750611+00,,2026-09-16 06:14:28.979553+00,2026-09-24 02:01:39.338769+00,2
fa0aabb3-6f96-5cb2-a1fa-a4d4003f09fe,cc116256-a043-51f8-91f1-72852fc3dd25,FC000360,라이브 썸데이즈홀 (구. 이수ENT),민간(대학로),서울특별시 종로구 대학로12길 10 지하1층,,37.5824997,127.0026331,valid,KR,Asia/Seoul,,,2011,2,350,00-1661-3124,[],false,false,false,false,false,false,false,false,false,false,2026-09-23 20:40:08.780224+00,,2026-09-24 02:00:17.21355+00,2026-09-24 02:00:17.21355+00,1
faefad90-60a1-5ca7-a669-f5ce9e509629,cc116256-a043-51f8-91f1-72852fc3dd25,FC004076,entry55 [성수],민간(대학로 외),서울특별시 성동구 성수일로8길 60 (성수동2가),,37.5448753,127.0568179,valid,KR,Asia/Seoul,,,,1,,,[],false,false,false,false,false,false,false,false,false,false,2026-09-24 04:30:12.773192+00,,2026-09-25 02:50:17.102193+00,2026-09-25 02:50:17.102193+00,1
fafa1a51-d182-5198-a737-769ada888dc6,cc116256-a043-51f8-91f1-72852fc3dd25,FC001239,계명아트센터,민간(대학로 외),대구광역시 달서구 달구벌대로 1095 - 0 계명대학교,,35.8570982,128.4871470,valid,KR,Asia/Seoul,,,2008,1,1954,053-580-6600,"[""http://www.kmuartcenter.kr/index.html""]",false,false,false,false,false,true,true,false,false,false,2026-09-24 16:00:17.124158+00,,2026-09-25 02:50:17.102193+00,2026-09-25 02:50:17.102193+00,1
fb654673-6f5f-54cd-8447-6fccb2141153,cc116256-a043-51f8-91f1-72852fc3dd25,FC000884,산청문화예술회관,공공(문예회관),경상남도 산청군 금서면 친환경로2631번길 12,,35.4200512,127.8730599,valid,KR,Asia/Seoul,,,2006,2,653,055-970-6481,"[""https://www.sancheong.go.kr/www/contents.do?key=232""]",false,false,false,false,false,true,true,true,true,true,2026-09-24 19:20:09.000369+00,,2026-09-25 02:50:17.102193+00,2026-09-25 02:50:17.102193+00,1
fb822273-196d-5d08-b8f4-d2359bbf3d59,cc116256-a043-51f8-91f1-72852fc3dd25,FC002181,소극장 울림터 (극단 메카네),민간(대학로 외),경기도 수원시 팔달구 정조로 767-4 (팔달로3가) 지환빌딩 4층,,37.2766728,127.0163970,valid,KR,Asia/Seoul,,,2017,1,80,031-243-5147,"[""https://cafe.naver.com/machanetheater2013""]",false,false,false,false,false,false,false,false,false,false,2026-09-24 19:20:15.354328+00,,2026-09-25 02:50:17.102193+00,2026-09-25 02:50:17.102193+00,1
fb9e96ba-dcb0-5e8a-ad20-12608f96b49e,cc116256-a043-51f8-91f1-72852fc3dd25,FC001675,밀양아리랑아트센터,공공(문예회관),경상남도 밀양시 밀양대공원로 112 (교동),,35.5036034,128.7583247,valid,KR,Asia/Seoul,,,2016,2,1001,055-359-4500,"[""https://www.mycf.or.kr/main/""]",false,false,true,true,true,true,true,true,true,false,2026-09-23 22:20:08.16065+00,,2026-09-16 06:14:28.979553+00,2026-09-24 02:01:39.338769+00,2
fc103fe4-2f50-52c0-ba20-d10d4a7ace08,cc116256-a043-51f8-91f1-72852fc3dd25,FC002254,소극장 연극바보들,민간(대학로 외),강원도 춘천시 서부대성로239번길 7 (효자동),,37.8733467,127.7448361,valid,KR,Asia/Seoul,,,2019,1,74,010-4610-8343,"[""http://scmooha.com/""]",true,false,false,false,false,false,false,false,false,false,2026-09-23 20:10:17.158505+00,,2026-09-24 02:00:17.21355+00,2026-09-24 02:00:17.21355+00,1
fc7a5517-c0de-5be2-9582-9fb0799b6808,cc116256-a043-51f8-91f1-72852fc3dd25,FC004757,애월뮤직팩토리,민간(대학로 외),제주특별자치도 제주시 애월읍 엄수로 63,,33.4702900,126.3811110,valid,KR,Asia/Seoul,,,,2,111,,"[""https://www.aewolmusicfactory.com/""]",false,false,false,false,false,true,true,false,true,false,2026-09-24 19:30:17.448782+00,,2026-09-25 02:50:17.102193+00,2026-09-25 02:50:17.102193+00,1
fca63d5f-7de9-566c-a314-cb30d6c8455c,cc116256-a043-51f8-91f1-72852fc3dd25,FC000472,우송예술회관,민간(대학로 외),대전광역시 동구 동대전로 171 (자양동),,36.3345291,127.4528331,valid,KR,Asia/Seoul,,,1992,1,1189,042-629-6363,"[""https://woosongart.wsu.ac.kr:444/main/index.jsp""]",false,false,false,false,false,true,true,true,false,false,2026-09-23 20:00:06.798153+00,,2026-09-24 02:00:17.21355+00,2026-09-24 02:00:17.21355+00,1
fcafb219-358a-5692-9019-b2df52dd964e,cc116256-a043-51f8-91f1-72852fc3dd25,FC001994,더 줌 아트센터,민간(대학로 외),서울특별시 용산구 독서당로 111 (한남동),,37.5369721,127.0094906,valid,KR,Asia/Seoul,,,2013,1,128,02-790-6792,"[""http://thezoom.kr/index.php""]",false,false,false,false,false,false,false,false,false,false,2026-09-23 17:20:04.395036+00,,2026-09-24 02:00:17.21355+00,2026-09-24 02:00:17.21355+00,1
fcb53b78-b633-540e-a2f5-9b58fa332a77,cc116256-a043-51f8-91f1-72852fc3dd25,FC004589,대학로 스타릿홀,민간(대학로),서울특별시 종로구 대학로8가길 111 (동숭동),,37.5809650,127.0034900,valid,KR,Asia/Seoul,,,,2,234,,[],false,false,false,false,false,false,false,false,false,false,2026-09-24 05:50:10.962982+00,,2026-09-25 02:50:17.102193+00,2026-09-25 02:50:17.102193+00,1
fcd3b6bf-160a-5e21-9a70-2d76cfbcffbd,cc116256-a043-51f8-91f1-72852fc3dd25,FC000794,세우아트센터,민간(대학로),서울특별시 종로구 대학로12길 49 (동숭동),,37.5819127,127.0039690,valid,KR,Asia/Seoul,,,2002,2,262,070-7542-5089,[],false,false,false,false,false,false,false,false,false,false,2026-09-24 06:10:12.95167+00,,2026-09-25 02:50:17.102193+00,2026-09-25 02:50:17.102193+00,1
fd01bd7c-fc1d-5365-9072-2c6e25266acd,cc116256-a043-51f8-91f1-72852fc3dd25,FC000680,춘천인형극장,공공(문예회관),강원도 춘천시 영서로 3017 (사농동),,37.9210964,127.7199971,valid,KR,Asia/Seoul,,,2001,9,1458,033-242-8450,"[""http://www.cccf.or.kr/designer/skin/cafacility/puppetmain.html""]",false,true,false,false,false,true,true,true,true,false,2026-09-23 17:40:16.585556+00,,2026-09-16 06:14:28.979553+00,2026-09-24 02:01:39.338769+00,2
fd76f135-a928-5337-bc9d-03ba146efc8c,cc116256-a043-51f8-91f1-72852fc3dd25,FC000008,국립중앙박물관 극장 용,국립,서울특별시 용산구 서빙고로 137 (용산동6가),,37.5234203,126.9799399,valid,KR,Asia/Seoul,,,2005,1,805,00-1544-5955,"[""http://www.theateryong.or.kr""]",true,true,false,false,true,true,true,true,true,true,2026-09-23 16:20:15.026407+00,,2026-09-24 02:00:17.21355+00,2026-09-24 02:00:17.21355+00,1
fd883863-0577-53e9-8fad-7d95e3aa158f,cc116256-a043-51f8-91f1-72852fc3dd25,FC000751,영월군문화예술회관,공공(문예회관),강원도 영월군 영월읍 단종로 24,,37.1859101,128.4684903,valid,KR,Asia/Seoul,,,1993,1,394,033-375-6353,"[""http://www.ywcf.or.kr/bbs/board.php?bo_table=sub2_1_1&wr_id=1""]",false,false,false,false,false,true,true,false,false,false,2026-09-23 17:00:02.707806+00,,2026-09-24 02:00:17.21355+00,2026-09-24 02:00:17.21355+00,1
fd8e163e-65d6-5b7e-9298-8b4dd7fb476d,cc116256-a043-51f8-91f1-72852fc3dd25,FC000082,CJ아지트 광흥창,민간(대학로 외),서울특별시 마포구 창전로 14 (신정동) CJ아지트,,37.5442311,126.9304470,valid,KR,Asia/Seoul,,,2009,1,250,02-3272-2616,"[""https://www.cjazit.org/cjazit/1st""]",false,false,false,false,false,false,false,true,false,false,2026-09-23 21:40:14.820089+00,,2026-09-24 02:00:17.21355+00,2026-09-24 02:00:17.21355+00,1
fdef6bb1-9d4c-5a2d-bc98-ec0feea77414,cc116256-a043-51f8-91f1-72852fc3dd25,FC001721,다누림센터,민간(대학로 외),부산광역시 사상구 가야대로196번길 51 (학장동),,35.1498558,129.0004961,valid,KR,Asia/Seoul,,,2012,1,210,051-316-9111,"[""http://www.sasangculture.or.kr/""]",false,false,false,false,false,true,true,true,true,true,2026-09-24 01:10:02.263689+00,,2026-09-16 06:14:28.979553+00,2026-09-24 02:01:39.338769+00,2
fe110577-d8a3-5a34-ac89-d75927b14bba,cc116256-a043-51f8-91f1-72852fc3dd25,FC004787,서울문화예술교육센터 강북,민간(대학로 외),서울특별시 강북구 솔샘로48길 14 (미아동),,37.6195500,127.0176070,valid,KR,Asia/Seoul,,,,1,10,02-2105-2319,[],false,false,false,false,false,false,false,false,false,false,2026-09-23 21:30:03.529443+00,,2026-09-16 06:14:28.979553+00,2026-09-24 02:01:39.338769+00,2
fe864a77-3b3b-5410-823b-0457306d5e68,cc116256-a043-51f8-91f1-72852fc3dd25,FC001684,구석으로부터,민간(대학로 외),대전광역시 동구 중앙로203번길 88-1 (정동),,36.3342270,127.4291021,valid,KR,Asia/Seoul,,,2016,1,20,010-6412-2870,"[""http://blog.naver.com/onthecorner2016""]",false,false,false,false,false,false,false,false,false,false,2026-09-24 16:10:02.663332+00,,2026-09-25 02:50:17.102193+00,2026-09-25 02:50:17.102193+00,1
fec191ca-b342-5d20-9351-56c06674cbe7,cc116256-a043-51f8-91f1-72852fc3dd25,FC001899,광주여자대학교,공공(기타),전남광주통합특별시 광산구 광주여대길 45 (산정동),,35.1639360,126.7975210,valid,KR,Asia/Seoul,,,2015,2,8337,062-950-3631,"[""https://www.kwu.ac.kr/index.do""]",true,true,true,false,false,true,true,false,false,false,2026-09-23 18:00:17.564122+00,,2026-09-24 02:00:17.21355+00,2026-09-24 02:00:17.21355+00,1
ff879452-3a33-5c77-8328-058c07b4923e,cc116256-a043-51f8-91f1-72852fc3dd25,FC001193,대구콘서트하우스,공공(문예회관),대구광역시 중구 태평로 141 (태평로2가),,35.8760471,128.5938445,valid,KR,Asia/Seoul,,,1975,3,2192,053-250-1400,"[""https://daeguconcerthouse.or.kr/""]",false,true,false,false,true,true,true,true,true,true,2026-09-23 18:10:04.552616+00,,2026-09-16 06:14:28.979553+00,2026-09-24 02:01:39.338769+00,2
ffaa3c90-f6b6-5500-925c-2ed344cd0960,cc116256-a043-51f8-91f1-72852fc3dd25,FC003682,명륜아트홀,민간(대학로),서울특별시 종로구 성균관로 48-2 (명륜1가),,37.5868080,126.9967585,valid,KR,Asia/Seoul,,,,1,119,,[],false,false,false,false,false,false,false,false,false,false,2026-09-24 18:10:16.98443+00,,2026-09-25 02:50:17.102193+00,2026-09-25 02:50:17.102193+00,1